ISO-10303-21;
HEADER;
FILE_DESCRIPTION(('FreeCAD Model'),'2;1');
FILE_NAME('Open CASCADE Shape Model','2026-10-09T13:18:00',('FreeCAD'),(
    'FreeCAD'),'Open CASCADE STEP processor 7.8','FreeCAD','Unknown');
FILE_SCHEMA(('AUTOMOTIVE_DESIGN { 1 0 10303 214 1 1 1 1 }'));
ENDSEC;
DATA;
#1 = APPLICATION_PROTOCOL_DEFINITION('international standard',
  'automotive_design',2000,#2);
#2 = APPLICATION_CONTEXT(
  'core data for automotive mechanical design processes');
#3 = SHAPE_DEFINITION_REPRESENTATION(#4,#10);
#4 = PRODUCT_DEFINITION_SHAPE('','',#5);
#5 = PRODUCT_DEFINITION('design','',#6,#9);
#6 = PRODUCT_DEFINITION_FORMATION('','',#7);
#7 = PRODUCT('Open CASCADE STEP translator 7.8 4',
  'Open CASCADE STEP translator 7.8 4','',(#8));
#8 = PRODUCT_CONTEXT('',#2,'mechanical');
#9 = PRODUCT_DEFINITION_CONTEXT('part definition',#2,'design');
#10 = SHAPE_REPRESENTATION('',(#11,#15,#865,#1715,#1976,#2237,#2498,
    #2759,#3020,#3281,#3536,#3791,#4046,#4301,#4556),#4811);
#11 = AXIS2_PLACEMENT_3D('',#12,#13,#14);
#12 = CARTESIAN_POINT('',(0.,0.,0.));
#13 = DIRECTION('',(0.,0.,1.));
#14 = DIRECTION('',(1.,0.,-0.));
#15 = MANIFOLD_SOLID_BREP('',#16);
#16 = CLOSED_SHELL('',(#17,#50,#169,#342,#383,#424,#465,#506,#548,#572,
    #596,#613,#654,#695,#788,#798,#808,#818,#828,#844,#855));
#17 = ADVANCED_FACE('',(#18),#45,.T.);
#18 = FACE_BOUND('',#19,.F.);
#19 = EDGE_LOOP('',(#20,#30,#37,#38));
#20 = ORIENTED_EDGE('',*,*,#21,.T.);
#21 = EDGE_CURVE('',#22,#24,#26,.T.);
#22 = VERTEX_POINT('',#23);
#23 = CARTESIAN_POINT('',(70.,-1.714505518806E-14,0.));
#24 = VERTEX_POINT('',#25);
#25 = CARTESIAN_POINT('',(70.,-1.714505518806E-14,18.));
#26 = LINE('',#27,#28);
#27 = CARTESIAN_POINT('',(70.,-1.714505518806E-14,0.));
#28 = VECTOR('',#29,1.);
#29 = DIRECTION('',(0.,0.,1.));
#30 = ORIENTED_EDGE('',*,*,#31,.T.);
#31 = EDGE_CURVE('',#24,#24,#32,.T.);
#32 = CIRCLE('',#33,70.);
#33 = AXIS2_PLACEMENT_3D('',#34,#35,#36);
#34 = CARTESIAN_POINT('',(0.,0.,18.));
#35 = DIRECTION('',(0.,0.,1.));
#36 = DIRECTION('',(1.,0.,0.));
#37 = ORIENTED_EDGE('',*,*,#21,.F.);
#38 = ORIENTED_EDGE('',*,*,#39,.F.);
#39 = EDGE_CURVE('',#22,#22,#40,.T.);
#40 = CIRCLE('',#41,70.);
#41 = AXIS2_PLACEMENT_3D('',#42,#43,#44);
#42 = CARTESIAN_POINT('',(0.,0.,0.));
#43 = DIRECTION('',(0.,0.,1.));
#44 = DIRECTION('',(1.,0.,0.));
#45 = CYLINDRICAL_SURFACE('',#46,70.);
#46 = AXIS2_PLACEMENT_3D('',#47,#48,#49);
#47 = CARTESIAN_POINT('',(0.,0.,0.));
#48 = DIRECTION('',(-0.,-0.,-1.));
#49 = DIRECTION('',(1.,0.,0.));
#50 = ADVANCED_FACE('',(#51,#54,#65,#76,#87,#98,#142,#153),#164,.F.);
#51 = FACE_BOUND('',#52,.F.);
#52 = EDGE_LOOP('',(#53));
#53 = ORIENTED_EDGE('',*,*,#39,.T.);
#54 = FACE_BOUND('',#55,.F.);
#55 = EDGE_LOOP('',(#56));
#56 = ORIENTED_EDGE('',*,*,#57,.T.);
#57 = EDGE_CURVE('',#58,#58,#60,.T.);
#58 = VERTEX_POINT('',#59);
#59 = CARTESIAN_POINT('',(-25.25,-43.73428289111,0.));
#60 = CIRCLE('',#61,5.5);
#61 = AXIS2_PLACEMENT_3D('',#62,#63,#64);
#62 = CARTESIAN_POINT('',(-22.5,-38.9711431703,0.));
#63 = DIRECTION('',(0.,0.,-1.));
#64 = DIRECTION('',(-0.5,-0.866025403784,-0.));
#65 = FACE_BOUND('',#66,.F.);
#66 = EDGE_LOOP('',(#67));
#67 = ORIENTED_EDGE('',*,*,#68,.T.);
#68 = EDGE_CURVE('',#69,#69,#71,.T.);
#69 = VERTEX_POINT('',#70);
#70 = CARTESIAN_POINT('',(25.25,-43.73428289111,0.));
#71 = CIRCLE('',#72,5.5);
#72 = AXIS2_PLACEMENT_3D('',#73,#74,#75);
#73 = CARTESIAN_POINT('',(22.5,-38.9711431703,0.));
#74 = DIRECTION('',(0.,-0.,-1.));
#75 = DIRECTION('',(0.5,-0.866025403784,0.));
#76 = FACE_BOUND('',#77,.F.);
#77 = EDGE_LOOP('',(#78));
#78 = ORIENTED_EDGE('',*,*,#79,.T.);
#79 = EDGE_CURVE('',#80,#80,#82,.T.);
#80 = VERTEX_POINT('',#81);
#81 = CARTESIAN_POINT('',(-50.5,7.531577814756E-15,0.));
#82 = CIRCLE('',#83,5.5);
#83 = AXIS2_PLACEMENT_3D('',#84,#85,#86);
#84 = CARTESIAN_POINT('',(-45.,5.510910596163E-15,0.));
#85 = DIRECTION('',(0.,0.,-1.));
#86 = DIRECTION('',(-1.,1.224646799147E-16,0.));
#87 = FACE_BOUND('',#88,.F.);
#88 = EDGE_LOOP('',(#89));
#89 = ORIENTED_EDGE('',*,*,#90,.T.);
#90 = EDGE_CURVE('',#91,#91,#93,.T.);
#91 = VERTEX_POINT('',#92);
#92 = CARTESIAN_POINT('',(-25.25,43.734282891114,0.));
#93 = CIRCLE('',#94,5.5);
#94 = AXIS2_PLACEMENT_3D('',#95,#96,#97);
#95 = CARTESIAN_POINT('',(-22.5,38.9711431703,0.));
#96 = DIRECTION('',(0.,0.,-1.));
#97 = DIRECTION('',(-0.5,0.866025403784,0.));
#98 = FACE_BOUND('',#99,.F.);
#99 = EDGE_LOOP('',(#100,#111,#120,#128,#136));
#100 = ORIENTED_EDGE('',*,*,#101,.T.);
#101 = EDGE_CURVE('',#102,#104,#106,.T.);
#102 = VERTEX_POINT('',#103);
#103 = CARTESIAN_POINT('',(6.,19.078784028339,0.));
#104 = VERTEX_POINT('',#105);
#105 = CARTESIAN_POINT('',(20.,-4.898587196589E-15,0.));
#106 = CIRCLE('',#107,20.);
#107 = AXIS2_PLACEMENT_3D('',#108,#109,#110);
#108 = CARTESIAN_POINT('',(0.,0.,0.));
#109 = DIRECTION('',(0.,0.,-1.));
#110 = DIRECTION('',(1.,0.,0.));
#111 = ORIENTED_EDGE('',*,*,#112,.T.);
#112 = EDGE_CURVE('',#104,#113,#115,.T.);
#113 = VERTEX_POINT('',#114);
#114 = CARTESIAN_POINT('',(-6.,19.078784028339,0.));
#115 = CIRCLE('',#116,20.);
#116 = AXIS2_PLACEMENT_3D('',#117,#118,#119);
#117 = CARTESIAN_POINT('',(0.,0.,0.));
#118 = DIRECTION('',(0.,0.,-1.));
#119 = DIRECTION('',(1.,0.,0.));
#120 = ORIENTED_EDGE('',*,*,#121,.T.);
#121 = EDGE_CURVE('',#113,#122,#124,.T.);
#122 = VERTEX_POINT('',#123);
#123 = CARTESIAN_POINT('',(-6.,23.3,0.));
#124 = LINE('',#125,#126);
#125 = CARTESIAN_POINT('',(-6.,0.,0.));
#126 = VECTOR('',#127,1.);
#127 = DIRECTION('',(0.,1.,0.));
#128 = ORIENTED_EDGE('',*,*,#129,.F.);
#129 = EDGE_CURVE('',#130,#122,#132,.T.);
#130 = VERTEX_POINT('',#131);
#131 = CARTESIAN_POINT('',(6.,23.3,0.));
#132 = LINE('',#133,#134);
#133 = CARTESIAN_POINT('',(-3.,23.3,0.));
#134 = VECTOR('',#135,1.);
#135 = DIRECTION('',(-1.,0.,0.));
#136 = ORIENTED_EDGE('',*,*,#137,.F.);
#137 = EDGE_CURVE('',#102,#130,#138,.T.);
#138 = LINE('',#139,#140);
#139 = CARTESIAN_POINT('',(6.,0.,0.));
#140 = VECTOR('',#141,1.);
#141 = DIRECTION('',(0.,1.,0.));
#142 = FACE_BOUND('',#143,.F.);
#143 = EDGE_LOOP('',(#144));
#144 = ORIENTED_EDGE('',*,*,#145,.T.);
#145 = EDGE_CURVE('',#146,#146,#148,.T.);
#146 = VERTEX_POINT('',#147);
#147 = CARTESIAN_POINT('',(50.5,-1.347111479062E-15,0.));
#148 = CIRCLE('',#149,5.5);
#149 = AXIS2_PLACEMENT_3D('',#150,#151,#152);
#150 = CARTESIAN_POINT('',(45.,0.,0.));
#151 = DIRECTION('',(0.,0.,-1.));
#152 = DIRECTION('',(1.,0.,0.));
#153 = FACE_BOUND('',#154,.F.);
#154 = EDGE_LOOP('',(#155));
#155 = ORIENTED_EDGE('',*,*,#156,.T.);
#156 = EDGE_CURVE('',#157,#157,#159,.T.);
#157 = VERTEX_POINT('',#158);
#158 = CARTESIAN_POINT('',(25.25,43.734282891114,0.));
#159 = CIRCLE('',#160,5.5);
#160 = AXIS2_PLACEMENT_3D('',#161,#162,#163);
#161 = CARTESIAN_POINT('',(22.5,38.9711431703,0.));
#162 = DIRECTION('',(0.,0.,-1.));
#163 = DIRECTION('',(0.5,0.866025403784,0.));
#164 = PLANE('',#165);
#165 = AXIS2_PLACEMENT_3D('',#166,#167,#168);
#166 = CARTESIAN_POINT('',(0.,0.,0.));
#167 = DIRECTION('',(0.,0.,1.));
#168 = DIRECTION('',(1.,0.,0.));
#169 = ADVANCED_FACE('',(#170,#173),#337,.T.);
#170 = FACE_BOUND('',#171,.T.);
#171 = EDGE_LOOP('',(#172));
#172 = ORIENTED_EDGE('',*,*,#31,.T.);
#173 = FACE_BOUND('',#174,.T.);
#174 = EDGE_LOOP('',(#175,#186,#195,#204,#213,#222,#231,#240,#249,#258,
    #267,#276,#285,#294,#303,#312,#321,#330));
#175 = ORIENTED_EDGE('',*,*,#176,.F.);
#176 = EDGE_CURVE('',#177,#179,#181,.T.);
#177 = VERTEX_POINT('',#178);
#178 = CARTESIAN_POINT('',(39.941666666667,2.15945916583,18.));
#179 = VERTEX_POINT('',#180);
#180 = CARTESIAN_POINT('',(21.840979829378,33.510768419908,18.));
#181 = CIRCLE('',#182,40.);
#182 = AXIS2_PLACEMENT_3D('',#183,#184,#185);
#183 = CARTESIAN_POINT('',(0.,0.,18.));
#184 = DIRECTION('',(0.,0.,1.));
#185 = DIRECTION('',(1.,0.,0.));
#186 = ORIENTED_EDGE('',*,*,#187,.T.);
#187 = EDGE_CURVE('',#177,#188,#190,.T.);
#188 = VERTEX_POINT('',#189);
#189 = CARTESIAN_POINT('',(50.5,-1.347111479062E-15,18.));
#190 = CIRCLE('',#191,5.5);
#191 = AXIS2_PLACEMENT_3D('',#192,#193,#194);
#192 = CARTESIAN_POINT('',(45.,0.,18.));
#193 = DIRECTION('',(0.,0.,-1.));
#194 = DIRECTION('',(1.,0.,0.));
#195 = ORIENTED_EDGE('',*,*,#196,.T.);
#196 = EDGE_CURVE('',#188,#197,#199,.T.);
#197 = VERTEX_POINT('',#198);
#198 = CARTESIAN_POINT('',(39.941666666667,-2.15945916583,18.));
#199 = CIRCLE('',#200,5.5);
#200 = AXIS2_PLACEMENT_3D('',#201,#202,#203);
#201 = CARTESIAN_POINT('',(45.,0.,18.));
#202 = DIRECTION('',(0.,0.,-1.));
#203 = DIRECTION('',(1.,0.,0.));
#204 = ORIENTED_EDGE('',*,*,#205,.F.);
#205 = EDGE_CURVE('',#206,#197,#208,.T.);
#206 = VERTEX_POINT('',#207);
#207 = CARTESIAN_POINT('',(21.840979829378,-33.5107684199,18.));
#208 = CIRCLE('',#209,40.);
#209 = AXIS2_PLACEMENT_3D('',#210,#211,#212);
#210 = CARTESIAN_POINT('',(0.,0.,18.));
#211 = DIRECTION('',(0.,0.,1.));
#212 = DIRECTION('',(1.,0.,0.));
#213 = ORIENTED_EDGE('',*,*,#214,.T.);
#214 = EDGE_CURVE('',#206,#215,#217,.T.);
#215 = VERTEX_POINT('',#216);
#216 = CARTESIAN_POINT('',(25.25,-43.73428289111,18.));
#217 = CIRCLE('',#218,5.5);
#218 = AXIS2_PLACEMENT_3D('',#219,#220,#221);
#219 = CARTESIAN_POINT('',(22.5,-38.9711431703,18.));
#220 = DIRECTION('',(0.,-0.,-1.));
#221 = DIRECTION('',(0.5,-0.866025403784,0.));
#222 = ORIENTED_EDGE('',*,*,#223,.T.);
#223 = EDGE_CURVE('',#215,#224,#226,.T.);
#224 = VERTEX_POINT('',#225);
#225 = CARTESIAN_POINT('',(18.100686837289,-35.67022758573,18.));
#226 = CIRCLE('',#227,5.5);
#227 = AXIS2_PLACEMENT_3D('',#228,#229,#230);
#228 = CARTESIAN_POINT('',(22.5,-38.9711431703,18.));
#229 = DIRECTION('',(0.,-0.,-1.));
#230 = DIRECTION('',(0.5,-0.866025403784,0.));
#231 = ORIENTED_EDGE('',*,*,#232,.F.);
#232 = EDGE_CURVE('',#233,#224,#235,.T.);
#233 = VERTEX_POINT('',#234);
#234 = CARTESIAN_POINT('',(-18.10068683728,-35.67022758573,18.));
#235 = CIRCLE('',#236,40.);
#236 = AXIS2_PLACEMENT_3D('',#237,#238,#239);
#237 = CARTESIAN_POINT('',(0.,0.,18.));
#238 = DIRECTION('',(0.,0.,1.));
#239 = DIRECTION('',(1.,0.,0.));
#240 = ORIENTED_EDGE('',*,*,#241,.T.);
#241 = EDGE_CURVE('',#233,#242,#244,.T.);
#242 = VERTEX_POINT('',#243);
#243 = CARTESIAN_POINT('',(-25.25,-43.73428289111,18.));
#244 = CIRCLE('',#245,5.5);
#245 = AXIS2_PLACEMENT_3D('',#246,#247,#248);
#246 = CARTESIAN_POINT('',(-22.5,-38.9711431703,18.));
#247 = DIRECTION('',(0.,0.,-1.));
#248 = DIRECTION('',(-0.5,-0.866025403784,-0.));
#249 = ORIENTED_EDGE('',*,*,#250,.T.);
#250 = EDGE_CURVE('',#242,#251,#253,.T.);
#251 = VERTEX_POINT('',#252);
#252 = CARTESIAN_POINT('',(-21.84097982937,-33.5107684199,18.));
#253 = CIRCLE('',#254,5.5);
#254 = AXIS2_PLACEMENT_3D('',#255,#256,#257);
#255 = CARTESIAN_POINT('',(-22.5,-38.9711431703,18.));
#256 = DIRECTION('',(0.,0.,-1.));
#257 = DIRECTION('',(-0.5,-0.866025403784,-0.));
#258 = ORIENTED_EDGE('',*,*,#259,.F.);
#259 = EDGE_CURVE('',#260,#251,#262,.T.);
#260 = VERTEX_POINT('',#261);
#261 = CARTESIAN_POINT('',(-39.94166666666,-2.15945916583,18.));
#262 = CIRCLE('',#263,40.);
#263 = AXIS2_PLACEMENT_3D('',#264,#265,#266);
#264 = CARTESIAN_POINT('',(0.,0.,18.));
#265 = DIRECTION('',(0.,0.,1.));
#266 = DIRECTION('',(1.,0.,0.));
#267 = ORIENTED_EDGE('',*,*,#268,.T.);
#268 = EDGE_CURVE('',#260,#269,#271,.T.);
#269 = VERTEX_POINT('',#270);
#270 = CARTESIAN_POINT('',(-50.5,7.531577814756E-15,18.));
#271 = CIRCLE('',#272,5.5);
#272 = AXIS2_PLACEMENT_3D('',#273,#274,#275);
#273 = CARTESIAN_POINT('',(-45.,5.510910596163E-15,18.));
#274 = DIRECTION('',(0.,0.,-1.));
#275 = DIRECTION('',(-1.,1.224646799147E-16,0.));
#276 = ORIENTED_EDGE('',*,*,#277,.T.);
#277 = EDGE_CURVE('',#269,#278,#280,.T.);
#278 = VERTEX_POINT('',#279);
#279 = CARTESIAN_POINT('',(-39.94166666666,2.15945916583,18.));
#280 = CIRCLE('',#281,5.5);
#281 = AXIS2_PLACEMENT_3D('',#282,#283,#284);
#282 = CARTESIAN_POINT('',(-45.,5.510910596163E-15,18.));
#283 = DIRECTION('',(0.,0.,-1.));
#284 = DIRECTION('',(-1.,1.224646799147E-16,0.));
#285 = ORIENTED_EDGE('',*,*,#286,.F.);
#286 = EDGE_CURVE('',#287,#278,#289,.T.);
#287 = VERTEX_POINT('',#288);
#288 = CARTESIAN_POINT('',(-21.84097982937,33.510768419908,18.));
#289 = CIRCLE('',#290,40.);
#290 = AXIS2_PLACEMENT_3D('',#291,#292,#293);
#291 = CARTESIAN_POINT('',(0.,0.,18.));
#292 = DIRECTION('',(0.,0.,1.));
#293 = DIRECTION('',(1.,0.,0.));
#294 = ORIENTED_EDGE('',*,*,#295,.T.);
#295 = EDGE_CURVE('',#287,#296,#298,.T.);
#296 = VERTEX_POINT('',#297);
#297 = CARTESIAN_POINT('',(-25.25,43.734282891114,18.));
#298 = CIRCLE('',#299,5.5);
#299 = AXIS2_PLACEMENT_3D('',#300,#301,#302);
#300 = CARTESIAN_POINT('',(-22.5,38.9711431703,18.));
#301 = DIRECTION('',(0.,0.,-1.));
#302 = DIRECTION('',(-0.5,0.866025403784,0.));
#303 = ORIENTED_EDGE('',*,*,#304,.T.);
#304 = EDGE_CURVE('',#296,#305,#307,.T.);
#305 = VERTEX_POINT('',#306);
#306 = CARTESIAN_POINT('',(-18.10068683728,35.670227585739,18.));
#307 = CIRCLE('',#308,5.5);
#308 = AXIS2_PLACEMENT_3D('',#309,#310,#311);
#309 = CARTESIAN_POINT('',(-22.5,38.9711431703,18.));
#310 = DIRECTION('',(0.,0.,-1.));
#311 = DIRECTION('',(-0.5,0.866025403784,0.));
#312 = ORIENTED_EDGE('',*,*,#313,.F.);
#313 = EDGE_CURVE('',#314,#305,#316,.T.);
#314 = VERTEX_POINT('',#315);
#315 = CARTESIAN_POINT('',(18.100686837289,35.670227585739,18.));
#316 = CIRCLE('',#317,40.);
#317 = AXIS2_PLACEMENT_3D('',#318,#319,#320);
#318 = CARTESIAN_POINT('',(0.,0.,18.));
#319 = DIRECTION('',(0.,0.,1.));
#320 = DIRECTION('',(1.,0.,0.));
#321 = ORIENTED_EDGE('',*,*,#322,.T.);
#322 = EDGE_CURVE('',#314,#323,#325,.T.);
#323 = VERTEX_POINT('',#324);
#324 = CARTESIAN_POINT('',(25.25,43.734282891114,18.));
#325 = CIRCLE('',#326,5.5);
#326 = AXIS2_PLACEMENT_3D('',#327,#328,#329);
#327 = CARTESIAN_POINT('',(22.5,38.9711431703,18.));
#328 = DIRECTION('',(0.,0.,-1.));
#329 = DIRECTION('',(0.5,0.866025403784,0.));
#330 = ORIENTED_EDGE('',*,*,#331,.T.);
#331 = EDGE_CURVE('',#323,#179,#332,.T.);
#332 = CIRCLE('',#333,5.5);
#333 = AXIS2_PLACEMENT_3D('',#334,#335,#336);
#334 = CARTESIAN_POINT('',(22.5,38.9711431703,18.));
#335 = DIRECTION('',(0.,0.,-1.));
#336 = DIRECTION('',(0.5,0.866025403784,0.));
#337 = PLANE('',#338);
#338 = AXIS2_PLACEMENT_3D('',#339,#340,#341);
#339 = CARTESIAN_POINT('',(0.,0.,18.));
#340 = DIRECTION('',(0.,0.,1.));
#341 = DIRECTION('',(1.,0.,0.));
#342 = ADVANCED_FACE('',(#343),#378,.F.);
#343 = FACE_BOUND('',#344,.T.);
#344 = EDGE_LOOP('',(#345,#346,#352,#353,#361,#370,#376,#377));
#345 = ORIENTED_EDGE('',*,*,#57,.T.);
#346 = ORIENTED_EDGE('',*,*,#347,.T.);
#347 = EDGE_CURVE('',#58,#242,#348,.T.);
#348 = LINE('',#349,#350);
#349 = CARTESIAN_POINT('',(-25.25,-43.73428289111,-1.));
#350 = VECTOR('',#351,1.);
#351 = DIRECTION('',(0.,0.,1.));
#352 = ORIENTED_EDGE('',*,*,#241,.F.);
#353 = ORIENTED_EDGE('',*,*,#354,.F.);
#354 = EDGE_CURVE('',#355,#233,#357,.T.);
#355 = VERTEX_POINT('',#356);
#356 = CARTESIAN_POINT('',(-18.10068683728,-35.67022758573,19.));
#357 = LINE('',#358,#359);
#358 = CARTESIAN_POINT('',(-18.10068683728,-35.67022758573,18.));
#359 = VECTOR('',#360,1.);
#360 = DIRECTION('',(-0.,-0.,-1.));
#361 = ORIENTED_EDGE('',*,*,#362,.T.);
#362 = EDGE_CURVE('',#355,#363,#365,.T.);
#363 = VERTEX_POINT('',#364);
#364 = CARTESIAN_POINT('',(-21.84097982937,-33.5107684199,19.));
#365 = CIRCLE('',#366,5.5);
#366 = AXIS2_PLACEMENT_3D('',#367,#368,#369);
#367 = CARTESIAN_POINT('',(-22.5,-38.9711431703,19.));
#368 = DIRECTION('',(0.,0.,1.));
#369 = DIRECTION('',(-0.5,-0.866025403784,0.));
#370 = ORIENTED_EDGE('',*,*,#371,.T.);
#371 = EDGE_CURVE('',#363,#251,#372,.T.);
#372 = LINE('',#373,#374);
#373 = CARTESIAN_POINT('',(-21.84097982937,-33.5107684199,18.));
#374 = VECTOR('',#375,1.);
#375 = DIRECTION('',(-0.,-0.,-1.));
#376 = ORIENTED_EDGE('',*,*,#250,.F.);
#377 = ORIENTED_EDGE('',*,*,#347,.F.);
#378 = CYLINDRICAL_SURFACE('',#379,5.5);
#379 = AXIS2_PLACEMENT_3D('',#380,#381,#382);
#380 = CARTESIAN_POINT('',(-22.5,-38.9711431703,-1.));
#381 = DIRECTION('',(0.,0.,-1.));
#382 = DIRECTION('',(-0.5,-0.866025403784,0.));
#383 = ADVANCED_FACE('',(#384),#419,.F.);
#384 = FACE_BOUND('',#385,.T.);
#385 = EDGE_LOOP('',(#386,#387,#393,#394,#402,#411,#417,#418));
#386 = ORIENTED_EDGE('',*,*,#68,.T.);
#387 = ORIENTED_EDGE('',*,*,#388,.T.);
#388 = EDGE_CURVE('',#69,#215,#389,.T.);
#389 = LINE('',#390,#391);
#390 = CARTESIAN_POINT('',(25.25,-43.73428289111,-1.));
#391 = VECTOR('',#392,1.);
#392 = DIRECTION('',(0.,0.,1.));
#393 = ORIENTED_EDGE('',*,*,#214,.F.);
#394 = ORIENTED_EDGE('',*,*,#395,.F.);
#395 = EDGE_CURVE('',#396,#206,#398,.T.);
#396 = VERTEX_POINT('',#397);
#397 = CARTESIAN_POINT('',(21.840979829378,-33.5107684199,19.));
#398 = LINE('',#399,#400);
#399 = CARTESIAN_POINT('',(21.840979829378,-33.5107684199,18.));
#400 = VECTOR('',#401,1.);
#401 = DIRECTION('',(-0.,-0.,-1.));
#402 = ORIENTED_EDGE('',*,*,#403,.T.);
#403 = EDGE_CURVE('',#396,#404,#406,.T.);
#404 = VERTEX_POINT('',#405);
#405 = CARTESIAN_POINT('',(18.100686837289,-35.67022758573,19.));
#406 = CIRCLE('',#407,5.5);
#407 = AXIS2_PLACEMENT_3D('',#408,#409,#410);
#408 = CARTESIAN_POINT('',(22.5,-38.9711431703,19.));
#409 = DIRECTION('',(-0.,0.,1.));
#410 = DIRECTION('',(0.5,-0.866025403784,0.));
#411 = ORIENTED_EDGE('',*,*,#412,.T.);
#412 = EDGE_CURVE('',#404,#224,#413,.T.);
#413 = LINE('',#414,#415);
#414 = CARTESIAN_POINT('',(18.100686837289,-35.67022758573,18.));
#415 = VECTOR('',#416,1.);
#416 = DIRECTION('',(-0.,-0.,-1.));
#417 = ORIENTED_EDGE('',*,*,#223,.F.);
#418 = ORIENTED_EDGE('',*,*,#388,.F.);
#419 = CYLINDRICAL_SURFACE('',#420,5.5);
#420 = AXIS2_PLACEMENT_3D('',#421,#422,#423);
#421 = CARTESIAN_POINT('',(22.5,-38.9711431703,-1.));
#422 = DIRECTION('',(-0.,0.,-1.));
#423 = DIRECTION('',(0.5,-0.866025403784,0.));
#424 = ADVANCED_FACE('',(#425),#460,.F.);
#425 = FACE_BOUND('',#426,.T.);
#426 = EDGE_LOOP('',(#427,#428,#434,#435,#443,#452,#458,#459));
#427 = ORIENTED_EDGE('',*,*,#79,.T.);
#428 = ORIENTED_EDGE('',*,*,#429,.T.);
#429 = EDGE_CURVE('',#80,#269,#430,.T.);
#430 = LINE('',#431,#432);
#431 = CARTESIAN_POINT('',(-50.5,7.531577814756E-15,-1.));
#432 = VECTOR('',#433,1.);
#433 = DIRECTION('',(0.,0.,1.));
#434 = ORIENTED_EDGE('',*,*,#268,.F.);
#435 = ORIENTED_EDGE('',*,*,#436,.F.);
#436 = EDGE_CURVE('',#437,#260,#439,.T.);
#437 = VERTEX_POINT('',#438);
#438 = CARTESIAN_POINT('',(-39.94166666666,-2.15945916583,19.));
#439 = LINE('',#440,#441);
#440 = CARTESIAN_POINT('',(-39.94166666666,-2.15945916583,18.));
#441 = VECTOR('',#442,1.);
#442 = DIRECTION('',(-0.,-0.,-1.));
#443 = ORIENTED_EDGE('',*,*,#444,.T.);
#444 = EDGE_CURVE('',#437,#445,#447,.T.);
#445 = VERTEX_POINT('',#446);
#446 = CARTESIAN_POINT('',(-39.94166666666,2.15945916583,19.));
#447 = CIRCLE('',#448,5.5);
#448 = AXIS2_PLACEMENT_3D('',#449,#450,#451);
#449 = CARTESIAN_POINT('',(-45.,5.510910596163E-15,19.));
#450 = DIRECTION('',(0.,0.,1.));
#451 = DIRECTION('',(-1.,1.224646799147E-16,0.));
#452 = ORIENTED_EDGE('',*,*,#453,.T.);
#453 = EDGE_CURVE('',#445,#278,#454,.T.);
#454 = LINE('',#455,#456);
#455 = CARTESIAN_POINT('',(-39.94166666666,2.15945916583,18.));
#456 = VECTOR('',#457,1.);
#457 = DIRECTION('',(-0.,-0.,-1.));
#458 = ORIENTED_EDGE('',*,*,#277,.F.);
#459 = ORIENTED_EDGE('',*,*,#429,.F.);
#460 = CYLINDRICAL_SURFACE('',#461,5.5);
#461 = AXIS2_PLACEMENT_3D('',#462,#463,#464);
#462 = CARTESIAN_POINT('',(-45.,5.510910596163E-15,-1.));
#463 = DIRECTION('',(0.,0.,-1.));
#464 = DIRECTION('',(-1.,1.224646799147E-16,0.));
#465 = ADVANCED_FACE('',(#466),#501,.F.);
#466 = FACE_BOUND('',#467,.T.);
#467 = EDGE_LOOP('',(#468,#469,#475,#476,#484,#493,#499,#500));
#468 = ORIENTED_EDGE('',*,*,#90,.T.);
#469 = ORIENTED_EDGE('',*,*,#470,.T.);
#470 = EDGE_CURVE('',#91,#296,#471,.T.);
#471 = LINE('',#472,#473);
#472 = CARTESIAN_POINT('',(-25.25,43.734282891114,-1.));
#473 = VECTOR('',#474,1.);
#474 = DIRECTION('',(0.,0.,1.));
#475 = ORIENTED_EDGE('',*,*,#295,.F.);
#476 = ORIENTED_EDGE('',*,*,#477,.F.);
#477 = EDGE_CURVE('',#478,#287,#480,.T.);
#478 = VERTEX_POINT('',#479);
#479 = CARTESIAN_POINT('',(-21.84097982937,33.510768419908,19.));
#480 = LINE('',#481,#482);
#481 = CARTESIAN_POINT('',(-21.84097982937,33.510768419908,18.));
#482 = VECTOR('',#483,1.);
#483 = DIRECTION('',(-0.,-0.,-1.));
#484 = ORIENTED_EDGE('',*,*,#485,.T.);
#485 = EDGE_CURVE('',#478,#486,#488,.T.);
#486 = VERTEX_POINT('',#487);
#487 = CARTESIAN_POINT('',(-18.10068683728,35.670227585739,19.));
#488 = CIRCLE('',#489,5.5);
#489 = AXIS2_PLACEMENT_3D('',#490,#491,#492);
#490 = CARTESIAN_POINT('',(-22.5,38.9711431703,19.));
#491 = DIRECTION('',(0.,0.,1.));
#492 = DIRECTION('',(-0.5,0.866025403784,0.));
#493 = ORIENTED_EDGE('',*,*,#494,.T.);
#494 = EDGE_CURVE('',#486,#305,#495,.T.);
#495 = LINE('',#496,#497);
#496 = CARTESIAN_POINT('',(-18.10068683728,35.670227585739,18.));
#497 = VECTOR('',#498,1.);
#498 = DIRECTION('',(-0.,-0.,-1.));
#499 = ORIENTED_EDGE('',*,*,#304,.F.);
#500 = ORIENTED_EDGE('',*,*,#470,.F.);
#501 = CYLINDRICAL_SURFACE('',#502,5.5);
#502 = AXIS2_PLACEMENT_3D('',#503,#504,#505);
#503 = CARTESIAN_POINT('',(-22.5,38.9711431703,-1.));
#504 = DIRECTION('',(0.,0.,-1.));
#505 = DIRECTION('',(-0.5,0.866025403784,0.));
#506 = ADVANCED_FACE('',(#507),#543,.F.);
#507 = FACE_BOUND('',#508,.T.);
#508 = EDGE_LOOP('',(#509,#510,#518,#527,#536,#542));
#509 = ORIENTED_EDGE('',*,*,#112,.T.);
#510 = ORIENTED_EDGE('',*,*,#511,.F.);
#511 = EDGE_CURVE('',#512,#113,#514,.T.);
#512 = VERTEX_POINT('',#513);
#513 = CARTESIAN_POINT('',(-6.,19.078784028339,63.));
#514 = LINE('',#515,#516);
#515 = CARTESIAN_POINT('',(-6.,19.078784028339,-1.));
#516 = VECTOR('',#517,1.);
#517 = DIRECTION('',(-0.,-0.,-1.));
#518 = ORIENTED_EDGE('',*,*,#519,.F.);
#519 = EDGE_CURVE('',#520,#512,#522,.T.);
#520 = VERTEX_POINT('',#521);
#521 = CARTESIAN_POINT('',(20.,-4.898587196589E-15,63.));
#522 = CIRCLE('',#523,20.);
#523 = AXIS2_PLACEMENT_3D('',#524,#525,#526);
#524 = CARTESIAN_POINT('',(0.,0.,63.));
#525 = DIRECTION('',(0.,0.,-1.));
#526 = DIRECTION('',(1.,0.,0.));
#527 = ORIENTED_EDGE('',*,*,#528,.F.);
#528 = EDGE_CURVE('',#529,#520,#531,.T.);
#529 = VERTEX_POINT('',#530);
#530 = CARTESIAN_POINT('',(6.,19.078784028339,63.));
#531 = CIRCLE('',#532,20.);
#532 = AXIS2_PLACEMENT_3D('',#533,#534,#535);
#533 = CARTESIAN_POINT('',(0.,0.,63.));
#534 = DIRECTION('',(0.,0.,-1.));
#535 = DIRECTION('',(1.,0.,0.));
#536 = ORIENTED_EDGE('',*,*,#537,.T.);
#537 = EDGE_CURVE('',#529,#102,#538,.T.);
#538 = LINE('',#539,#540);
#539 = CARTESIAN_POINT('',(6.,19.078784028339,-1.));
#540 = VECTOR('',#541,1.);
#541 = DIRECTION('',(-0.,-0.,-1.));
#542 = ORIENTED_EDGE('',*,*,#101,.T.);
#543 = CYLINDRICAL_SURFACE('',#544,20.);
#544 = AXIS2_PLACEMENT_3D('',#545,#546,#547);
#545 = CARTESIAN_POINT('',(0.,0.,-1.));
#546 = DIRECTION('',(-0.,-0.,-1.));
#547 = DIRECTION('',(1.,0.,0.));
#548 = ADVANCED_FACE('',(#549),#567,.F.);
#549 = FACE_BOUND('',#550,.F.);
#550 = EDGE_LOOP('',(#551,#559,#565,#566));
#551 = ORIENTED_EDGE('',*,*,#552,.T.);
#552 = EDGE_CURVE('',#130,#553,#555,.T.);
#553 = VERTEX_POINT('',#554);
#554 = CARTESIAN_POINT('',(6.,23.3,63.));
#555 = LINE('',#556,#557);
#556 = CARTESIAN_POINT('',(6.,23.3,-1.));
#557 = VECTOR('',#558,1.);
#558 = DIRECTION('',(0.,0.,1.));
#559 = ORIENTED_EDGE('',*,*,#560,.F.);
#560 = EDGE_CURVE('',#529,#553,#561,.T.);
#561 = LINE('',#562,#563);
#562 = CARTESIAN_POINT('',(6.,0.,63.));
#563 = VECTOR('',#564,1.);
#564 = DIRECTION('',(0.,1.,0.));
#565 = ORIENTED_EDGE('',*,*,#537,.T.);
#566 = ORIENTED_EDGE('',*,*,#137,.T.);
#567 = PLANE('',#568);
#568 = AXIS2_PLACEMENT_3D('',#569,#570,#571);
#569 = CARTESIAN_POINT('',(6.,0.,-1.));
#570 = DIRECTION('',(1.,0.,0.));
#571 = DIRECTION('',(0.,0.,1.));
#572 = ADVANCED_FACE('',(#573),#591,.F.);
#573 = FACE_BOUND('',#574,.F.);
#574 = EDGE_LOOP('',(#575,#576,#577,#585));
#575 = ORIENTED_EDGE('',*,*,#552,.F.);
#576 = ORIENTED_EDGE('',*,*,#129,.T.);
#577 = ORIENTED_EDGE('',*,*,#578,.T.);
#578 = EDGE_CURVE('',#122,#579,#581,.T.);
#579 = VERTEX_POINT('',#580);
#580 = CARTESIAN_POINT('',(-6.,23.3,63.));
#581 = LINE('',#582,#583);
#582 = CARTESIAN_POINT('',(-6.,23.3,-1.));
#583 = VECTOR('',#584,1.);
#584 = DIRECTION('',(0.,0.,1.));
#585 = ORIENTED_EDGE('',*,*,#586,.F.);
#586 = EDGE_CURVE('',#553,#579,#587,.T.);
#587 = LINE('',#588,#589);
#588 = CARTESIAN_POINT('',(-3.,23.3,63.));
#589 = VECTOR('',#590,1.);
#590 = DIRECTION('',(-1.,0.,0.));
#591 = PLANE('',#592);
#592 = AXIS2_PLACEMENT_3D('',#593,#594,#595);
#593 = CARTESIAN_POINT('',(-6.,23.3,-1.));
#594 = DIRECTION('',(0.,1.,0.));
#595 = DIRECTION('',(0.,0.,1.));
#596 = ADVANCED_FACE('',(#597),#608,.T.);
#597 = FACE_BOUND('',#598,.T.);
#598 = EDGE_LOOP('',(#599,#600,#606,#607));
#599 = ORIENTED_EDGE('',*,*,#578,.T.);
#600 = ORIENTED_EDGE('',*,*,#601,.F.);
#601 = EDGE_CURVE('',#512,#579,#602,.T.);
#602 = LINE('',#603,#604);
#603 = CARTESIAN_POINT('',(-6.,0.,63.));
#604 = VECTOR('',#605,1.);
#605 = DIRECTION('',(0.,1.,0.));
#606 = ORIENTED_EDGE('',*,*,#511,.T.);
#607 = ORIENTED_EDGE('',*,*,#121,.T.);
#608 = PLANE('',#609);
#609 = AXIS2_PLACEMENT_3D('',#610,#611,#612);
#610 = CARTESIAN_POINT('',(-6.,0.,-1.));
#611 = DIRECTION('',(1.,0.,0.));
#612 = DIRECTION('',(0.,0.,1.));
#613 = ADVANCED_FACE('',(#614),#649,.F.);
#614 = FACE_BOUND('',#615,.T.);
#615 = EDGE_LOOP('',(#616,#617,#623,#624,#632,#641,#647,#648));
#616 = ORIENTED_EDGE('',*,*,#145,.T.);
#617 = ORIENTED_EDGE('',*,*,#618,.T.);
#618 = EDGE_CURVE('',#146,#188,#619,.T.);
#619 = LINE('',#620,#621);
#620 = CARTESIAN_POINT('',(50.5,-1.347111479062E-15,-1.));
#621 = VECTOR('',#622,1.);
#622 = DIRECTION('',(0.,0.,1.));
#623 = ORIENTED_EDGE('',*,*,#187,.F.);
#624 = ORIENTED_EDGE('',*,*,#625,.F.);
#625 = EDGE_CURVE('',#626,#177,#628,.T.);
#626 = VERTEX_POINT('',#627);
#627 = CARTESIAN_POINT('',(39.941666666667,2.15945916583,19.));
#628 = LINE('',#629,#630);
#629 = CARTESIAN_POINT('',(39.941666666667,2.15945916583,18.));
#630 = VECTOR('',#631,1.);
#631 = DIRECTION('',(-0.,-0.,-1.));
#632 = ORIENTED_EDGE('',*,*,#633,.T.);
#633 = EDGE_CURVE('',#626,#634,#636,.T.);
#634 = VERTEX_POINT('',#635);
#635 = CARTESIAN_POINT('',(39.941666666667,-2.15945916583,19.));
#636 = CIRCLE('',#637,5.5);
#637 = AXIS2_PLACEMENT_3D('',#638,#639,#640);
#638 = CARTESIAN_POINT('',(45.,0.,19.));
#639 = DIRECTION('',(0.,0.,1.));
#640 = DIRECTION('',(1.,0.,0.));
#641 = ORIENTED_EDGE('',*,*,#642,.T.);
#642 = EDGE_CURVE('',#634,#197,#643,.T.);
#643 = LINE('',#644,#645);
#644 = CARTESIAN_POINT('',(39.941666666667,-2.15945916583,18.));
#645 = VECTOR('',#646,1.);
#646 = DIRECTION('',(-0.,-0.,-1.));
#647 = ORIENTED_EDGE('',*,*,#196,.F.);
#648 = ORIENTED_EDGE('',*,*,#618,.F.);
#649 = CYLINDRICAL_SURFACE('',#650,5.5);
#650 = AXIS2_PLACEMENT_3D('',#651,#652,#653);
#651 = CARTESIAN_POINT('',(45.,0.,-1.));
#652 = DIRECTION('',(-0.,-0.,-1.));
#653 = DIRECTION('',(1.,0.,0.));
#654 = ADVANCED_FACE('',(#655),#690,.F.);
#655 = FACE_BOUND('',#656,.T.);
#656 = EDGE_LOOP('',(#657,#658,#664,#665,#673,#682,#688,#689));
#657 = ORIENTED_EDGE('',*,*,#156,.T.);
#658 = ORIENTED_EDGE('',*,*,#659,.T.);
#659 = EDGE_CURVE('',#157,#323,#660,.T.);
#660 = LINE('',#661,#662);
#661 = CARTESIAN_POINT('',(25.25,43.734282891114,-1.));
#662 = VECTOR('',#663,1.);
#663 = DIRECTION('',(0.,0.,1.));
#664 = ORIENTED_EDGE('',*,*,#322,.F.);
#665 = ORIENTED_EDGE('',*,*,#666,.F.);
#666 = EDGE_CURVE('',#667,#314,#669,.T.);
#667 = VERTEX_POINT('',#668);
#668 = CARTESIAN_POINT('',(18.100686837289,35.670227585739,19.));
#669 = LINE('',#670,#671);
#670 = CARTESIAN_POINT('',(18.100686837289,35.670227585739,18.));
#671 = VECTOR('',#672,1.);
#672 = DIRECTION('',(-0.,-0.,-1.));
#673 = ORIENTED_EDGE('',*,*,#674,.T.);
#674 = EDGE_CURVE('',#667,#675,#677,.T.);
#675 = VERTEX_POINT('',#676);
#676 = CARTESIAN_POINT('',(21.840979829378,33.510768419908,19.));
#677 = CIRCLE('',#678,5.5);
#678 = AXIS2_PLACEMENT_3D('',#679,#680,#681);
#679 = CARTESIAN_POINT('',(22.5,38.9711431703,19.));
#680 = DIRECTION('',(0.,-0.,1.));
#681 = DIRECTION('',(0.5,0.866025403784,0.));
#682 = ORIENTED_EDGE('',*,*,#683,.T.);
#683 = EDGE_CURVE('',#675,#179,#684,.T.);
#684 = LINE('',#685,#686);
#685 = CARTESIAN_POINT('',(21.840979829378,33.510768419908,18.));
#686 = VECTOR('',#687,1.);
#687 = DIRECTION('',(-0.,-0.,-1.));
#688 = ORIENTED_EDGE('',*,*,#331,.F.);
#689 = ORIENTED_EDGE('',*,*,#659,.F.);
#690 = CYLINDRICAL_SURFACE('',#691,5.5);
#691 = AXIS2_PLACEMENT_3D('',#692,#693,#694);
#692 = CARTESIAN_POINT('',(22.5,38.9711431703,-1.));
#693 = DIRECTION('',(0.,-0.,-1.));
#694 = DIRECTION('',(0.5,0.866025403784,0.));
#695 = ADVANCED_FACE('',(#696),#783,.T.);
#696 = FACE_BOUND('',#697,.F.);
#697 = EDGE_LOOP('',(#698,#707,#715,#722,#723,#730,#731,#732,#733,#740,
    #741,#742,#743,#750,#751,#752,#753,#760,#761,#762,#763,#770,#771,
    #772,#773,#780,#781,#782));
#698 = ORIENTED_EDGE('',*,*,#699,.T.);
#699 = EDGE_CURVE('',#626,#700,#702,.T.);
#700 = VERTEX_POINT('',#701);
#701 = CARTESIAN_POINT('',(40.,-9.797174393179E-15,19.));
#702 = CIRCLE('',#703,40.);
#703 = AXIS2_PLACEMENT_3D('',#704,#705,#706);
#704 = CARTESIAN_POINT('',(0.,0.,19.));
#705 = DIRECTION('',(0.,0.,-1.));
#706 = DIRECTION('',(1.,0.,0.));
#707 = ORIENTED_EDGE('',*,*,#708,.T.);
#708 = EDGE_CURVE('',#700,#709,#711,.T.);
#709 = VERTEX_POINT('',#710);
#710 = CARTESIAN_POINT('',(40.,-9.797174393179E-15,63.));
#711 = LINE('',#712,#713);
#712 = CARTESIAN_POINT('',(40.,-9.797174393179E-15,18.));
#713 = VECTOR('',#714,1.);
#714 = DIRECTION('',(0.,0.,1.));
#715 = ORIENTED_EDGE('',*,*,#716,.T.);
#716 = EDGE_CURVE('',#709,#709,#717,.T.);
#717 = CIRCLE('',#718,40.);
#718 = AXIS2_PLACEMENT_3D('',#719,#720,#721);
#719 = CARTESIAN_POINT('',(0.,0.,63.));
#720 = DIRECTION('',(0.,0.,1.));
#721 = DIRECTION('',(1.,0.,0.));
#722 = ORIENTED_EDGE('',*,*,#708,.F.);
#723 = ORIENTED_EDGE('',*,*,#724,.T.);
#724 = EDGE_CURVE('',#700,#634,#725,.T.);
#725 = CIRCLE('',#726,40.);
#726 = AXIS2_PLACEMENT_3D('',#727,#728,#729);
#727 = CARTESIAN_POINT('',(0.,0.,19.));
#728 = DIRECTION('',(0.,0.,-1.));
#729 = DIRECTION('',(1.,0.,0.));
#730 = ORIENTED_EDGE('',*,*,#642,.T.);
#731 = ORIENTED_EDGE('',*,*,#205,.F.);
#732 = ORIENTED_EDGE('',*,*,#395,.F.);
#733 = ORIENTED_EDGE('',*,*,#734,.T.);
#734 = EDGE_CURVE('',#396,#404,#735,.T.);
#735 = CIRCLE('',#736,40.);
#736 = AXIS2_PLACEMENT_3D('',#737,#738,#739);
#737 = CARTESIAN_POINT('',(0.,0.,19.));
#738 = DIRECTION('',(0.,0.,-1.));
#739 = DIRECTION('',(1.,0.,0.));
#740 = ORIENTED_EDGE('',*,*,#412,.T.);
#741 = ORIENTED_EDGE('',*,*,#232,.F.);
#742 = ORIENTED_EDGE('',*,*,#354,.F.);
#743 = ORIENTED_EDGE('',*,*,#744,.T.);
#744 = EDGE_CURVE('',#355,#363,#745,.T.);
#745 = CIRCLE('',#746,40.);
#746 = AXIS2_PLACEMENT_3D('',#747,#748,#749);
#747 = CARTESIAN_POINT('',(0.,0.,19.));
#748 = DIRECTION('',(0.,0.,-1.));
#749 = DIRECTION('',(1.,0.,0.));
#750 = ORIENTED_EDGE('',*,*,#371,.T.);
#751 = ORIENTED_EDGE('',*,*,#259,.F.);
#752 = ORIENTED_EDGE('',*,*,#436,.F.);
#753 = ORIENTED_EDGE('',*,*,#754,.T.);
#754 = EDGE_CURVE('',#437,#445,#755,.T.);
#755 = CIRCLE('',#756,40.);
#756 = AXIS2_PLACEMENT_3D('',#757,#758,#759);
#757 = CARTESIAN_POINT('',(0.,0.,19.));
#758 = DIRECTION('',(0.,0.,-1.));
#759 = DIRECTION('',(1.,0.,0.));
#760 = ORIENTED_EDGE('',*,*,#453,.T.);
#761 = ORIENTED_EDGE('',*,*,#286,.F.);
#762 = ORIENTED_EDGE('',*,*,#477,.F.);
#763 = ORIENTED_EDGE('',*,*,#764,.T.);
#764 = EDGE_CURVE('',#478,#486,#765,.T.);
#765 = CIRCLE('',#766,40.);
#766 = AXIS2_PLACEMENT_3D('',#767,#768,#769);
#767 = CARTESIAN_POINT('',(0.,0.,19.));
#768 = DIRECTION('',(0.,0.,-1.));
#769 = DIRECTION('',(1.,0.,0.));
#770 = ORIENTED_EDGE('',*,*,#494,.T.);
#771 = ORIENTED_EDGE('',*,*,#313,.F.);
#772 = ORIENTED_EDGE('',*,*,#666,.F.);
#773 = ORIENTED_EDGE('',*,*,#774,.T.);
#774 = EDGE_CURVE('',#667,#675,#775,.T.);
#775 = CIRCLE('',#776,40.);
#776 = AXIS2_PLACEMENT_3D('',#777,#778,#779);
#777 = CARTESIAN_POINT('',(0.,0.,19.));
#778 = DIRECTION('',(0.,0.,-1.));
#779 = DIRECTION('',(1.,0.,0.));
#780 = ORIENTED_EDGE('',*,*,#683,.T.);
#781 = ORIENTED_EDGE('',*,*,#176,.F.);
#782 = ORIENTED_EDGE('',*,*,#625,.F.);
#783 = CYLINDRICAL_SURFACE('',#784,40.);
#784 = AXIS2_PLACEMENT_3D('',#785,#786,#787);
#785 = CARTESIAN_POINT('',(0.,0.,18.));
#786 = DIRECTION('',(-0.,-0.,-1.));
#787 = DIRECTION('',(1.,0.,0.));
#788 = ADVANCED_FACE('',(#789),#793,.F.);
#789 = FACE_BOUND('',#790,.F.);
#790 = EDGE_LOOP('',(#791,#792));
#791 = ORIENTED_EDGE('',*,*,#744,.F.);
#792 = ORIENTED_EDGE('',*,*,#362,.T.);
#793 = PLANE('',#794);
#794 = AXIS2_PLACEMENT_3D('',#795,#796,#797);
#795 = CARTESIAN_POINT('',(-22.5,-38.9711431703,19.));
#796 = DIRECTION('',(0.,0.,1.));
#797 = DIRECTION('',(-0.5,-0.866025403784,0.));
#798 = ADVANCED_FACE('',(#799),#803,.F.);
#799 = FACE_BOUND('',#800,.F.);
#800 = EDGE_LOOP('',(#801,#802));
#801 = ORIENTED_EDGE('',*,*,#734,.F.);
#802 = ORIENTED_EDGE('',*,*,#403,.T.);
#803 = PLANE('',#804);
#804 = AXIS2_PLACEMENT_3D('',#805,#806,#807);
#805 = CARTESIAN_POINT('',(22.5,-38.9711431703,19.));
#806 = DIRECTION('',(0.,0.,1.));
#807 = DIRECTION('',(0.5,-0.866025403784,0.));
#808 = ADVANCED_FACE('',(#809),#813,.F.);
#809 = FACE_BOUND('',#810,.F.);
#810 = EDGE_LOOP('',(#811,#812));
#811 = ORIENTED_EDGE('',*,*,#754,.F.);
#812 = ORIENTED_EDGE('',*,*,#444,.T.);
#813 = PLANE('',#814);
#814 = AXIS2_PLACEMENT_3D('',#815,#816,#817);
#815 = CARTESIAN_POINT('',(-45.,5.510910596163E-15,19.));
#816 = DIRECTION('',(0.,0.,1.));
#817 = DIRECTION('',(-1.,1.224646799147E-16,0.));
#818 = ADVANCED_FACE('',(#819),#823,.F.);
#819 = FACE_BOUND('',#820,.F.);
#820 = EDGE_LOOP('',(#821,#822));
#821 = ORIENTED_EDGE('',*,*,#764,.F.);
#822 = ORIENTED_EDGE('',*,*,#485,.T.);
#823 = PLANE('',#824);
#824 = AXIS2_PLACEMENT_3D('',#825,#826,#827);
#825 = CARTESIAN_POINT('',(-22.5,38.9711431703,19.));
#826 = DIRECTION('',(0.,0.,1.));
#827 = DIRECTION('',(-0.5,0.866025403784,0.));
#828 = ADVANCED_FACE('',(#829,#832),#839,.T.);
#829 = FACE_BOUND('',#830,.T.);
#830 = EDGE_LOOP('',(#831));
#831 = ORIENTED_EDGE('',*,*,#716,.T.);
#832 = FACE_BOUND('',#833,.T.);
#833 = EDGE_LOOP('',(#834,#835,#836,#837,#838));
#834 = ORIENTED_EDGE('',*,*,#528,.T.);
#835 = ORIENTED_EDGE('',*,*,#519,.T.);
#836 = ORIENTED_EDGE('',*,*,#601,.T.);
#837 = ORIENTED_EDGE('',*,*,#586,.F.);
#838 = ORIENTED_EDGE('',*,*,#560,.F.);
#839 = PLANE('',#840);
#840 = AXIS2_PLACEMENT_3D('',#841,#842,#843);
#841 = CARTESIAN_POINT('',(0.,0.,63.));
#842 = DIRECTION('',(0.,0.,1.));
#843 = DIRECTION('',(1.,0.,0.));
#844 = ADVANCED_FACE('',(#845),#850,.F.);
#845 = FACE_BOUND('',#846,.F.);
#846 = EDGE_LOOP('',(#847,#848,#849));
#847 = ORIENTED_EDGE('',*,*,#699,.F.);
#848 = ORIENTED_EDGE('',*,*,#633,.T.);
#849 = ORIENTED_EDGE('',*,*,#724,.F.);
#850 = PLANE('',#851);
#851 = AXIS2_PLACEMENT_3D('',#852,#853,#854);
#852 = CARTESIAN_POINT('',(45.,0.,19.));
#853 = DIRECTION('',(0.,0.,1.));
#854 = DIRECTION('',(1.,0.,0.));
#855 = ADVANCED_FACE('',(#856),#860,.F.);
#856 = FACE_BOUND('',#857,.F.);
#857 = EDGE_LOOP('',(#858,#859));
#858 = ORIENTED_EDGE('',*,*,#774,.F.);
#859 = ORIENTED_EDGE('',*,*,#674,.T.);
#860 = PLANE('',#861);
#861 = AXIS2_PLACEMENT_3D('',#862,#863,#864);
#862 = CARTESIAN_POINT('',(22.5,38.9711431703,19.));
#863 = DIRECTION('',(0.,0.,1.));
#864 = DIRECTION('',(0.5,0.866025403784,0.));
#865 = MANIFOLD_SOLID_BREP('',#866);
#866 = CLOSED_SHELL('',(#867,#900,#1019,#1192,#1233,#1274,#1315,#1356,
    #1398,#1422,#1446,#1463,#1504,#1545,#1638,#1648,#1658,#1668,#1678,
    #1694,#1705));
#867 = ADVANCED_FACE('',(#868),#895,.T.);
#868 = FACE_BOUND('',#869,.F.);
#869 = EDGE_LOOP('',(#870,#880,#887,#888));
#870 = ORIENTED_EDGE('',*,*,#871,.T.);
#871 = EDGE_CURVE('',#872,#874,#876,.T.);
#872 = VERTEX_POINT('',#873);
#873 = CARTESIAN_POINT('',(-70.,-1.714505518806E-14,-8.572527594031E-15)
  );
#874 = VERTEX_POINT('',#875);
#875 = CARTESIAN_POINT('',(-70.,-1.714505518806E-14,-18.));
#876 = LINE('',#877,#878);
#877 = CARTESIAN_POINT('',(-70.,-1.714505518806E-14,-8.572527594031E-15)
  );
#878 = VECTOR('',#879,1.);
#879 = DIRECTION('',(1.224646799147E-16,0.,-1.));
#880 = ORIENTED_EDGE('',*,*,#881,.T.);
#881 = EDGE_CURVE('',#874,#874,#882,.T.);
#882 = CIRCLE('',#883,70.);
#883 = AXIS2_PLACEMENT_3D('',#884,#885,#886);
#884 = CARTESIAN_POINT('',(2.204364238465E-15,0.,-18.));
#885 = DIRECTION('',(1.224646799147E-16,0.,-1.));
#886 = DIRECTION('',(-1.,0.,-1.224646799147E-16));
#887 = ORIENTED_EDGE('',*,*,#871,.F.);
#888 = ORIENTED_EDGE('',*,*,#889,.F.);
#889 = EDGE_CURVE('',#872,#872,#890,.T.);
#890 = CIRCLE('',#891,70.);
#891 = AXIS2_PLACEMENT_3D('',#892,#893,#894);
#892 = CARTESIAN_POINT('',(0.,0.,0.));
#893 = DIRECTION('',(1.224646799147E-16,0.,-1.));
#894 = DIRECTION('',(-1.,0.,-1.224646799147E-16));
#895 = CYLINDRICAL_SURFACE('',#896,70.);
#896 = AXIS2_PLACEMENT_3D('',#897,#898,#899);
#897 = CARTESIAN_POINT('',(0.,0.,0.));
#898 = DIRECTION('',(-1.224646799147E-16,-0.,1.));
#899 = DIRECTION('',(-1.,0.,-1.224646799147E-16));
#900 = ADVANCED_FACE('',(#901,#904,#915,#926,#937,#948,#992,#1003),#1014
  ,.F.);
#901 = FACE_BOUND('',#902,.F.);
#902 = EDGE_LOOP('',(#903));
#903 = ORIENTED_EDGE('',*,*,#889,.T.);
#904 = FACE_BOUND('',#905,.F.);
#905 = EDGE_LOOP('',(#906));
#906 = ORIENTED_EDGE('',*,*,#907,.T.);
#907 = EDGE_CURVE('',#908,#908,#910,.T.);
#908 = VERTEX_POINT('',#909);
#909 = CARTESIAN_POINT('',(25.25,-43.73428289111,3.092233167847E-15));
#910 = CIRCLE('',#911,5.5);
#911 = AXIS2_PLACEMENT_3D('',#912,#913,#914);
#912 = CARTESIAN_POINT('',(22.5,-38.9711431703,2.755455298082E-15));
#913 = DIRECTION('',(-1.224646799147E-16,-2.829152384198E-33,1.));
#914 = DIRECTION('',(0.5,-0.866025403784,6.123233995737E-17));
#915 = FACE_BOUND('',#916,.F.);
#916 = EDGE_LOOP('',(#917));
#917 = ORIENTED_EDGE('',*,*,#918,.T.);
#918 = EDGE_CURVE('',#919,#919,#921,.T.);
#919 = VERTEX_POINT('',#920);
#920 = CARTESIAN_POINT('',(-25.25,-43.73428289111,-3.092233167847E-15));
#921 = CIRCLE('',#922,5.5);
#922 = AXIS2_PLACEMENT_3D('',#923,#924,#925);
#923 = CARTESIAN_POINT('',(-22.5,-38.9711431703,-2.755455298082E-15));
#924 = DIRECTION('',(-1.224646799147E-16,-4.735764047775E-34,1.));
#925 = DIRECTION('',(-0.5,-0.866025403784,-6.123233995737E-17));
#926 = FACE_BOUND('',#927,.F.);
#927 = EDGE_LOOP('',(#928));
#928 = ORIENTED_EDGE('',*,*,#929,.T.);
#929 = EDGE_CURVE('',#930,#930,#932,.T.);
#930 = VERTEX_POINT('',#931);
#931 = CARTESIAN_POINT('',(50.5,7.531577814756E-15,6.184466335694E-15));
#932 = CIRCLE('',#933,5.5);
#933 = AXIS2_PLACEMENT_3D('',#934,#935,#936);
#934 = CARTESIAN_POINT('',(45.,5.510910596163E-15,5.510910596163E-15));
#935 = DIRECTION('',(-1.224646799147E-16,-6.016155777704E-49,1.));
#936 = DIRECTION('',(1.,1.224646799147E-16,1.224646799147E-16));
#937 = FACE_BOUND('',#938,.F.);
#938 = EDGE_LOOP('',(#939));
#939 = ORIENTED_EDGE('',*,*,#940,.T.);
#940 = EDGE_CURVE('',#941,#941,#943,.T.);
#941 = VERTEX_POINT('',#942);
#942 = CARTESIAN_POINT('',(25.25,43.734282891114,3.092233167847E-15));
#943 = CIRCLE('',#944,5.5);
#944 = AXIS2_PLACEMENT_3D('',#945,#946,#947);
#945 = CARTESIAN_POINT('',(22.5,38.9711431703,2.755455298082E-15));
#946 = DIRECTION('',(-1.224646799147E-16,-5.350528565927E-34,1.));
#947 = DIRECTION('',(0.5,0.866025403784,6.123233995737E-17));
#948 = FACE_BOUND('',#949,.F.);
#949 = EDGE_LOOP('',(#950,#961,#970,#978,#986));
#950 = ORIENTED_EDGE('',*,*,#951,.T.);
#951 = EDGE_CURVE('',#952,#954,#956,.T.);
#952 = VERTEX_POINT('',#953);
#953 = CARTESIAN_POINT('',(-6.,19.078784028339,-7.347880794884E-16));
#954 = VERTEX_POINT('',#955);
#955 = CARTESIAN_POINT('',(-20.,-4.898587196589E-15,-2.449293598295E-15)
  );
#956 = CIRCLE('',#957,20.);
#957 = AXIS2_PLACEMENT_3D('',#958,#959,#960);
#958 = CARTESIAN_POINT('',(0.,0.,0.));
#959 = DIRECTION('',(-1.224646799147E-16,-0.,1.));
#960 = DIRECTION('',(-1.,0.,-1.224646799147E-16));
#961 = ORIENTED_EDGE('',*,*,#962,.T.);
#962 = EDGE_CURVE('',#954,#963,#965,.T.);
#963 = VERTEX_POINT('',#964);
#964 = CARTESIAN_POINT('',(6.,19.078784028339,7.347880794884E-16));
#965 = CIRCLE('',#966,20.);
#966 = AXIS2_PLACEMENT_3D('',#967,#968,#969);
#967 = CARTESIAN_POINT('',(0.,0.,0.));
#968 = DIRECTION('',(-1.224646799147E-16,-0.,1.));
#969 = DIRECTION('',(-1.,0.,-1.224646799147E-16));
#970 = ORIENTED_EDGE('',*,*,#971,.T.);
#971 = EDGE_CURVE('',#963,#972,#974,.T.);
#972 = VERTEX_POINT('',#973);
#973 = CARTESIAN_POINT('',(6.,23.3,7.347880794884E-16));
#974 = LINE('',#975,#976);
#975 = CARTESIAN_POINT('',(6.,0.,7.347880794884E-16));
#976 = VECTOR('',#977,1.);
#977 = DIRECTION('',(0.,1.,0.));
#978 = ORIENTED_EDGE('',*,*,#979,.F.);
#979 = EDGE_CURVE('',#980,#972,#982,.T.);
#980 = VERTEX_POINT('',#981);
#981 = CARTESIAN_POINT('',(-6.,23.3,-7.347880794884E-16));
#982 = LINE('',#983,#984);
#983 = CARTESIAN_POINT('',(3.,23.3,3.673940397442E-16));
#984 = VECTOR('',#985,1.);
#985 = DIRECTION('',(1.,0.,1.224646799147E-16));
#986 = ORIENTED_EDGE('',*,*,#987,.F.);
#987 = EDGE_CURVE('',#952,#980,#988,.T.);
#988 = LINE('',#989,#990);
#989 = CARTESIAN_POINT('',(-6.,0.,-7.347880794884E-16));
#990 = VECTOR('',#991,1.);
#991 = DIRECTION('',(0.,1.,0.));
#992 = FACE_BOUND('',#993,.F.);
#993 = EDGE_LOOP('',(#994));
#994 = ORIENTED_EDGE('',*,*,#995,.T.);
#995 = EDGE_CURVE('',#996,#996,#998,.T.);
#996 = VERTEX_POINT('',#997);
#997 = CARTESIAN_POINT('',(-50.5,-1.347111479062E-15,-6.184466335694E-15
    ));
#998 = CIRCLE('',#999,5.5);
#999 = AXIS2_PLACEMENT_3D('',#1000,#1001,#1002);
#1000 = CARTESIAN_POINT('',(-45.,0.,-5.510910596163E-15));
#1001 = DIRECTION('',(-1.224646799147E-16,-0.,1.));
#1002 = DIRECTION('',(-1.,0.,-1.224646799147E-16));
#1003 = FACE_BOUND('',#1004,.F.);
#1004 = EDGE_LOOP('',(#1005));
#1005 = ORIENTED_EDGE('',*,*,#1006,.T.);
#1006 = EDGE_CURVE('',#1007,#1007,#1009,.T.);
#1007 = VERTEX_POINT('',#1008);
#1008 = CARTESIAN_POINT('',(-25.25,43.734282891114,-3.092233167847E-15)
  );
#1009 = CIRCLE('',#1010,5.5);
#1010 = AXIS2_PLACEMENT_3D('',#1011,#1012,#1013);
#1011 = CARTESIAN_POINT('',(-22.5,38.9711431703,-2.755455298082E-15));
#1012 = DIRECTION('',(-1.224646799147E-16,4.735764047775E-34,1.));
#1013 = DIRECTION('',(-0.5,0.866025403784,-6.123233995737E-17));
#1014 = PLANE('',#1015);
#1015 = AXIS2_PLACEMENT_3D('',#1016,#1017,#1018);
#1016 = CARTESIAN_POINT('',(0.,0.,0.));
#1017 = DIRECTION('',(1.224646799147E-16,0.,-1.));
#1018 = DIRECTION('',(-1.,0.,-1.224646799147E-16));
#1019 = ADVANCED_FACE('',(#1020,#1023),#1187,.T.);
#1020 = FACE_BOUND('',#1021,.T.);
#1021 = EDGE_LOOP('',(#1022));
#1022 = ORIENTED_EDGE('',*,*,#881,.T.);
#1023 = FACE_BOUND('',#1024,.T.);
#1024 = EDGE_LOOP('',(#1025,#1036,#1045,#1054,#1063,#1072,#1081,#1090,
    #1099,#1108,#1117,#1126,#1135,#1144,#1153,#1162,#1171,#1180));
#1025 = ORIENTED_EDGE('',*,*,#1026,.F.);
#1026 = EDGE_CURVE('',#1027,#1029,#1031,.T.);
#1027 = VERTEX_POINT('',#1028);
#1028 = CARTESIAN_POINT('',(-39.94166666666,2.15945916583,-18.));
#1029 = VERTEX_POINT('',#1030);
#1030 = CARTESIAN_POINT('',(-21.84097982937,33.510768419908,-18.));
#1031 = CIRCLE('',#1032,40.);
#1032 = AXIS2_PLACEMENT_3D('',#1033,#1034,#1035);
#1033 = CARTESIAN_POINT('',(2.204364238465E-15,0.,-18.));
#1034 = DIRECTION('',(1.224646799147E-16,0.,-1.));
#1035 = DIRECTION('',(-1.,0.,-1.224646799147E-16));
#1036 = ORIENTED_EDGE('',*,*,#1037,.T.);
#1037 = EDGE_CURVE('',#1027,#1038,#1040,.T.);
#1038 = VERTEX_POINT('',#1039);
#1039 = CARTESIAN_POINT('',(-50.5,-1.347111479062E-15,-18.));
#1040 = CIRCLE('',#1041,5.5);
#1041 = AXIS2_PLACEMENT_3D('',#1042,#1043,#1044);
#1042 = CARTESIAN_POINT('',(-45.,0.,-18.));
#1043 = DIRECTION('',(-1.224646799147E-16,-0.,1.));
#1044 = DIRECTION('',(-1.,0.,-1.224646799147E-16));
#1045 = ORIENTED_EDGE('',*,*,#1046,.T.);
#1046 = EDGE_CURVE('',#1038,#1047,#1049,.T.);
#1047 = VERTEX_POINT('',#1048);
#1048 = CARTESIAN_POINT('',(-39.94166666666,-2.15945916583,-18.));
#1049 = CIRCLE('',#1050,5.5);
#1050 = AXIS2_PLACEMENT_3D('',#1051,#1052,#1053);
#1051 = CARTESIAN_POINT('',(-45.,0.,-18.));
#1052 = DIRECTION('',(-1.224646799147E-16,-0.,1.));
#1053 = DIRECTION('',(-1.,0.,-1.224646799147E-16));
#1054 = ORIENTED_EDGE('',*,*,#1055,.F.);
#1055 = EDGE_CURVE('',#1056,#1047,#1058,.T.);
#1056 = VERTEX_POINT('',#1057);
#1057 = CARTESIAN_POINT('',(-21.84097982937,-33.5107684199,-18.));
#1058 = CIRCLE('',#1059,40.);
#1059 = AXIS2_PLACEMENT_3D('',#1060,#1061,#1062);
#1060 = CARTESIAN_POINT('',(2.204364238465E-15,0.,-18.));
#1061 = DIRECTION('',(1.224646799147E-16,0.,-1.));
#1062 = DIRECTION('',(-1.,0.,-1.224646799147E-16));
#1063 = ORIENTED_EDGE('',*,*,#1064,.T.);
#1064 = EDGE_CURVE('',#1056,#1065,#1067,.T.);
#1065 = VERTEX_POINT('',#1066);
#1066 = CARTESIAN_POINT('',(-25.25,-43.73428289111,-18.));
#1067 = CIRCLE('',#1068,5.5);
#1068 = AXIS2_PLACEMENT_3D('',#1069,#1070,#1071);
#1069 = CARTESIAN_POINT('',(-22.5,-38.9711431703,-18.));
#1070 = DIRECTION('',(-1.224646799147E-16,-4.735764047775E-34,1.));
#1071 = DIRECTION('',(-0.5,-0.866025403784,-6.123233995737E-17));
#1072 = ORIENTED_EDGE('',*,*,#1073,.T.);
#1073 = EDGE_CURVE('',#1065,#1074,#1076,.T.);
#1074 = VERTEX_POINT('',#1075);
#1075 = CARTESIAN_POINT('',(-18.10068683728,-35.67022758573,-18.));
#1076 = CIRCLE('',#1077,5.5);
#1077 = AXIS2_PLACEMENT_3D('',#1078,#1079,#1080);
#1078 = CARTESIAN_POINT('',(-22.5,-38.9711431703,-18.));
#1079 = DIRECTION('',(-1.224646799147E-16,-4.735764047775E-34,1.));
#1080 = DIRECTION('',(-0.5,-0.866025403784,-6.123233995737E-17));
#1081 = ORIENTED_EDGE('',*,*,#1082,.F.);
#1082 = EDGE_CURVE('',#1083,#1074,#1085,.T.);
#1083 = VERTEX_POINT('',#1084);
#1084 = CARTESIAN_POINT('',(18.100686837289,-35.67022758573,-18.));
#1085 = CIRCLE('',#1086,40.);
#1086 = AXIS2_PLACEMENT_3D('',#1087,#1088,#1089);
#1087 = CARTESIAN_POINT('',(2.204364238465E-15,0.,-18.));
#1088 = DIRECTION('',(1.224646799147E-16,0.,-1.));
#1089 = DIRECTION('',(-1.,0.,-1.224646799147E-16));
#1090 = ORIENTED_EDGE('',*,*,#1091,.T.);
#1091 = EDGE_CURVE('',#1083,#1092,#1094,.T.);
#1092 = VERTEX_POINT('',#1093);
#1093 = CARTESIAN_POINT('',(25.25,-43.73428289111,-18.));
#1094 = CIRCLE('',#1095,5.5);
#1095 = AXIS2_PLACEMENT_3D('',#1096,#1097,#1098);
#1096 = CARTESIAN_POINT('',(22.5,-38.9711431703,-18.));
#1097 = DIRECTION('',(-1.224646799147E-16,-2.829152384198E-33,1.));
#1098 = DIRECTION('',(0.5,-0.866025403784,6.123233995737E-17));
#1099 = ORIENTED_EDGE('',*,*,#1100,.T.);
#1100 = EDGE_CURVE('',#1092,#1101,#1103,.T.);
#1101 = VERTEX_POINT('',#1102);
#1102 = CARTESIAN_POINT('',(21.840979829378,-33.5107684199,-18.));
#1103 = CIRCLE('',#1104,5.5);
#1104 = AXIS2_PLACEMENT_3D('',#1105,#1106,#1107);
#1105 = CARTESIAN_POINT('',(22.5,-38.9711431703,-18.));
#1106 = DIRECTION('',(-1.224646799147E-16,-2.829152384198E-33,1.));
#1107 = DIRECTION('',(0.5,-0.866025403784,6.123233995737E-17));
#1108 = ORIENTED_EDGE('',*,*,#1109,.F.);
#1109 = EDGE_CURVE('',#1110,#1101,#1112,.T.);
#1110 = VERTEX_POINT('',#1111);
#1111 = CARTESIAN_POINT('',(39.941666666667,-2.15945916583,-18.));
#1112 = CIRCLE('',#1113,40.);
#1113 = AXIS2_PLACEMENT_3D('',#1114,#1115,#1116);
#1114 = CARTESIAN_POINT('',(2.204364238465E-15,0.,-18.));
#1115 = DIRECTION('',(1.224646799147E-16,0.,-1.));
#1116 = DIRECTION('',(-1.,0.,-1.224646799147E-16));
#1117 = ORIENTED_EDGE('',*,*,#1118,.T.);
#1118 = EDGE_CURVE('',#1110,#1119,#1121,.T.);
#1119 = VERTEX_POINT('',#1120);
#1120 = CARTESIAN_POINT('',(50.5,7.531577814756E-15,-18.));
#1121 = CIRCLE('',#1122,5.5);
#1122 = AXIS2_PLACEMENT_3D('',#1123,#1124,#1125);
#1123 = CARTESIAN_POINT('',(45.,5.510910596163E-15,-18.));
#1124 = DIRECTION('',(-1.224646799147E-16,-6.016155777704E-49,1.));
#1125 = DIRECTION('',(1.,1.224646799147E-16,1.224646799147E-16));
#1126 = ORIENTED_EDGE('',*,*,#1127,.T.);
#1127 = EDGE_CURVE('',#1119,#1128,#1130,.T.);
#1128 = VERTEX_POINT('',#1129);
#1129 = CARTESIAN_POINT('',(39.941666666667,2.15945916583,-18.));
#1130 = CIRCLE('',#1131,5.5);
#1131 = AXIS2_PLACEMENT_3D('',#1132,#1133,#1134);
#1132 = CARTESIAN_POINT('',(45.,5.510910596163E-15,-18.));
#1133 = DIRECTION('',(-1.224646799147E-16,-6.016155777704E-49,1.));
#1134 = DIRECTION('',(1.,1.224646799147E-16,1.224646799147E-16));
#1135 = ORIENTED_EDGE('',*,*,#1136,.F.);
#1136 = EDGE_CURVE('',#1137,#1128,#1139,.T.);
#1137 = VERTEX_POINT('',#1138);
#1138 = CARTESIAN_POINT('',(21.840979829378,33.510768419908,-18.));
#1139 = CIRCLE('',#1140,40.);
#1140 = AXIS2_PLACEMENT_3D('',#1141,#1142,#1143);
#1141 = CARTESIAN_POINT('',(2.204364238465E-15,0.,-18.));
#1142 = DIRECTION('',(1.224646799147E-16,0.,-1.));
#1143 = DIRECTION('',(-1.,0.,-1.224646799147E-16));
#1144 = ORIENTED_EDGE('',*,*,#1145,.T.);
#1145 = EDGE_CURVE('',#1137,#1146,#1148,.T.);
#1146 = VERTEX_POINT('',#1147);
#1147 = CARTESIAN_POINT('',(25.25,43.734282891114,-18.));
#1148 = CIRCLE('',#1149,5.5);
#1149 = AXIS2_PLACEMENT_3D('',#1150,#1151,#1152);
#1150 = CARTESIAN_POINT('',(22.5,38.9711431703,-18.));
#1151 = DIRECTION('',(-1.224646799147E-16,-5.350528565927E-34,1.));
#1152 = DIRECTION('',(0.5,0.866025403784,6.123233995737E-17));
#1153 = ORIENTED_EDGE('',*,*,#1154,.T.);
#1154 = EDGE_CURVE('',#1146,#1155,#1157,.T.);
#1155 = VERTEX_POINT('',#1156);
#1156 = CARTESIAN_POINT('',(18.100686837289,35.670227585739,-18.));
#1157 = CIRCLE('',#1158,5.5);
#1158 = AXIS2_PLACEMENT_3D('',#1159,#1160,#1161);
#1159 = CARTESIAN_POINT('',(22.5,38.9711431703,-18.));
#1160 = DIRECTION('',(-1.224646799147E-16,-5.350528565927E-34,1.));
#1161 = DIRECTION('',(0.5,0.866025403784,6.123233995737E-17));
#1162 = ORIENTED_EDGE('',*,*,#1163,.F.);
#1163 = EDGE_CURVE('',#1164,#1155,#1166,.T.);
#1164 = VERTEX_POINT('',#1165);
#1165 = CARTESIAN_POINT('',(-18.10068683728,35.670227585739,-18.));
#1166 = CIRCLE('',#1167,40.);
#1167 = AXIS2_PLACEMENT_3D('',#1168,#1169,#1170);
#1168 = CARTESIAN_POINT('',(2.204364238465E-15,0.,-18.));
#1169 = DIRECTION('',(1.224646799147E-16,0.,-1.));
#1170 = DIRECTION('',(-1.,0.,-1.224646799147E-16));
#1171 = ORIENTED_EDGE('',*,*,#1172,.T.);
#1172 = EDGE_CURVE('',#1164,#1173,#1175,.T.);
#1173 = VERTEX_POINT('',#1174);
#1174 = CARTESIAN_POINT('',(-25.25,43.734282891114,-18.));
#1175 = CIRCLE('',#1176,5.5);
#1176 = AXIS2_PLACEMENT_3D('',#1177,#1178,#1179);
#1177 = CARTESIAN_POINT('',(-22.5,38.9711431703,-18.));
#1178 = DIRECTION('',(-1.224646799147E-16,4.735764047775E-34,1.));
#1179 = DIRECTION('',(-0.5,0.866025403784,-6.123233995737E-17));
#1180 = ORIENTED_EDGE('',*,*,#1181,.T.);
#1181 = EDGE_CURVE('',#1173,#1029,#1182,.T.);
#1182 = CIRCLE('',#1183,5.5);
#1183 = AXIS2_PLACEMENT_3D('',#1184,#1185,#1186);
#1184 = CARTESIAN_POINT('',(-22.5,38.9711431703,-18.));
#1185 = DIRECTION('',(-1.224646799147E-16,4.735764047775E-34,1.));
#1186 = DIRECTION('',(-0.5,0.866025403784,-6.123233995737E-17));
#1187 = PLANE('',#1188);
#1188 = AXIS2_PLACEMENT_3D('',#1189,#1190,#1191);
#1189 = CARTESIAN_POINT('',(2.204364238465E-15,0.,-18.));
#1190 = DIRECTION('',(1.224646799147E-16,0.,-1.));
#1191 = DIRECTION('',(-1.,0.,-1.224646799147E-16));
#1192 = ADVANCED_FACE('',(#1193),#1228,.F.);
#1193 = FACE_BOUND('',#1194,.T.);
#1194 = EDGE_LOOP('',(#1195,#1196,#1202,#1203,#1211,#1220,#1226,#1227));
#1195 = ORIENTED_EDGE('',*,*,#907,.T.);
#1196 = ORIENTED_EDGE('',*,*,#1197,.T.);
#1197 = EDGE_CURVE('',#908,#1092,#1198,.T.);
#1198 = LINE('',#1199,#1200);
#1199 = CARTESIAN_POINT('',(25.25,-43.73428289111,1.));
#1200 = VECTOR('',#1201,1.);
#1201 = DIRECTION('',(1.224646799147E-16,0.,-1.));
#1202 = ORIENTED_EDGE('',*,*,#1091,.F.);
#1203 = ORIENTED_EDGE('',*,*,#1204,.F.);
#1204 = EDGE_CURVE('',#1205,#1083,#1207,.T.);
#1205 = VERTEX_POINT('',#1206);
#1206 = CARTESIAN_POINT('',(18.100686837289,-35.67022758573,-19.));
#1207 = LINE('',#1208,#1209);
#1208 = CARTESIAN_POINT('',(18.100686837289,-35.67022758573,-18.));
#1209 = VECTOR('',#1210,1.);
#1210 = DIRECTION('',(-1.224646799147E-16,-0.,1.));
#1211 = ORIENTED_EDGE('',*,*,#1212,.T.);
#1212 = EDGE_CURVE('',#1205,#1213,#1215,.T.);
#1213 = VERTEX_POINT('',#1214);
#1214 = CARTESIAN_POINT('',(21.840979829378,-33.5107684199,-19.));
#1215 = CIRCLE('',#1216,5.5);
#1216 = AXIS2_PLACEMENT_3D('',#1217,#1218,#1219);
#1217 = CARTESIAN_POINT('',(22.5,-38.9711431703,-19.));
#1218 = DIRECTION('',(1.224646799147E-16,2.829152384198E-33,-1.));
#1219 = DIRECTION('',(0.5,-0.866025403784,6.123233995737E-17));
#1220 = ORIENTED_EDGE('',*,*,#1221,.T.);
#1221 = EDGE_CURVE('',#1213,#1101,#1222,.T.);
#1222 = LINE('',#1223,#1224);
#1223 = CARTESIAN_POINT('',(21.840979829378,-33.5107684199,-18.));
#1224 = VECTOR('',#1225,1.);
#1225 = DIRECTION('',(-1.224646799147E-16,-0.,1.));
#1226 = ORIENTED_EDGE('',*,*,#1100,.F.);
#1227 = ORIENTED_EDGE('',*,*,#1197,.F.);
#1228 = CYLINDRICAL_SURFACE('',#1229,5.5);
#1229 = AXIS2_PLACEMENT_3D('',#1230,#1231,#1232);
#1230 = CARTESIAN_POINT('',(22.5,-38.9711431703,1.));
#1231 = DIRECTION('',(-1.224646799147E-16,0.,1.));
#1232 = DIRECTION('',(0.5,-0.866025403784,6.123233995737E-17));
#1233 = ADVANCED_FACE('',(#1234),#1269,.F.);
#1234 = FACE_BOUND('',#1235,.T.);
#1235 = EDGE_LOOP('',(#1236,#1237,#1243,#1244,#1252,#1261,#1267,#1268));
#1236 = ORIENTED_EDGE('',*,*,#918,.T.);
#1237 = ORIENTED_EDGE('',*,*,#1238,.T.);
#1238 = EDGE_CURVE('',#919,#1065,#1239,.T.);
#1239 = LINE('',#1240,#1241);
#1240 = CARTESIAN_POINT('',(-25.25,-43.73428289111,1.));
#1241 = VECTOR('',#1242,1.);
#1242 = DIRECTION('',(1.224646799147E-16,0.,-1.));
#1243 = ORIENTED_EDGE('',*,*,#1064,.F.);
#1244 = ORIENTED_EDGE('',*,*,#1245,.F.);
#1245 = EDGE_CURVE('',#1246,#1056,#1248,.T.);
#1246 = VERTEX_POINT('',#1247);
#1247 = CARTESIAN_POINT('',(-21.84097982937,-33.5107684199,-19.));
#1248 = LINE('',#1249,#1250);
#1249 = CARTESIAN_POINT('',(-21.84097982937,-33.5107684199,-18.));
#1250 = VECTOR('',#1251,1.);
#1251 = DIRECTION('',(-1.224646799147E-16,-0.,1.));
#1252 = ORIENTED_EDGE('',*,*,#1253,.T.);
#1253 = EDGE_CURVE('',#1246,#1254,#1256,.T.);
#1254 = VERTEX_POINT('',#1255);
#1255 = CARTESIAN_POINT('',(-18.10068683728,-35.67022758573,-19.));
#1256 = CIRCLE('',#1257,5.5);
#1257 = AXIS2_PLACEMENT_3D('',#1258,#1259,#1260);
#1258 = CARTESIAN_POINT('',(-22.5,-38.9711431703,-19.));
#1259 = DIRECTION('',(1.224646799147E-16,4.735764047775E-34,-1.));
#1260 = DIRECTION('',(-0.5,-0.866025403784,-6.123233995737E-17));
#1261 = ORIENTED_EDGE('',*,*,#1262,.T.);
#1262 = EDGE_CURVE('',#1254,#1074,#1263,.T.);
#1263 = LINE('',#1264,#1265);
#1264 = CARTESIAN_POINT('',(-18.10068683728,-35.67022758573,-18.));
#1265 = VECTOR('',#1266,1.);
#1266 = DIRECTION('',(-1.224646799147E-16,-0.,1.));
#1267 = ORIENTED_EDGE('',*,*,#1073,.F.);
#1268 = ORIENTED_EDGE('',*,*,#1238,.F.);
#1269 = CYLINDRICAL_SURFACE('',#1270,5.5);
#1270 = AXIS2_PLACEMENT_3D('',#1271,#1272,#1273);
#1271 = CARTESIAN_POINT('',(-22.5,-38.9711431703,1.));
#1272 = DIRECTION('',(-1.224646799147E-16,0.,1.));
#1273 = DIRECTION('',(-0.5,-0.866025403784,-6.123233995737E-17));
#1274 = ADVANCED_FACE('',(#1275),#1310,.F.);
#1275 = FACE_BOUND('',#1276,.T.);
#1276 = EDGE_LOOP('',(#1277,#1278,#1284,#1285,#1293,#1302,#1308,#1309));
#1277 = ORIENTED_EDGE('',*,*,#929,.T.);
#1278 = ORIENTED_EDGE('',*,*,#1279,.T.);
#1279 = EDGE_CURVE('',#930,#1119,#1280,.T.);
#1280 = LINE('',#1281,#1282);
#1281 = CARTESIAN_POINT('',(50.5,7.531577814756E-15,1.));
#1282 = VECTOR('',#1283,1.);
#1283 = DIRECTION('',(1.224646799147E-16,0.,-1.));
#1284 = ORIENTED_EDGE('',*,*,#1118,.F.);
#1285 = ORIENTED_EDGE('',*,*,#1286,.F.);
#1286 = EDGE_CURVE('',#1287,#1110,#1289,.T.);
#1287 = VERTEX_POINT('',#1288);
#1288 = CARTESIAN_POINT('',(39.941666666667,-2.15945916583,-19.));
#1289 = LINE('',#1290,#1291);
#1290 = CARTESIAN_POINT('',(39.941666666667,-2.15945916583,-18.));
#1291 = VECTOR('',#1292,1.);
#1292 = DIRECTION('',(-1.224646799147E-16,-0.,1.));
#1293 = ORIENTED_EDGE('',*,*,#1294,.T.);
#1294 = EDGE_CURVE('',#1287,#1295,#1297,.T.);
#1295 = VERTEX_POINT('',#1296);
#1296 = CARTESIAN_POINT('',(39.941666666667,2.15945916583,-19.));
#1297 = CIRCLE('',#1298,5.5);
#1298 = AXIS2_PLACEMENT_3D('',#1299,#1300,#1301);
#1299 = CARTESIAN_POINT('',(45.,5.510910596163E-15,-19.));
#1300 = DIRECTION('',(1.224646799147E-16,6.016155777704E-49,-1.));
#1301 = DIRECTION('',(1.,1.224646799147E-16,1.224646799147E-16));
#1302 = ORIENTED_EDGE('',*,*,#1303,.T.);
#1303 = EDGE_CURVE('',#1295,#1128,#1304,.T.);
#1304 = LINE('',#1305,#1306);
#1305 = CARTESIAN_POINT('',(39.941666666667,2.15945916583,-18.));
#1306 = VECTOR('',#1307,1.);
#1307 = DIRECTION('',(-1.224646799147E-16,-0.,1.));
#1308 = ORIENTED_EDGE('',*,*,#1127,.F.);
#1309 = ORIENTED_EDGE('',*,*,#1279,.F.);
#1310 = CYLINDRICAL_SURFACE('',#1311,5.5);
#1311 = AXIS2_PLACEMENT_3D('',#1312,#1313,#1314);
#1312 = CARTESIAN_POINT('',(45.,5.510910596163E-15,1.));
#1313 = DIRECTION('',(-1.224646799147E-16,0.,1.));
#1314 = DIRECTION('',(1.,1.224646799147E-16,1.224646799147E-16));
#1315 = ADVANCED_FACE('',(#1316),#1351,.F.);
#1316 = FACE_BOUND('',#1317,.T.);
#1317 = EDGE_LOOP('',(#1318,#1319,#1325,#1326,#1334,#1343,#1349,#1350));
#1318 = ORIENTED_EDGE('',*,*,#940,.T.);
#1319 = ORIENTED_EDGE('',*,*,#1320,.T.);
#1320 = EDGE_CURVE('',#941,#1146,#1321,.T.);
#1321 = LINE('',#1322,#1323);
#1322 = CARTESIAN_POINT('',(25.25,43.734282891114,1.));
#1323 = VECTOR('',#1324,1.);
#1324 = DIRECTION('',(1.224646799147E-16,0.,-1.));
#1325 = ORIENTED_EDGE('',*,*,#1145,.F.);
#1326 = ORIENTED_EDGE('',*,*,#1327,.F.);
#1327 = EDGE_CURVE('',#1328,#1137,#1330,.T.);
#1328 = VERTEX_POINT('',#1329);
#1329 = CARTESIAN_POINT('',(21.840979829378,33.510768419908,-19.));
#1330 = LINE('',#1331,#1332);
#1331 = CARTESIAN_POINT('',(21.840979829378,33.510768419908,-18.));
#1332 = VECTOR('',#1333,1.);
#1333 = DIRECTION('',(-1.224646799147E-16,-0.,1.));
#1334 = ORIENTED_EDGE('',*,*,#1335,.T.);
#1335 = EDGE_CURVE('',#1328,#1336,#1338,.T.);
#1336 = VERTEX_POINT('',#1337);
#1337 = CARTESIAN_POINT('',(18.100686837289,35.670227585739,-19.));
#1338 = CIRCLE('',#1339,5.5);
#1339 = AXIS2_PLACEMENT_3D('',#1340,#1341,#1342);
#1340 = CARTESIAN_POINT('',(22.5,38.9711431703,-19.));
#1341 = DIRECTION('',(1.224646799147E-16,5.350528565927E-34,-1.));
#1342 = DIRECTION('',(0.5,0.866025403784,6.123233995737E-17));
#1343 = ORIENTED_EDGE('',*,*,#1344,.T.);
#1344 = EDGE_CURVE('',#1336,#1155,#1345,.T.);
#1345 = LINE('',#1346,#1347);
#1346 = CARTESIAN_POINT('',(18.100686837289,35.670227585739,-18.));
#1347 = VECTOR('',#1348,1.);
#1348 = DIRECTION('',(-1.224646799147E-16,-0.,1.));
#1349 = ORIENTED_EDGE('',*,*,#1154,.F.);
#1350 = ORIENTED_EDGE('',*,*,#1320,.F.);
#1351 = CYLINDRICAL_SURFACE('',#1352,5.5);
#1352 = AXIS2_PLACEMENT_3D('',#1353,#1354,#1355);
#1353 = CARTESIAN_POINT('',(22.5,38.9711431703,1.));
#1354 = DIRECTION('',(-1.224646799147E-16,0.,1.));
#1355 = DIRECTION('',(0.5,0.866025403784,6.123233995737E-17));
#1356 = ADVANCED_FACE('',(#1357),#1393,.F.);
#1357 = FACE_BOUND('',#1358,.T.);
#1358 = EDGE_LOOP('',(#1359,#1360,#1368,#1377,#1386,#1392));
#1359 = ORIENTED_EDGE('',*,*,#962,.T.);
#1360 = ORIENTED_EDGE('',*,*,#1361,.F.);
#1361 = EDGE_CURVE('',#1362,#963,#1364,.T.);
#1362 = VERTEX_POINT('',#1363);
#1363 = CARTESIAN_POINT('',(6.,19.078784028339,-63.));
#1364 = LINE('',#1365,#1366);
#1365 = CARTESIAN_POINT('',(6.,19.078784028339,1.));
#1366 = VECTOR('',#1367,1.);
#1367 = DIRECTION('',(-1.224646799147E-16,-0.,1.));
#1368 = ORIENTED_EDGE('',*,*,#1369,.F.);
#1369 = EDGE_CURVE('',#1370,#1362,#1372,.T.);
#1370 = VERTEX_POINT('',#1371);
#1371 = CARTESIAN_POINT('',(-20.,-4.898587196589E-15,-63.));
#1372 = CIRCLE('',#1373,20.);
#1373 = AXIS2_PLACEMENT_3D('',#1374,#1375,#1376);
#1374 = CARTESIAN_POINT('',(7.715274834628E-15,0.,-63.));
#1375 = DIRECTION('',(-1.224646799147E-16,-0.,1.));
#1376 = DIRECTION('',(-1.,0.,-1.224646799147E-16));
#1377 = ORIENTED_EDGE('',*,*,#1378,.F.);
#1378 = EDGE_CURVE('',#1379,#1370,#1381,.T.);
#1379 = VERTEX_POINT('',#1380);
#1380 = CARTESIAN_POINT('',(-6.,19.078784028339,-63.));
#1381 = CIRCLE('',#1382,20.);
#1382 = AXIS2_PLACEMENT_3D('',#1383,#1384,#1385);
#1383 = CARTESIAN_POINT('',(7.715274834628E-15,0.,-63.));
#1384 = DIRECTION('',(-1.224646799147E-16,-0.,1.));
#1385 = DIRECTION('',(-1.,0.,-1.224646799147E-16));
#1386 = ORIENTED_EDGE('',*,*,#1387,.T.);
#1387 = EDGE_CURVE('',#1379,#952,#1388,.T.);
#1388 = LINE('',#1389,#1390);
#1389 = CARTESIAN_POINT('',(-6.,19.078784028339,1.));
#1390 = VECTOR('',#1391,1.);
#1391 = DIRECTION('',(-1.224646799147E-16,-0.,1.));
#1392 = ORIENTED_EDGE('',*,*,#951,.T.);
#1393 = CYLINDRICAL_SURFACE('',#1394,20.);
#1394 = AXIS2_PLACEMENT_3D('',#1395,#1396,#1397);
#1395 = CARTESIAN_POINT('',(-1.224646799147E-16,0.,1.));
#1396 = DIRECTION('',(-1.224646799147E-16,-0.,1.));
#1397 = DIRECTION('',(-1.,0.,-1.224646799147E-16));
#1398 = ADVANCED_FACE('',(#1399),#1417,.F.);
#1399 = FACE_BOUND('',#1400,.F.);
#1400 = EDGE_LOOP('',(#1401,#1409,#1415,#1416));
#1401 = ORIENTED_EDGE('',*,*,#1402,.T.);
#1402 = EDGE_CURVE('',#980,#1403,#1405,.T.);
#1403 = VERTEX_POINT('',#1404);
#1404 = CARTESIAN_POINT('',(-6.,23.3,-63.));
#1405 = LINE('',#1406,#1407);
#1406 = CARTESIAN_POINT('',(-6.,23.3,1.));
#1407 = VECTOR('',#1408,1.);
#1408 = DIRECTION('',(1.224646799147E-16,0.,-1.));
#1409 = ORIENTED_EDGE('',*,*,#1410,.F.);
#1410 = EDGE_CURVE('',#1379,#1403,#1411,.T.);
#1411 = LINE('',#1412,#1413);
#1412 = CARTESIAN_POINT('',(-6.,0.,-63.));
#1413 = VECTOR('',#1414,1.);
#1414 = DIRECTION('',(0.,1.,0.));
#1415 = ORIENTED_EDGE('',*,*,#1387,.T.);
#1416 = ORIENTED_EDGE('',*,*,#987,.T.);
#1417 = PLANE('',#1418);
#1418 = AXIS2_PLACEMENT_3D('',#1419,#1420,#1421);
#1419 = CARTESIAN_POINT('',(-6.,0.,1.));
#1420 = DIRECTION('',(-1.,0.,-1.224646799147E-16));
#1421 = DIRECTION('',(1.224646799147E-16,0.,-1.));
#1422 = ADVANCED_FACE('',(#1423),#1441,.F.);
#1423 = FACE_BOUND('',#1424,.F.);
#1424 = EDGE_LOOP('',(#1425,#1426,#1427,#1435));
#1425 = ORIENTED_EDGE('',*,*,#1402,.F.);
#1426 = ORIENTED_EDGE('',*,*,#979,.T.);
#1427 = ORIENTED_EDGE('',*,*,#1428,.T.);
#1428 = EDGE_CURVE('',#972,#1429,#1431,.T.);
#1429 = VERTEX_POINT('',#1430);
#1430 = CARTESIAN_POINT('',(6.,23.3,-63.));
#1431 = LINE('',#1432,#1433);
#1432 = CARTESIAN_POINT('',(6.,23.3,1.));
#1433 = VECTOR('',#1434,1.);
#1434 = DIRECTION('',(1.224646799147E-16,0.,-1.));
#1435 = ORIENTED_EDGE('',*,*,#1436,.F.);
#1436 = EDGE_CURVE('',#1403,#1429,#1437,.T.);
#1437 = LINE('',#1438,#1439);
#1438 = CARTESIAN_POINT('',(3.,23.3,-63.));
#1439 = VECTOR('',#1440,1.);
#1440 = DIRECTION('',(1.,0.,1.224646799147E-16));
#1441 = PLANE('',#1442);
#1442 = AXIS2_PLACEMENT_3D('',#1443,#1444,#1445);
#1443 = CARTESIAN_POINT('',(6.,23.3,1.));
#1444 = DIRECTION('',(0.,1.,0.));
#1445 = DIRECTION('',(1.224646799147E-16,0.,-1.));
#1446 = ADVANCED_FACE('',(#1447),#1458,.T.);
#1447 = FACE_BOUND('',#1448,.T.);
#1448 = EDGE_LOOP('',(#1449,#1450,#1456,#1457));
#1449 = ORIENTED_EDGE('',*,*,#1428,.T.);
#1450 = ORIENTED_EDGE('',*,*,#1451,.F.);
#1451 = EDGE_CURVE('',#1362,#1429,#1452,.T.);
#1452 = LINE('',#1453,#1454);
#1453 = CARTESIAN_POINT('',(6.,0.,-63.));
#1454 = VECTOR('',#1455,1.);
#1455 = DIRECTION('',(0.,1.,0.));
#1456 = ORIENTED_EDGE('',*,*,#1361,.T.);
#1457 = ORIENTED_EDGE('',*,*,#971,.T.);
#1458 = PLANE('',#1459);
#1459 = AXIS2_PLACEMENT_3D('',#1460,#1461,#1462);
#1460 = CARTESIAN_POINT('',(6.,0.,1.));
#1461 = DIRECTION('',(-1.,0.,-1.224646799147E-16));
#1462 = DIRECTION('',(1.224646799147E-16,0.,-1.));
#1463 = ADVANCED_FACE('',(#1464),#1499,.F.);
#1464 = FACE_BOUND('',#1465,.T.);
#1465 = EDGE_LOOP('',(#1466,#1467,#1473,#1474,#1482,#1491,#1497,#1498));
#1466 = ORIENTED_EDGE('',*,*,#995,.T.);
#1467 = ORIENTED_EDGE('',*,*,#1468,.T.);
#1468 = EDGE_CURVE('',#996,#1038,#1469,.T.);
#1469 = LINE('',#1470,#1471);
#1470 = CARTESIAN_POINT('',(-50.5,-1.347111479062E-15,1.));
#1471 = VECTOR('',#1472,1.);
#1472 = DIRECTION('',(1.224646799147E-16,0.,-1.));
#1473 = ORIENTED_EDGE('',*,*,#1037,.F.);
#1474 = ORIENTED_EDGE('',*,*,#1475,.F.);
#1475 = EDGE_CURVE('',#1476,#1027,#1478,.T.);
#1476 = VERTEX_POINT('',#1477);
#1477 = CARTESIAN_POINT('',(-39.94166666666,2.15945916583,-19.));
#1478 = LINE('',#1479,#1480);
#1479 = CARTESIAN_POINT('',(-39.94166666666,2.15945916583,-18.));
#1480 = VECTOR('',#1481,1.);
#1481 = DIRECTION('',(-1.224646799147E-16,-0.,1.));
#1482 = ORIENTED_EDGE('',*,*,#1483,.T.);
#1483 = EDGE_CURVE('',#1476,#1484,#1486,.T.);
#1484 = VERTEX_POINT('',#1485);
#1485 = CARTESIAN_POINT('',(-39.94166666666,-2.15945916583,-19.));
#1486 = CIRCLE('',#1487,5.5);
#1487 = AXIS2_PLACEMENT_3D('',#1488,#1489,#1490);
#1488 = CARTESIAN_POINT('',(-45.,0.,-19.));
#1489 = DIRECTION('',(1.224646799147E-16,0.,-1.));
#1490 = DIRECTION('',(-1.,0.,-1.224646799147E-16));
#1491 = ORIENTED_EDGE('',*,*,#1492,.T.);
#1492 = EDGE_CURVE('',#1484,#1047,#1493,.T.);
#1493 = LINE('',#1494,#1495);
#1494 = CARTESIAN_POINT('',(-39.94166666666,-2.15945916583,-18.));
#1495 = VECTOR('',#1496,1.);
#1496 = DIRECTION('',(-1.224646799147E-16,-0.,1.));
#1497 = ORIENTED_EDGE('',*,*,#1046,.F.);
#1498 = ORIENTED_EDGE('',*,*,#1468,.F.);
#1499 = CYLINDRICAL_SURFACE('',#1500,5.5);
#1500 = AXIS2_PLACEMENT_3D('',#1501,#1502,#1503);
#1501 = CARTESIAN_POINT('',(-45.,0.,1.));
#1502 = DIRECTION('',(-1.224646799147E-16,-0.,1.));
#1503 = DIRECTION('',(-1.,0.,-1.224646799147E-16));
#1504 = ADVANCED_FACE('',(#1505),#1540,.F.);
#1505 = FACE_BOUND('',#1506,.T.);
#1506 = EDGE_LOOP('',(#1507,#1508,#1514,#1515,#1523,#1532,#1538,#1539));
#1507 = ORIENTED_EDGE('',*,*,#1006,.T.);
#1508 = ORIENTED_EDGE('',*,*,#1509,.T.);
#1509 = EDGE_CURVE('',#1007,#1173,#1510,.T.);
#1510 = LINE('',#1511,#1512);
#1511 = CARTESIAN_POINT('',(-25.25,43.734282891114,1.));
#1512 = VECTOR('',#1513,1.);
#1513 = DIRECTION('',(1.224646799147E-16,0.,-1.));
#1514 = ORIENTED_EDGE('',*,*,#1172,.F.);
#1515 = ORIENTED_EDGE('',*,*,#1516,.F.);
#1516 = EDGE_CURVE('',#1517,#1164,#1519,.T.);
#1517 = VERTEX_POINT('',#1518);
#1518 = CARTESIAN_POINT('',(-18.10068683728,35.670227585739,-19.));
#1519 = LINE('',#1520,#1521);
#1520 = CARTESIAN_POINT('',(-18.10068683728,35.670227585739,-18.));
#1521 = VECTOR('',#1522,1.);
#1522 = DIRECTION('',(-1.224646799147E-16,-0.,1.));
#1523 = ORIENTED_EDGE('',*,*,#1524,.T.);
#1524 = EDGE_CURVE('',#1517,#1525,#1527,.T.);
#1525 = VERTEX_POINT('',#1526);
#1526 = CARTESIAN_POINT('',(-21.84097982937,33.510768419908,-19.));
#1527 = CIRCLE('',#1528,5.5);
#1528 = AXIS2_PLACEMENT_3D('',#1529,#1530,#1531);
#1529 = CARTESIAN_POINT('',(-22.5,38.9711431703,-19.));
#1530 = DIRECTION('',(1.224646799147E-16,-4.735764047775E-34,-1.));
#1531 = DIRECTION('',(-0.5,0.866025403784,-6.123233995737E-17));
#1532 = ORIENTED_EDGE('',*,*,#1533,.T.);
#1533 = EDGE_CURVE('',#1525,#1029,#1534,.T.);
#1534 = LINE('',#1535,#1536);
#1535 = CARTESIAN_POINT('',(-21.84097982937,33.510768419908,-18.));
#1536 = VECTOR('',#1537,1.);
#1537 = DIRECTION('',(-1.224646799147E-16,-0.,1.));
#1538 = ORIENTED_EDGE('',*,*,#1181,.F.);
#1539 = ORIENTED_EDGE('',*,*,#1509,.F.);
#1540 = CYLINDRICAL_SURFACE('',#1541,5.5);
#1541 = AXIS2_PLACEMENT_3D('',#1542,#1543,#1544);
#1542 = CARTESIAN_POINT('',(-22.5,38.9711431703,1.));
#1543 = DIRECTION('',(-1.224646799147E-16,-0.,1.));
#1544 = DIRECTION('',(-0.5,0.866025403784,-6.123233995737E-17));
#1545 = ADVANCED_FACE('',(#1546),#1633,.T.);
#1546 = FACE_BOUND('',#1547,.F.);
#1547 = EDGE_LOOP('',(#1548,#1557,#1565,#1572,#1573,#1580,#1581,#1582,
    #1583,#1590,#1591,#1592,#1593,#1600,#1601,#1602,#1603,#1610,#1611,
    #1612,#1613,#1620,#1621,#1622,#1623,#1630,#1631,#1632));
#1548 = ORIENTED_EDGE('',*,*,#1549,.T.);
#1549 = EDGE_CURVE('',#1476,#1550,#1552,.T.);
#1550 = VERTEX_POINT('',#1551);
#1551 = CARTESIAN_POINT('',(-40.,-9.797174393179E-15,-19.));
#1552 = CIRCLE('',#1553,40.);
#1553 = AXIS2_PLACEMENT_3D('',#1554,#1555,#1556);
#1554 = CARTESIAN_POINT('',(2.32682891838E-15,0.,-19.));
#1555 = DIRECTION('',(-1.224646799147E-16,-0.,1.));
#1556 = DIRECTION('',(-1.,0.,-1.224646799147E-16));
#1557 = ORIENTED_EDGE('',*,*,#1558,.T.);
#1558 = EDGE_CURVE('',#1550,#1559,#1561,.T.);
#1559 = VERTEX_POINT('',#1560);
#1560 = CARTESIAN_POINT('',(-40.,-9.797174393179E-15,-63.));
#1561 = LINE('',#1562,#1563);
#1562 = CARTESIAN_POINT('',(-40.,-9.797174393179E-15,-18.));
#1563 = VECTOR('',#1564,1.);
#1564 = DIRECTION('',(1.224646799147E-16,0.,-1.));
#1565 = ORIENTED_EDGE('',*,*,#1566,.T.);
#1566 = EDGE_CURVE('',#1559,#1559,#1567,.T.);
#1567 = CIRCLE('',#1568,40.);
#1568 = AXIS2_PLACEMENT_3D('',#1569,#1570,#1571);
#1569 = CARTESIAN_POINT('',(7.715274834628E-15,0.,-63.));
#1570 = DIRECTION('',(1.224646799147E-16,0.,-1.));
#1571 = DIRECTION('',(-1.,0.,-1.224646799147E-16));
#1572 = ORIENTED_EDGE('',*,*,#1558,.F.);
#1573 = ORIENTED_EDGE('',*,*,#1574,.T.);
#1574 = EDGE_CURVE('',#1550,#1484,#1575,.T.);
#1575 = CIRCLE('',#1576,40.);
#1576 = AXIS2_PLACEMENT_3D('',#1577,#1578,#1579);
#1577 = CARTESIAN_POINT('',(2.32682891838E-15,0.,-19.));
#1578 = DIRECTION('',(-1.224646799147E-16,-0.,1.));
#1579 = DIRECTION('',(-1.,0.,-1.224646799147E-16));
#1580 = ORIENTED_EDGE('',*,*,#1492,.T.);
#1581 = ORIENTED_EDGE('',*,*,#1055,.F.);
#1582 = ORIENTED_EDGE('',*,*,#1245,.F.);
#1583 = ORIENTED_EDGE('',*,*,#1584,.T.);
#1584 = EDGE_CURVE('',#1246,#1254,#1585,.T.);
#1585 = CIRCLE('',#1586,40.);
#1586 = AXIS2_PLACEMENT_3D('',#1587,#1588,#1589);
#1587 = CARTESIAN_POINT('',(2.32682891838E-15,0.,-19.));
#1588 = DIRECTION('',(-1.224646799147E-16,-0.,1.));
#1589 = DIRECTION('',(-1.,0.,-1.224646799147E-16));
#1590 = ORIENTED_EDGE('',*,*,#1262,.T.);
#1591 = ORIENTED_EDGE('',*,*,#1082,.F.);
#1592 = ORIENTED_EDGE('',*,*,#1204,.F.);
#1593 = ORIENTED_EDGE('',*,*,#1594,.T.);
#1594 = EDGE_CURVE('',#1205,#1213,#1595,.T.);
#1595 = CIRCLE('',#1596,40.);
#1596 = AXIS2_PLACEMENT_3D('',#1597,#1598,#1599);
#1597 = CARTESIAN_POINT('',(2.32682891838E-15,0.,-19.));
#1598 = DIRECTION('',(-1.224646799147E-16,-0.,1.));
#1599 = DIRECTION('',(-1.,0.,-1.224646799147E-16));
#1600 = ORIENTED_EDGE('',*,*,#1221,.T.);
#1601 = ORIENTED_EDGE('',*,*,#1109,.F.);
#1602 = ORIENTED_EDGE('',*,*,#1286,.F.);
#1603 = ORIENTED_EDGE('',*,*,#1604,.T.);
#1604 = EDGE_CURVE('',#1287,#1295,#1605,.T.);
#1605 = CIRCLE('',#1606,40.);
#1606 = AXIS2_PLACEMENT_3D('',#1607,#1608,#1609);
#1607 = CARTESIAN_POINT('',(2.32682891838E-15,0.,-19.));
#1608 = DIRECTION('',(-1.224646799147E-16,-0.,1.));
#1609 = DIRECTION('',(-1.,0.,-1.224646799147E-16));
#1610 = ORIENTED_EDGE('',*,*,#1303,.T.);
#1611 = ORIENTED_EDGE('',*,*,#1136,.F.);
#1612 = ORIENTED_EDGE('',*,*,#1327,.F.);
#1613 = ORIENTED_EDGE('',*,*,#1614,.T.);
#1614 = EDGE_CURVE('',#1328,#1336,#1615,.T.);
#1615 = CIRCLE('',#1616,40.);
#1616 = AXIS2_PLACEMENT_3D('',#1617,#1618,#1619);
#1617 = CARTESIAN_POINT('',(2.32682891838E-15,0.,-19.));
#1618 = DIRECTION('',(-1.224646799147E-16,-0.,1.));
#1619 = DIRECTION('',(-1.,0.,-1.224646799147E-16));
#1620 = ORIENTED_EDGE('',*,*,#1344,.T.);
#1621 = ORIENTED_EDGE('',*,*,#1163,.F.);
#1622 = ORIENTED_EDGE('',*,*,#1516,.F.);
#1623 = ORIENTED_EDGE('',*,*,#1624,.T.);
#1624 = EDGE_CURVE('',#1517,#1525,#1625,.T.);
#1625 = CIRCLE('',#1626,40.);
#1626 = AXIS2_PLACEMENT_3D('',#1627,#1628,#1629);
#1627 = CARTESIAN_POINT('',(2.32682891838E-15,0.,-19.));
#1628 = DIRECTION('',(-1.224646799147E-16,-0.,1.));
#1629 = DIRECTION('',(-1.,0.,-1.224646799147E-16));
#1630 = ORIENTED_EDGE('',*,*,#1533,.T.);
#1631 = ORIENTED_EDGE('',*,*,#1026,.F.);
#1632 = ORIENTED_EDGE('',*,*,#1475,.F.);
#1633 = CYLINDRICAL_SURFACE('',#1634,40.);
#1634 = AXIS2_PLACEMENT_3D('',#1635,#1636,#1637);
#1635 = CARTESIAN_POINT('',(2.204364238465E-15,0.,-18.));
#1636 = DIRECTION('',(-1.224646799147E-16,-0.,1.));
#1637 = DIRECTION('',(-1.,0.,-1.224646799147E-16));
#1638 = ADVANCED_FACE('',(#1639),#1643,.F.);
#1639 = FACE_BOUND('',#1640,.F.);
#1640 = EDGE_LOOP('',(#1641,#1642));
#1641 = ORIENTED_EDGE('',*,*,#1594,.F.);
#1642 = ORIENTED_EDGE('',*,*,#1212,.T.);
#1643 = PLANE('',#1644);
#1644 = AXIS2_PLACEMENT_3D('',#1645,#1646,#1647);
#1645 = CARTESIAN_POINT('',(22.5,-38.9711431703,-19.));
#1646 = DIRECTION('',(1.224646799147E-16,0.,-1.));
#1647 = DIRECTION('',(0.5,-0.866025403784,6.123233995737E-17));
#1648 = ADVANCED_FACE('',(#1649),#1653,.F.);
#1649 = FACE_BOUND('',#1650,.F.);
#1650 = EDGE_LOOP('',(#1651,#1652));
#1651 = ORIENTED_EDGE('',*,*,#1584,.F.);
#1652 = ORIENTED_EDGE('',*,*,#1253,.T.);
#1653 = PLANE('',#1654);
#1654 = AXIS2_PLACEMENT_3D('',#1655,#1656,#1657);
#1655 = CARTESIAN_POINT('',(-22.5,-38.9711431703,-19.));
#1656 = DIRECTION('',(1.224646799147E-16,0.,-1.));
#1657 = DIRECTION('',(-0.5,-0.866025403784,-6.123233995737E-17));
#1658 = ADVANCED_FACE('',(#1659),#1663,.F.);
#1659 = FACE_BOUND('',#1660,.F.);
#1660 = EDGE_LOOP('',(#1661,#1662));
#1661 = ORIENTED_EDGE('',*,*,#1604,.F.);
#1662 = ORIENTED_EDGE('',*,*,#1294,.T.);
#1663 = PLANE('',#1664);
#1664 = AXIS2_PLACEMENT_3D('',#1665,#1666,#1667);
#1665 = CARTESIAN_POINT('',(45.,5.510910596163E-15,-19.));
#1666 = DIRECTION('',(1.224646799147E-16,0.,-1.));
#1667 = DIRECTION('',(1.,1.224646799147E-16,1.224646799147E-16));
#1668 = ADVANCED_FACE('',(#1669),#1673,.F.);
#1669 = FACE_BOUND('',#1670,.F.);
#1670 = EDGE_LOOP('',(#1671,#1672));
#1671 = ORIENTED_EDGE('',*,*,#1614,.F.);
#1672 = ORIENTED_EDGE('',*,*,#1335,.T.);
#1673 = PLANE('',#1674);
#1674 = AXIS2_PLACEMENT_3D('',#1675,#1676,#1677);
#1675 = CARTESIAN_POINT('',(22.5,38.9711431703,-19.));
#1676 = DIRECTION('',(1.224646799147E-16,0.,-1.));
#1677 = DIRECTION('',(0.5,0.866025403784,6.123233995737E-17));
#1678 = ADVANCED_FACE('',(#1679,#1682),#1689,.T.);
#1679 = FACE_BOUND('',#1680,.T.);
#1680 = EDGE_LOOP('',(#1681));
#1681 = ORIENTED_EDGE('',*,*,#1566,.T.);
#1682 = FACE_BOUND('',#1683,.T.);
#1683 = EDGE_LOOP('',(#1684,#1685,#1686,#1687,#1688));
#1684 = ORIENTED_EDGE('',*,*,#1378,.T.);
#1685 = ORIENTED_EDGE('',*,*,#1369,.T.);
#1686 = ORIENTED_EDGE('',*,*,#1451,.T.);
#1687 = ORIENTED_EDGE('',*,*,#1436,.F.);
#1688 = ORIENTED_EDGE('',*,*,#1410,.F.);
#1689 = PLANE('',#1690);
#1690 = AXIS2_PLACEMENT_3D('',#1691,#1692,#1693);
#1691 = CARTESIAN_POINT('',(7.715274834628E-15,0.,-63.));
#1692 = DIRECTION('',(1.224646799147E-16,0.,-1.));
#1693 = DIRECTION('',(-1.,0.,-1.224646799147E-16));
#1694 = ADVANCED_FACE('',(#1695),#1700,.F.);
#1695 = FACE_BOUND('',#1696,.F.);
#1696 = EDGE_LOOP('',(#1697,#1698,#1699));
#1697 = ORIENTED_EDGE('',*,*,#1549,.F.);
#1698 = ORIENTED_EDGE('',*,*,#1483,.T.);
#1699 = ORIENTED_EDGE('',*,*,#1574,.F.);
#1700 = PLANE('',#1701);
#1701 = AXIS2_PLACEMENT_3D('',#1702,#1703,#1704);
#1702 = CARTESIAN_POINT('',(-45.,0.,-19.));
#1703 = DIRECTION('',(1.224646799147E-16,0.,-1.));
#1704 = DIRECTION('',(-1.,0.,-1.224646799147E-16));
#1705 = ADVANCED_FACE('',(#1706),#1710,.F.);
#1706 = FACE_BOUND('',#1707,.F.);
#1707 = EDGE_LOOP('',(#1708,#1709));
#1708 = ORIENTED_EDGE('',*,*,#1624,.F.);
#1709 = ORIENTED_EDGE('',*,*,#1524,.T.);
#1710 = PLANE('',#1711);
#1711 = AXIS2_PLACEMENT_3D('',#1712,#1713,#1714);
#1712 = CARTESIAN_POINT('',(-22.5,38.9711431703,-19.));
#1713 = DIRECTION('',(1.224646799147E-16,0.,-1.));
#1714 = DIRECTION('',(-0.5,0.866025403784,-6.123233995737E-17));
#1715 = MANIFOLD_SOLID_BREP('',#1716);
#1716 = CLOSED_SHELL('',(#1717,#1757,#1788,#1819,#1852,#1896,#1913,#1930
    ,#1942,#1967));
#1717 = ADVANCED_FACE('',(#1718),#1752,.F.);
#1718 = FACE_BOUND('',#1719,.F.);
#1719 = EDGE_LOOP('',(#1720,#1730,#1738,#1746));
#1720 = ORIENTED_EDGE('',*,*,#1721,.T.);
#1721 = EDGE_CURVE('',#1722,#1724,#1726,.T.);
#1722 = VERTEX_POINT('',#1723);
#1723 = CARTESIAN_POINT('',(53.5,-4.907477288112,24.4));
#1724 = VERTEX_POINT('',#1725);
#1725 = CARTESIAN_POINT('',(53.5,-4.907477288112,18.));
#1726 = LINE('',#1727,#1728);
#1727 = CARTESIAN_POINT('',(53.5,-4.907477288112,24.4));
#1728 = VECTOR('',#1729,1.);
#1729 = DIRECTION('',(5.029927092121E-17,-2.449293598295E-16,-1.));
#1730 = ORIENTED_EDGE('',*,*,#1731,.T.);
#1731 = EDGE_CURVE('',#1724,#1732,#1734,.T.);
#1732 = VERTEX_POINT('',#1733);
#1733 = CARTESIAN_POINT('',(45.,-9.814954576224,18.));
#1734 = LINE('',#1735,#1736);
#1735 = CARTESIAN_POINT('',(53.5,-4.907477288112,18.));
#1736 = VECTOR('',#1737,1.);
#1737 = DIRECTION('',(-0.866025403784,-0.5,7.890423350513E-17));
#1738 = ORIENTED_EDGE('',*,*,#1739,.F.);
#1739 = EDGE_CURVE('',#1740,#1732,#1742,.T.);
#1740 = VERTEX_POINT('',#1741);
#1741 = CARTESIAN_POINT('',(45.,-9.814954576224,24.4));
#1742 = LINE('',#1743,#1744);
#1743 = CARTESIAN_POINT('',(45.,-9.814954576224,24.4));
#1744 = VECTOR('',#1745,1.);
#1745 = DIRECTION('',(5.029927092121E-17,-2.449293598295E-16,-1.));
#1746 = ORIENTED_EDGE('',*,*,#1747,.F.);
#1747 = EDGE_CURVE('',#1722,#1740,#1748,.T.);
#1748 = LINE('',#1749,#1750);
#1749 = CARTESIAN_POINT('',(53.5,-4.907477288112,24.4));
#1750 = VECTOR('',#1751,1.);
#1751 = DIRECTION('',(-0.866025403784,-0.5,7.890423350513E-17));
#1752 = PLANE('',#1753);
#1753 = AXIS2_PLACEMENT_3D('',#1754,#1755,#1756);
#1754 = CARTESIAN_POINT('',(53.5,-4.907477288112,24.4));
#1755 = DIRECTION('',(-0.5,0.866025403784,-2.372646832056E-16));
#1756 = DIRECTION('',(-0.866025403784,-0.5,7.890423350513E-17));
#1757 = ADVANCED_FACE('',(#1758),#1783,.F.);
#1758 = FACE_BOUND('',#1759,.F.);
#1759 = EDGE_LOOP('',(#1760,#1770,#1776,#1777));
#1760 = ORIENTED_EDGE('',*,*,#1761,.T.);
#1761 = EDGE_CURVE('',#1762,#1764,#1766,.T.);
#1762 = VERTEX_POINT('',#1763);
#1763 = CARTESIAN_POINT('',(53.5,4.907477288112,24.4));
#1764 = VERTEX_POINT('',#1765);
#1765 = CARTESIAN_POINT('',(53.5,4.907477288112,18.));
#1766 = LINE('',#1767,#1768);
#1767 = CARTESIAN_POINT('',(53.5,4.907477288112,24.4));
#1768 = VECTOR('',#1769,1.);
#1769 = DIRECTION('',(5.029927092121E-17,-2.449293598295E-16,-1.));
#1770 = ORIENTED_EDGE('',*,*,#1771,.T.);
#1771 = EDGE_CURVE('',#1764,#1724,#1772,.T.);
#1772 = LINE('',#1773,#1774);
#1773 = CARTESIAN_POINT('',(53.5,4.907477288112,18.));
#1774 = VECTOR('',#1775,1.);
#1775 = DIRECTION('',(3.619694468487E-16,-1.,2.449293598295E-16));
#1776 = ORIENTED_EDGE('',*,*,#1721,.F.);
#1777 = ORIENTED_EDGE('',*,*,#1778,.F.);
#1778 = EDGE_CURVE('',#1762,#1722,#1779,.T.);
#1779 = LINE('',#1780,#1781);
#1780 = CARTESIAN_POINT('',(53.5,4.907477288112,24.4));
#1781 = VECTOR('',#1782,1.);
#1782 = DIRECTION('',(3.619694468487E-16,-1.,2.449293598295E-16));
#1783 = PLANE('',#1784);
#1784 = AXIS2_PLACEMENT_3D('',#1785,#1786,#1787);
#1785 = CARTESIAN_POINT('',(53.5,4.907477288112,24.4));
#1786 = DIRECTION('',(-1.,-3.619694468487E-16,-5.029927092121E-17));
#1787 = DIRECTION('',(3.619694468487E-16,-1.,2.449293598295E-16));
#1788 = ADVANCED_FACE('',(#1789),#1814,.F.);
#1789 = FACE_BOUND('',#1790,.F.);
#1790 = EDGE_LOOP('',(#1791,#1792,#1800,#1808));
#1791 = ORIENTED_EDGE('',*,*,#1739,.T.);
#1792 = ORIENTED_EDGE('',*,*,#1793,.T.);
#1793 = EDGE_CURVE('',#1732,#1794,#1796,.T.);
#1794 = VERTEX_POINT('',#1795);
#1795 = CARTESIAN_POINT('',(36.5,-4.907477288112,18.));
#1796 = LINE('',#1797,#1798);
#1797 = CARTESIAN_POINT('',(45.,-9.814954576224,18.));
#1798 = VECTOR('',#1799,1.);
#1799 = DIRECTION('',(-0.866025403784,0.5,-1.660251263243E-16));
#1800 = ORIENTED_EDGE('',*,*,#1801,.F.);
#1801 = EDGE_CURVE('',#1802,#1794,#1804,.T.);
#1802 = VERTEX_POINT('',#1803);
#1803 = CARTESIAN_POINT('',(36.5,-4.907477288112,24.4));
#1804 = LINE('',#1805,#1806);
#1805 = CARTESIAN_POINT('',(36.5,-4.907477288112,24.4));
#1806 = VECTOR('',#1807,1.);
#1807 = DIRECTION('',(5.029927092121E-17,-2.449293598295E-16,-1.));
#1808 = ORIENTED_EDGE('',*,*,#1809,.F.);
#1809 = EDGE_CURVE('',#1740,#1802,#1810,.T.);
#1810 = LINE('',#1811,#1812);
#1811 = CARTESIAN_POINT('',(45.,-9.814954576224,24.4));
#1812 = VECTOR('',#1813,1.);
#1813 = DIRECTION('',(-0.866025403784,0.5,-1.660251263243E-16));
#1814 = PLANE('',#1815);
#1815 = AXIS2_PLACEMENT_3D('',#1816,#1817,#1818);
#1816 = CARTESIAN_POINT('',(45.,-9.814954576224,24.4));
#1817 = DIRECTION('',(0.5,0.866025403784,-1.869654122844E-16));
#1818 = DIRECTION('',(-0.866025403784,0.5,-1.660251263243E-16));
#1819 = ADVANCED_FACE('',(#1820),#1847,.F.);
#1820 = FACE_BOUND('',#1821,.F.);
#1821 = EDGE_LOOP('',(#1822,#1823,#1824,#1832,#1840,#1846));
#1822 = ORIENTED_EDGE('',*,*,#1747,.T.);
#1823 = ORIENTED_EDGE('',*,*,#1809,.T.);
#1824 = ORIENTED_EDGE('',*,*,#1825,.T.);
#1825 = EDGE_CURVE('',#1802,#1826,#1828,.T.);
#1826 = VERTEX_POINT('',#1827);
#1827 = CARTESIAN_POINT('',(36.5,4.907477288112,24.4));
#1828 = LINE('',#1829,#1830);
#1829 = CARTESIAN_POINT('',(36.5,-4.907477288112,24.4));
#1830 = VECTOR('',#1831,1.);
#1831 = DIRECTION('',(6.159884113311E-33,1.,-2.449293598295E-16));
#1832 = ORIENTED_EDGE('',*,*,#1833,.T.);
#1833 = EDGE_CURVE('',#1826,#1834,#1836,.T.);
#1834 = VERTEX_POINT('',#1835);
#1835 = CARTESIAN_POINT('',(45.,9.814954576224,24.4));
#1836 = LINE('',#1837,#1838);
#1837 = CARTESIAN_POINT('',(36.5,4.907477288112,24.4));
#1838 = VECTOR('',#1839,1.);
#1839 = DIRECTION('',(0.866025403784,0.5,-7.890423350513E-17));
#1840 = ORIENTED_EDGE('',*,*,#1841,.T.);
#1841 = EDGE_CURVE('',#1834,#1762,#1842,.T.);
#1842 = LINE('',#1843,#1844);
#1843 = CARTESIAN_POINT('',(45.,9.814954576224,24.4));
#1844 = VECTOR('',#1845,1.);
#1845 = DIRECTION('',(0.866025403784,-0.5,1.660251263243E-16));
#1846 = ORIENTED_EDGE('',*,*,#1778,.T.);
#1847 = PLANE('',#1848);
#1848 = AXIS2_PLACEMENT_3D('',#1849,#1850,#1851);
#1849 = CARTESIAN_POINT('',(45.,6.636106525559E-16,24.4));
#1850 = DIRECTION('',(5.029927092121E-17,-2.449293598295E-16,-1.));
#1851 = DIRECTION('',(1.,6.159884113311E-33,5.029927092121E-17));
#1852 = ADVANCED_FACE('',(#1853,#1880),#1891,.T.);
#1853 = FACE_BOUND('',#1854,.T.);
#1854 = EDGE_LOOP('',(#1855,#1856,#1857,#1865,#1873,#1879));
#1855 = ORIENTED_EDGE('',*,*,#1731,.T.);
#1856 = ORIENTED_EDGE('',*,*,#1793,.T.);
#1857 = ORIENTED_EDGE('',*,*,#1858,.T.);
#1858 = EDGE_CURVE('',#1794,#1859,#1861,.T.);
#1859 = VERTEX_POINT('',#1860);
#1860 = CARTESIAN_POINT('',(36.5,4.907477288112,18.));
#1861 = LINE('',#1862,#1863);
#1862 = CARTESIAN_POINT('',(36.5,-4.907477288112,18.));
#1863 = VECTOR('',#1864,1.);
#1864 = DIRECTION('',(6.159884113311E-33,1.,-2.449293598295E-16));
#1865 = ORIENTED_EDGE('',*,*,#1866,.T.);
#1866 = EDGE_CURVE('',#1859,#1867,#1869,.T.);
#1867 = VERTEX_POINT('',#1868);
#1868 = CARTESIAN_POINT('',(45.,9.814954576224,18.));
#1869 = LINE('',#1870,#1871);
#1870 = CARTESIAN_POINT('',(36.5,4.907477288112,18.));
#1871 = VECTOR('',#1872,1.);
#1872 = DIRECTION('',(0.866025403784,0.5,-7.890423350513E-17));
#1873 = ORIENTED_EDGE('',*,*,#1874,.T.);
#1874 = EDGE_CURVE('',#1867,#1764,#1875,.T.);
#1875 = LINE('',#1876,#1877);
#1876 = CARTESIAN_POINT('',(45.,9.814954576224,18.));
#1877 = VECTOR('',#1878,1.);
#1878 = DIRECTION('',(0.866025403784,-0.5,1.660251263243E-16));
#1879 = ORIENTED_EDGE('',*,*,#1771,.T.);
#1880 = FACE_BOUND('',#1881,.T.);
#1881 = EDGE_LOOP('',(#1882));
#1882 = ORIENTED_EDGE('',*,*,#1883,.F.);
#1883 = EDGE_CURVE('',#1884,#1884,#1886,.T.);
#1884 = VERTEX_POINT('',#1885);
#1885 = CARTESIAN_POINT('',(50.,-3.429011037613E-16,18.));
#1886 = CIRCLE('',#1887,5.);
#1887 = AXIS2_PLACEMENT_3D('',#1888,#1889,#1890);
#1888 = CARTESIAN_POINT('',(45.,-1.567547902909E-15,18.));
#1889 = DIRECTION('',(5.029927092121E-17,-2.449293598295E-16,-1.));
#1890 = DIRECTION('',(1.,6.159884113311E-33,5.029927092121E-17));
#1891 = PLANE('',#1892);
#1892 = AXIS2_PLACEMENT_3D('',#1893,#1894,#1895);
#1893 = CARTESIAN_POINT('',(45.,-9.039372503527E-16,18.));
#1894 = DIRECTION('',(5.029927092121E-17,-2.449293598295E-16,-1.));
#1895 = DIRECTION('',(1.,6.159884113311E-33,5.029927092121E-17));
#1896 = ADVANCED_FACE('',(#1897),#1908,.F.);
#1897 = FACE_BOUND('',#1898,.F.);
#1898 = EDGE_LOOP('',(#1899,#1905,#1906,#1907));
#1899 = ORIENTED_EDGE('',*,*,#1900,.T.);
#1900 = EDGE_CURVE('',#1834,#1867,#1901,.T.);
#1901 = LINE('',#1902,#1903);
#1902 = CARTESIAN_POINT('',(45.,9.814954576224,24.4));
#1903 = VECTOR('',#1904,1.);
#1904 = DIRECTION('',(5.029927092121E-17,-2.449293598295E-16,-1.));
#1905 = ORIENTED_EDGE('',*,*,#1874,.T.);
#1906 = ORIENTED_EDGE('',*,*,#1761,.F.);
#1907 = ORIENTED_EDGE('',*,*,#1841,.F.);
#1908 = PLANE('',#1909);
#1909 = AXIS2_PLACEMENT_3D('',#1910,#1911,#1912);
#1910 = CARTESIAN_POINT('',(45.,9.814954576224,24.4));
#1911 = DIRECTION('',(-0.5,-0.866025403784,1.869654122844E-16));
#1912 = DIRECTION('',(0.866025403784,-0.5,1.660251263243E-16));
#1913 = ADVANCED_FACE('',(#1914),#1925,.F.);
#1914 = FACE_BOUND('',#1915,.F.);
#1915 = EDGE_LOOP('',(#1916,#1917,#1918,#1924));
#1916 = ORIENTED_EDGE('',*,*,#1801,.T.);
#1917 = ORIENTED_EDGE('',*,*,#1858,.T.);
#1918 = ORIENTED_EDGE('',*,*,#1919,.F.);
#1919 = EDGE_CURVE('',#1826,#1859,#1920,.T.);
#1920 = LINE('',#1921,#1922);
#1921 = CARTESIAN_POINT('',(36.5,4.907477288112,24.4));
#1922 = VECTOR('',#1923,1.);
#1923 = DIRECTION('',(5.029927092121E-17,-2.449293598295E-16,-1.));
#1924 = ORIENTED_EDGE('',*,*,#1825,.F.);
#1925 = PLANE('',#1926);
#1926 = AXIS2_PLACEMENT_3D('',#1927,#1928,#1929);
#1927 = CARTESIAN_POINT('',(36.5,-4.907477288112,24.4));
#1928 = DIRECTION('',(1.,6.159884113311E-33,5.029927092121E-17));
#1929 = DIRECTION('',(6.159884113311E-33,1.,-2.449293598295E-16));
#1930 = ADVANCED_FACE('',(#1931),#1937,.F.);
#1931 = FACE_BOUND('',#1932,.F.);
#1932 = EDGE_LOOP('',(#1933,#1934,#1935,#1936));
#1933 = ORIENTED_EDGE('',*,*,#1919,.T.);
#1934 = ORIENTED_EDGE('',*,*,#1866,.T.);
#1935 = ORIENTED_EDGE('',*,*,#1900,.F.);
#1936 = ORIENTED_EDGE('',*,*,#1833,.F.);
#1937 = PLANE('',#1938);
#1938 = AXIS2_PLACEMENT_3D('',#1939,#1940,#1941);
#1939 = CARTESIAN_POINT('',(36.5,4.907477288112,24.4));
#1940 = DIRECTION('',(0.5,-0.866025403784,2.372646832056E-16));
#1941 = DIRECTION('',(0.866025403784,0.5,-7.890423350513E-17));
#1942 = ADVANCED_FACE('',(#1943),#1962,.T.);
#1943 = FACE_BOUND('',#1944,.T.);
#1944 = EDGE_LOOP('',(#1945,#1954,#1960,#1961));
#1945 = ORIENTED_EDGE('',*,*,#1946,.F.);
#1946 = EDGE_CURVE('',#1947,#1947,#1949,.T.);
#1947 = VERTEX_POINT('',#1948);
#1948 = CARTESIAN_POINT('',(50.,-1.258936909523E-14,-32.));
#1949 = CIRCLE('',#1950,5.);
#1950 = AXIS2_PLACEMENT_3D('',#1951,#1952,#1953);
#1951 = CARTESIAN_POINT('',(45.,-1.381401589438E-14,-32.));
#1952 = DIRECTION('',(5.029927092121E-17,-2.449293598295E-16,-1.));
#1953 = DIRECTION('',(1.,6.159884113311E-33,5.029927092121E-17));
#1954 = ORIENTED_EDGE('',*,*,#1955,.F.);
#1955 = EDGE_CURVE('',#1884,#1947,#1956,.T.);
#1956 = LINE('',#1957,#1958);
#1957 = CARTESIAN_POINT('',(50.,-3.429011037613E-16,18.));
#1958 = VECTOR('',#1959,1.);
#1959 = DIRECTION('',(5.029927092121E-17,-2.449293598295E-16,-1.));
#1960 = ORIENTED_EDGE('',*,*,#1883,.T.);
#1961 = ORIENTED_EDGE('',*,*,#1955,.T.);
#1962 = CYLINDRICAL_SURFACE('',#1963,5.);
#1963 = AXIS2_PLACEMENT_3D('',#1964,#1965,#1966);
#1964 = CARTESIAN_POINT('',(45.,-1.567547902909E-15,18.));
#1965 = DIRECTION('',(5.029927092121E-17,-2.449293598295E-16,-1.));
#1966 = DIRECTION('',(1.,6.159884113311E-33,5.029927092121E-17));
#1967 = ADVANCED_FACE('',(#1968),#1971,.T.);
#1968 = FACE_BOUND('',#1969,.T.);
#1969 = EDGE_LOOP('',(#1970));
#1970 = ORIENTED_EDGE('',*,*,#1946,.T.);
#1971 = PLANE('',#1972);
#1972 = AXIS2_PLACEMENT_3D('',#1973,#1974,#1975);
#1973 = CARTESIAN_POINT('',(45.,-1.381401589438E-14,-32.));
#1974 = DIRECTION('',(5.029927092121E-17,-2.449293598295E-16,-1.));
#1975 = DIRECTION('',(1.,6.159884113311E-33,5.029927092121E-17));
#1976 = MANIFOLD_SOLID_BREP('',#1977);
#1977 = CLOSED_SHELL('',(#1978,#2018,#2049,#2080,#2113,#2157,#2174,#2191
    ,#2203,#2228));
#1978 = ADVANCED_FACE('',(#1979),#2013,.F.);
#1979 = FACE_BOUND('',#1980,.F.);
#1980 = EDGE_LOOP('',(#1981,#1991,#1999,#2007));
#1981 = ORIENTED_EDGE('',*,*,#1982,.T.);
#1982 = EDGE_CURVE('',#1983,#1985,#1987,.T.);
#1983 = VERTEX_POINT('',#1984);
#1984 = CARTESIAN_POINT('',(31.,43.878620458412,24.4));
#1985 = VERTEX_POINT('',#1986);
#1986 = CARTESIAN_POINT('',(31.,43.878620458412,18.));
#1987 = LINE('',#1988,#1989);
#1988 = CARTESIAN_POINT('',(31.,43.878620458412,24.4));
#1989 = VECTOR('',#1990,1.);
#1990 = DIRECTION('',(2.372646832056E-16,-7.890423350513E-17,-1.));
#1991 = ORIENTED_EDGE('',*,*,#1992,.T.);
#1992 = EDGE_CURVE('',#1985,#1993,#1995,.T.);
#1993 = VERTEX_POINT('',#1994);
#1994 = CARTESIAN_POINT('',(31.,34.063665882188,18.));
#1995 = LINE('',#1996,#1997);
#1996 = CARTESIAN_POINT('',(31.,43.878620458412,18.));
#1997 = VECTOR('',#1998,1.);
#1998 = DIRECTION('',(-4.063698308792E-17,-1.,7.890423350513E-17));
#1999 = ORIENTED_EDGE('',*,*,#2000,.F.);
#2000 = EDGE_CURVE('',#2001,#1993,#2003,.T.);
#2001 = VERTEX_POINT('',#2002);
#2002 = CARTESIAN_POINT('',(31.,34.063665882188,24.4));
#2003 = LINE('',#2004,#2005);
#2004 = CARTESIAN_POINT('',(31.,34.063665882188,24.4));
#2005 = VECTOR('',#2006,1.);
#2006 = DIRECTION('',(2.372646832056E-16,-7.890423350513E-17,-1.));
#2007 = ORIENTED_EDGE('',*,*,#2008,.F.);
#2008 = EDGE_CURVE('',#1983,#2001,#2009,.T.);
#2009 = LINE('',#2010,#2011);
#2010 = CARTESIAN_POINT('',(31.,43.878620458412,24.4));
#2011 = VECTOR('',#2012,1.);
#2012 = DIRECTION('',(-4.063698308792E-17,-1.,7.890423350513E-17));
#2013 = PLANE('',#2014);
#2014 = AXIS2_PLACEMENT_3D('',#2015,#2016,#2017);
#2015 = CARTESIAN_POINT('',(31.,43.878620458412,24.4));
#2016 = DIRECTION('',(-1.,7.03853193746E-17,-2.372646832056E-16));
#2017 = DIRECTION('',(-4.063698308792E-17,-1.,7.890423350513E-17));
#2018 = ADVANCED_FACE('',(#2019),#2044,.F.);
#2019 = FACE_BOUND('',#2020,.F.);
#2020 = EDGE_LOOP('',(#2021,#2031,#2037,#2038));
#2021 = ORIENTED_EDGE('',*,*,#2022,.T.);
#2022 = EDGE_CURVE('',#2023,#2025,#2027,.T.);
#2023 = VERTEX_POINT('',#2024);
#2024 = CARTESIAN_POINT('',(22.5,48.786097746523,24.4));
#2025 = VERTEX_POINT('',#2026);
#2026 = CARTESIAN_POINT('',(22.5,48.786097746523,18.));
#2027 = LINE('',#2028,#2029);
#2028 = CARTESIAN_POINT('',(22.5,48.786097746523,24.4));
#2029 = VECTOR('',#2030,1.);
#2030 = DIRECTION('',(2.372646832056E-16,-7.890423350513E-17,-1.));
#2031 = ORIENTED_EDGE('',*,*,#2032,.T.);
#2032 = EDGE_CURVE('',#2025,#1985,#2033,.T.);
#2033 = LINE('',#2034,#2035);
#2034 = CARTESIAN_POINT('',(22.5,48.786097746523,18.));
#2035 = VECTOR('',#2036,1.);
#2036 = DIRECTION('',(0.866025403784,-0.5,2.449293598295E-16));
#2037 = ORIENTED_EDGE('',*,*,#1982,.F.);
#2038 = ORIENTED_EDGE('',*,*,#2039,.F.);
#2039 = EDGE_CURVE('',#2023,#1983,#2040,.T.);
#2040 = LINE('',#2041,#2042);
#2041 = CARTESIAN_POINT('',(22.5,48.786097746523,24.4));
#2042 = VECTOR('',#2043,1.);
#2043 = DIRECTION('',(0.866025403784,-0.5,2.449293598295E-16));
#2044 = PLANE('',#2045);
#2045 = AXIS2_PLACEMENT_3D('',#2046,#2047,#2048);
#2046 = CARTESIAN_POINT('',(22.5,48.786097746523,24.4));
#2047 = DIRECTION('',(-0.5,-0.866025403784,-5.029927092121E-17));
#2048 = DIRECTION('',(0.866025403784,-0.5,2.449293598295E-16));
#2049 = ADVANCED_FACE('',(#2050),#2075,.F.);
#2050 = FACE_BOUND('',#2051,.F.);
#2051 = EDGE_LOOP('',(#2052,#2053,#2061,#2069));
#2052 = ORIENTED_EDGE('',*,*,#2000,.T.);
#2053 = ORIENTED_EDGE('',*,*,#2054,.T.);
#2054 = EDGE_CURVE('',#1993,#2055,#2057,.T.);
#2055 = VERTEX_POINT('',#2056);
#2056 = CARTESIAN_POINT('',(22.5,29.156188594076,18.));
#2057 = LINE('',#2058,#2059);
#2058 = CARTESIAN_POINT('',(31.,34.063665882188,18.));
#2059 = VECTOR('',#2060,1.);
#2060 = DIRECTION('',(-0.866025403784,-0.5,-1.660251263243E-16));
#2061 = ORIENTED_EDGE('',*,*,#2062,.F.);
#2062 = EDGE_CURVE('',#2063,#2055,#2065,.T.);
#2063 = VERTEX_POINT('',#2064);
#2064 = CARTESIAN_POINT('',(22.5,29.156188594076,24.4));
#2065 = LINE('',#2066,#2067);
#2066 = CARTESIAN_POINT('',(22.5,29.156188594076,24.4));
#2067 = VECTOR('',#2068,1.);
#2068 = DIRECTION('',(2.372646832056E-16,-7.890423350513E-17,-1.));
#2069 = ORIENTED_EDGE('',*,*,#2070,.F.);
#2070 = EDGE_CURVE('',#2001,#2063,#2071,.T.);
#2071 = LINE('',#2072,#2073);
#2072 = CARTESIAN_POINT('',(31.,34.063665882188,24.4));
#2073 = VECTOR('',#2074,1.);
#2074 = DIRECTION('',(-0.866025403784,-0.5,-1.660251263243E-16));
#2075 = PLANE('',#2076);
#2076 = AXIS2_PLACEMENT_3D('',#2077,#2078,#2079);
#2077 = CARTESIAN_POINT('',(31.,34.063665882188,24.4));
#2078 = DIRECTION('',(-0.5,0.866025403784,-1.869654122844E-16));
#2079 = DIRECTION('',(-0.866025403784,-0.5,-1.660251263243E-16));
#2080 = ADVANCED_FACE('',(#2081),#2108,.F.);
#2081 = FACE_BOUND('',#2082,.F.);
#2082 = EDGE_LOOP('',(#2083,#2084,#2085,#2093,#2101,#2107));
#2083 = ORIENTED_EDGE('',*,*,#2008,.T.);
#2084 = ORIENTED_EDGE('',*,*,#2070,.T.);
#2085 = ORIENTED_EDGE('',*,*,#2086,.T.);
#2086 = EDGE_CURVE('',#2063,#2087,#2089,.T.);
#2087 = VERTEX_POINT('',#2088);
#2088 = CARTESIAN_POINT('',(14.,34.063665882188,24.4));
#2089 = LINE('',#2090,#2091);
#2090 = CARTESIAN_POINT('',(22.5,29.156188594076,24.4));
#2091 = VECTOR('',#2092,1.);
#2092 = DIRECTION('',(-0.866025403784,0.5,-2.449293598295E-16));
#2093 = ORIENTED_EDGE('',*,*,#2094,.T.);
#2094 = EDGE_CURVE('',#2087,#2095,#2097,.T.);
#2095 = VERTEX_POINT('',#2096);
#2096 = CARTESIAN_POINT('',(14.,43.878620458412,24.4));
#2097 = LINE('',#2098,#2099);
#2098 = CARTESIAN_POINT('',(14.,34.063665882188,24.4));
#2099 = VECTOR('',#2100,1.);
#2100 = DIRECTION('',(9.614813431918E-17,1.,-7.890423350513E-17));
#2101 = ORIENTED_EDGE('',*,*,#2102,.T.);
#2102 = EDGE_CURVE('',#2095,#2023,#2103,.T.);
#2103 = LINE('',#2104,#2105);
#2104 = CARTESIAN_POINT('',(14.,43.878620458412,24.4));
#2105 = VECTOR('',#2106,1.);
#2106 = DIRECTION('',(0.866025403784,0.5,1.660251263243E-16));
#2107 = ORIENTED_EDGE('',*,*,#2039,.T.);
#2108 = PLANE('',#2109);
#2109 = AXIS2_PLACEMENT_3D('',#2110,#2111,#2112);
#2110 = CARTESIAN_POINT('',(22.5,38.9711431703,24.4));
#2111 = DIRECTION('',(2.372646832056E-16,-7.890423350513E-17,-1.));
#2112 = DIRECTION('',(0.5,0.866025403784,5.029927092121E-17));
#2113 = ADVANCED_FACE('',(#2114,#2141),#2152,.T.);
#2114 = FACE_BOUND('',#2115,.T.);
#2115 = EDGE_LOOP('',(#2116,#2117,#2118,#2126,#2134,#2140));
#2116 = ORIENTED_EDGE('',*,*,#1992,.T.);
#2117 = ORIENTED_EDGE('',*,*,#2054,.T.);
#2118 = ORIENTED_EDGE('',*,*,#2119,.T.);
#2119 = EDGE_CURVE('',#2055,#2120,#2122,.T.);
#2120 = VERTEX_POINT('',#2121);
#2121 = CARTESIAN_POINT('',(14.,34.063665882188,18.));
#2122 = LINE('',#2123,#2124);
#2123 = CARTESIAN_POINT('',(22.5,29.156188594076,18.));
#2124 = VECTOR('',#2125,1.);
#2125 = DIRECTION('',(-0.866025403784,0.5,-2.449293598295E-16));
#2126 = ORIENTED_EDGE('',*,*,#2127,.T.);
#2127 = EDGE_CURVE('',#2120,#2128,#2130,.T.);
#2128 = VERTEX_POINT('',#2129);
#2129 = CARTESIAN_POINT('',(14.,43.878620458412,18.));
#2130 = LINE('',#2131,#2132);
#2131 = CARTESIAN_POINT('',(14.,34.063665882188,18.));
#2132 = VECTOR('',#2133,1.);
#2133 = DIRECTION('',(9.614813431918E-17,1.,-7.890423350513E-17));
#2134 = ORIENTED_EDGE('',*,*,#2135,.T.);
#2135 = EDGE_CURVE('',#2128,#2025,#2136,.T.);
#2136 = LINE('',#2137,#2138);
#2137 = CARTESIAN_POINT('',(14.,43.878620458412,18.));
#2138 = VECTOR('',#2139,1.);
#2139 = DIRECTION('',(0.866025403784,0.5,1.660251263243E-16));
#2140 = ORIENTED_EDGE('',*,*,#2032,.T.);
#2141 = FACE_BOUND('',#2142,.T.);
#2142 = EDGE_LOOP('',(#2143));
#2143 = ORIENTED_EDGE('',*,*,#2144,.F.);
#2144 = EDGE_CURVE('',#2145,#2145,#2147,.T.);
#2145 = VERTEX_POINT('',#2146);
#2146 = CARTESIAN_POINT('',(25.,43.301270189222,18.));
#2147 = CIRCLE('',#2148,5.);
#2148 = AXIS2_PLACEMENT_3D('',#2149,#2150,#2151);
#2149 = CARTESIAN_POINT('',(22.5,38.9711431703,18.));
#2150 = DIRECTION('',(2.372646832056E-16,-7.890423350513E-17,-1.));
#2151 = DIRECTION('',(0.5,0.866025403784,5.029927092121E-17));
#2152 = PLANE('',#2153);
#2153 = AXIS2_PLACEMENT_3D('',#2154,#2155,#2156);
#2154 = CARTESIAN_POINT('',(22.5,38.9711431703,18.));
#2155 = DIRECTION('',(2.372646832056E-16,-7.890423350513E-17,-1.));
#2156 = DIRECTION('',(0.5,0.866025403784,5.029927092121E-17));
#2157 = ADVANCED_FACE('',(#2158),#2169,.F.);
#2158 = FACE_BOUND('',#2159,.F.);
#2159 = EDGE_LOOP('',(#2160,#2166,#2167,#2168));
#2160 = ORIENTED_EDGE('',*,*,#2161,.T.);
#2161 = EDGE_CURVE('',#2095,#2128,#2162,.T.);
#2162 = LINE('',#2163,#2164);
#2163 = CARTESIAN_POINT('',(14.,43.878620458412,24.4));
#2164 = VECTOR('',#2165,1.);
#2165 = DIRECTION('',(2.372646832056E-16,-7.890423350513E-17,-1.));
#2166 = ORIENTED_EDGE('',*,*,#2135,.T.);
#2167 = ORIENTED_EDGE('',*,*,#2022,.F.);
#2168 = ORIENTED_EDGE('',*,*,#2102,.F.);
#2169 = PLANE('',#2170);
#2170 = AXIS2_PLACEMENT_3D('',#2171,#2172,#2173);
#2171 = CARTESIAN_POINT('',(14.,43.878620458412,24.4));
#2172 = DIRECTION('',(0.5,-0.866025403784,1.869654122844E-16));
#2173 = DIRECTION('',(0.866025403784,0.5,1.660251263243E-16));
#2174 = ADVANCED_FACE('',(#2175),#2186,.F.);
#2175 = FACE_BOUND('',#2176,.F.);
#2176 = EDGE_LOOP('',(#2177,#2178,#2179,#2185));
#2177 = ORIENTED_EDGE('',*,*,#2062,.T.);
#2178 = ORIENTED_EDGE('',*,*,#2119,.T.);
#2179 = ORIENTED_EDGE('',*,*,#2180,.F.);
#2180 = EDGE_CURVE('',#2087,#2120,#2181,.T.);
#2181 = LINE('',#2182,#2183);
#2182 = CARTESIAN_POINT('',(14.,34.063665882188,24.4));
#2183 = VECTOR('',#2184,1.);
#2184 = DIRECTION('',(2.372646832056E-16,-7.890423350513E-17,-1.));
#2185 = ORIENTED_EDGE('',*,*,#2086,.F.);
#2186 = PLANE('',#2187);
#2187 = AXIS2_PLACEMENT_3D('',#2188,#2189,#2190);
#2188 = CARTESIAN_POINT('',(22.5,29.156188594076,24.4));
#2189 = DIRECTION('',(0.5,0.866025403784,5.029927092121E-17));
#2190 = DIRECTION('',(-0.866025403784,0.5,-2.449293598295E-16));
#2191 = ADVANCED_FACE('',(#2192),#2198,.F.);
#2192 = FACE_BOUND('',#2193,.F.);
#2193 = EDGE_LOOP('',(#2194,#2195,#2196,#2197));
#2194 = ORIENTED_EDGE('',*,*,#2180,.T.);
#2195 = ORIENTED_EDGE('',*,*,#2127,.T.);
#2196 = ORIENTED_EDGE('',*,*,#2161,.F.);
#2197 = ORIENTED_EDGE('',*,*,#2094,.F.);
#2198 = PLANE('',#2199);
#2199 = AXIS2_PLACEMENT_3D('',#2200,#2201,#2202);
#2200 = CARTESIAN_POINT('',(14.,34.063665882188,24.4));
#2201 = DIRECTION('',(1.,-7.03853193746E-17,2.372646832056E-16));
#2202 = DIRECTION('',(4.063698308792E-17,1.,-7.890423350513E-17));
#2203 = ADVANCED_FACE('',(#2204),#2223,.T.);
#2204 = FACE_BOUND('',#2205,.T.);
#2205 = EDGE_LOOP('',(#2206,#2215,#2221,#2222));
#2206 = ORIENTED_EDGE('',*,*,#2207,.F.);
#2207 = EDGE_CURVE('',#2208,#2208,#2210,.T.);
#2208 = VERTEX_POINT('',#2209);
#2209 = CARTESIAN_POINT('',(25.,43.301270189222,-32.));
#2210 = CIRCLE('',#2211,5.);
#2211 = AXIS2_PLACEMENT_3D('',#2212,#2213,#2214);
#2212 = CARTESIAN_POINT('',(22.5,38.9711431703,-32.));
#2213 = DIRECTION('',(2.372646832056E-16,-7.890423350513E-17,-1.));
#2214 = DIRECTION('',(0.5,0.866025403784,5.029927092121E-17));
#2215 = ORIENTED_EDGE('',*,*,#2216,.F.);
#2216 = EDGE_CURVE('',#2145,#2208,#2217,.T.);
#2217 = LINE('',#2218,#2219);
#2218 = CARTESIAN_POINT('',(25.,43.301270189222,18.));
#2219 = VECTOR('',#2220,1.);
#2220 = DIRECTION('',(2.372646832056E-16,-7.890423350513E-17,-1.));
#2221 = ORIENTED_EDGE('',*,*,#2144,.T.);
#2222 = ORIENTED_EDGE('',*,*,#2216,.T.);
#2223 = CYLINDRICAL_SURFACE('',#2224,5.);
#2224 = AXIS2_PLACEMENT_3D('',#2225,#2226,#2227);
#2225 = CARTESIAN_POINT('',(22.5,38.9711431703,18.));
#2226 = DIRECTION('',(2.372646832056E-16,-7.890423350513E-17,-1.));
#2227 = DIRECTION('',(0.5,0.866025403784,5.029927092121E-17));
#2228 = ADVANCED_FACE('',(#2229),#2232,.T.);
#2229 = FACE_BOUND('',#2230,.T.);
#2230 = EDGE_LOOP('',(#2231));
#2231 = ORIENTED_EDGE('',*,*,#2207,.T.);
#2232 = PLANE('',#2233);
#2233 = AXIS2_PLACEMENT_3D('',#2234,#2235,#2236);
#2234 = CARTESIAN_POINT('',(22.5,38.9711431703,-32.));
#2235 = DIRECTION('',(2.372646832056E-16,-7.890423350513E-17,-1.));
#2236 = DIRECTION('',(0.5,0.866025403784,5.029927092121E-17));
#2237 = MANIFOLD_SOLID_BREP('',#2238);
#2238 = CLOSED_SHELL('',(#2239,#2279,#2310,#2341,#2374,#2418,#2435,#2452
    ,#2464,#2489));
#2239 = ADVANCED_FACE('',(#2240),#2274,.F.);
#2240 = FACE_BOUND('',#2241,.F.);
#2241 = EDGE_LOOP('',(#2242,#2252,#2260,#2268));
#2242 = ORIENTED_EDGE('',*,*,#2243,.T.);
#2243 = EDGE_CURVE('',#2244,#2246,#2248,.T.);
#2244 = VERTEX_POINT('',#2245);
#2245 = CARTESIAN_POINT('',(-22.5,48.786097746523,24.4));
#2246 = VERTEX_POINT('',#2247);
#2247 = CARTESIAN_POINT('',(-22.5,48.786097746523,18.));
#2248 = LINE('',#2249,#2250);
#2249 = CARTESIAN_POINT('',(-22.5,48.786097746523,24.4));
#2250 = VECTOR('',#2251,1.);
#2251 = DIRECTION('',(1.869654122844E-16,1.660251263243E-16,-1.));
#2252 = ORIENTED_EDGE('',*,*,#2253,.T.);
#2253 = EDGE_CURVE('',#2246,#2254,#2256,.T.);
#2254 = VERTEX_POINT('',#2255);
#2255 = CARTESIAN_POINT('',(-14.,43.878620458412,18.));
#2256 = LINE('',#2257,#2258);
#2257 = CARTESIAN_POINT('',(-22.5,48.786097746523,18.));
#2258 = VECTOR('',#2259,1.);
#2259 = DIRECTION('',(0.866025403784,-0.5,7.890423350513E-17));
#2260 = ORIENTED_EDGE('',*,*,#2261,.F.);
#2261 = EDGE_CURVE('',#2262,#2254,#2264,.T.);
#2262 = VERTEX_POINT('',#2263);
#2263 = CARTESIAN_POINT('',(-14.,43.878620458412,24.4));
#2264 = LINE('',#2265,#2266);
#2265 = CARTESIAN_POINT('',(-14.,43.878620458412,24.4));
#2266 = VECTOR('',#2267,1.);
#2267 = DIRECTION('',(1.869654122844E-16,1.660251263243E-16,-1.));
#2268 = ORIENTED_EDGE('',*,*,#2269,.F.);
#2269 = EDGE_CURVE('',#2244,#2262,#2270,.T.);
#2270 = LINE('',#2271,#2272);
#2271 = CARTESIAN_POINT('',(-22.5,48.786097746523,24.4));
#2272 = VECTOR('',#2273,1.);
#2273 = DIRECTION('',(0.866025403784,-0.5,7.890423350513E-17));
#2274 = PLANE('',#2275);
#2275 = AXIS2_PLACEMENT_3D('',#2276,#2277,#2278);
#2276 = CARTESIAN_POINT('',(-22.5,48.786097746523,24.4));
#2277 = DIRECTION('',(-0.5,-0.866025403784,-2.372646832056E-16));
#2278 = DIRECTION('',(0.866025403784,-0.5,7.890423350513E-17));
#2279 = ADVANCED_FACE('',(#2280),#2305,.F.);
#2280 = FACE_BOUND('',#2281,.F.);
#2281 = EDGE_LOOP('',(#2282,#2292,#2298,#2299));
#2282 = ORIENTED_EDGE('',*,*,#2283,.T.);
#2283 = EDGE_CURVE('',#2284,#2286,#2288,.T.);
#2284 = VERTEX_POINT('',#2285);
#2285 = CARTESIAN_POINT('',(-31.,43.878620458412,24.4));
#2286 = VERTEX_POINT('',#2287);
#2287 = CARTESIAN_POINT('',(-31.,43.878620458412,18.));
#2288 = LINE('',#2289,#2290);
#2289 = CARTESIAN_POINT('',(-31.,43.878620458412,24.4));
#2290 = VECTOR('',#2291,1.);
#2291 = DIRECTION('',(1.869654122844E-16,1.660251263243E-16,-1.));
#2292 = ORIENTED_EDGE('',*,*,#2293,.T.);
#2293 = EDGE_CURVE('',#2286,#2246,#2294,.T.);
#2294 = LINE('',#2295,#2296);
#2295 = CARTESIAN_POINT('',(-31.,43.878620458412,18.));
#2296 = VECTOR('',#2297,1.);
#2297 = DIRECTION('',(0.866025403784,0.5,2.449293598295E-16));
#2298 = ORIENTED_EDGE('',*,*,#2243,.F.);
#2299 = ORIENTED_EDGE('',*,*,#2300,.F.);
#2300 = EDGE_CURVE('',#2284,#2244,#2301,.T.);
#2301 = LINE('',#2302,#2303);
#2302 = CARTESIAN_POINT('',(-31.,43.878620458412,24.4));
#2303 = VECTOR('',#2304,1.);
#2304 = DIRECTION('',(0.866025403784,0.5,2.449293598295E-16));
#2305 = PLANE('',#2306);
#2306 = AXIS2_PLACEMENT_3D('',#2307,#2308,#2309);
#2307 = CARTESIAN_POINT('',(-31.,43.878620458412,24.4));
#2308 = DIRECTION('',(0.5,-0.866025403784,-5.029927092121E-17));
#2309 = DIRECTION('',(0.866025403784,0.5,2.449293598295E-16));
#2310 = ADVANCED_FACE('',(#2311),#2336,.F.);
#2311 = FACE_BOUND('',#2312,.F.);
#2312 = EDGE_LOOP('',(#2313,#2314,#2322,#2330));
#2313 = ORIENTED_EDGE('',*,*,#2261,.T.);
#2314 = ORIENTED_EDGE('',*,*,#2315,.T.);
#2315 = EDGE_CURVE('',#2254,#2316,#2318,.T.);
#2316 = VERTEX_POINT('',#2317);
#2317 = CARTESIAN_POINT('',(-14.,34.063665882188,18.));
#2318 = LINE('',#2319,#2320);
#2319 = CARTESIAN_POINT('',(-14.,43.878620458412,18.));
#2320 = VECTOR('',#2321,1.);
#2321 = DIRECTION('',(-3.588297223321E-16,-1.,-1.660251263243E-16));
#2322 = ORIENTED_EDGE('',*,*,#2323,.F.);
#2323 = EDGE_CURVE('',#2324,#2316,#2326,.T.);
#2324 = VERTEX_POINT('',#2325);
#2325 = CARTESIAN_POINT('',(-14.,34.063665882188,24.4));
#2326 = LINE('',#2327,#2328);
#2327 = CARTESIAN_POINT('',(-14.,34.063665882188,24.4));
#2328 = VECTOR('',#2329,1.);
#2329 = DIRECTION('',(1.869654122844E-16,1.660251263243E-16,-1.));
#2330 = ORIENTED_EDGE('',*,*,#2331,.F.);
#2331 = EDGE_CURVE('',#2262,#2324,#2332,.T.);
#2332 = LINE('',#2333,#2334);
#2333 = CARTESIAN_POINT('',(-14.,43.878620458412,24.4));
#2334 = VECTOR('',#2335,1.);
#2335 = DIRECTION('',(-3.588297223321E-16,-1.,-1.660251263243E-16));
#2336 = PLANE('',#2337);
#2337 = AXIS2_PLACEMENT_3D('',#2338,#2339,#2340);
#2338 = CARTESIAN_POINT('',(-14.,43.878620458412,24.4));
#2339 = DIRECTION('',(-1.,3.181927392442E-16,-1.869654122844E-16));
#2340 = DIRECTION('',(-3.588297223321E-16,-1.,-1.660251263243E-16));
#2341 = ADVANCED_FACE('',(#2342),#2369,.F.);
#2342 = FACE_BOUND('',#2343,.F.);
#2343 = EDGE_LOOP('',(#2344,#2345,#2346,#2354,#2362,#2368));
#2344 = ORIENTED_EDGE('',*,*,#2269,.T.);
#2345 = ORIENTED_EDGE('',*,*,#2331,.T.);
#2346 = ORIENTED_EDGE('',*,*,#2347,.T.);
#2347 = EDGE_CURVE('',#2324,#2348,#2350,.T.);
#2348 = VERTEX_POINT('',#2349);
#2349 = CARTESIAN_POINT('',(-22.5,29.156188594076,24.4));
#2350 = LINE('',#2351,#2352);
#2351 = CARTESIAN_POINT('',(-14.,34.063665882188,24.4));
#2352 = VECTOR('',#2353,1.);
#2353 = DIRECTION('',(-0.866025403784,-0.5,-2.449293598295E-16));
#2354 = ORIENTED_EDGE('',*,*,#2355,.T.);
#2355 = EDGE_CURVE('',#2348,#2356,#2358,.T.);
#2356 = VERTEX_POINT('',#2357);
#2357 = CARTESIAN_POINT('',(-31.,34.063665882188,24.4));
#2358 = LINE('',#2359,#2360);
#2359 = CARTESIAN_POINT('',(-22.5,29.156188594076,24.4));
#2360 = VECTOR('',#2361,1.);
#2361 = DIRECTION('',(-0.866025403784,0.5,-7.890423350513E-17));
#2362 = ORIENTED_EDGE('',*,*,#2363,.T.);
#2363 = EDGE_CURVE('',#2356,#2284,#2364,.T.);
#2364 = LINE('',#2365,#2366);
#2365 = CARTESIAN_POINT('',(-31.,34.063665882188,24.4));
#2366 = VECTOR('',#2367,1.);
#2367 = DIRECTION('',(-2.974833628667E-17,1.,1.660251263243E-16));
#2368 = ORIENTED_EDGE('',*,*,#2300,.T.);
#2369 = PLANE('',#2370);
#2370 = AXIS2_PLACEMENT_3D('',#2371,#2372,#2373);
#2371 = CARTESIAN_POINT('',(-22.5,38.9711431703,24.4));
#2372 = DIRECTION('',(1.869654122844E-16,1.660251263243E-16,-1.));
#2373 = DIRECTION('',(-0.5,0.866025403784,5.029927092121E-17));
#2374 = ADVANCED_FACE('',(#2375,#2402),#2413,.T.);
#2375 = FACE_BOUND('',#2376,.T.);
#2376 = EDGE_LOOP('',(#2377,#2378,#2379,#2387,#2395,#2401));
#2377 = ORIENTED_EDGE('',*,*,#2253,.T.);
#2378 = ORIENTED_EDGE('',*,*,#2315,.T.);
#2379 = ORIENTED_EDGE('',*,*,#2380,.T.);
#2380 = EDGE_CURVE('',#2316,#2381,#2383,.T.);
#2381 = VERTEX_POINT('',#2382);
#2382 = CARTESIAN_POINT('',(-22.5,29.156188594076,18.));
#2383 = LINE('',#2384,#2385);
#2384 = CARTESIAN_POINT('',(-14.,34.063665882188,18.));
#2385 = VECTOR('',#2386,1.);
#2386 = DIRECTION('',(-0.866025403784,-0.5,-2.449293598295E-16));
#2387 = ORIENTED_EDGE('',*,*,#2388,.T.);
#2388 = EDGE_CURVE('',#2381,#2389,#2391,.T.);
#2389 = VERTEX_POINT('',#2390);
#2390 = CARTESIAN_POINT('',(-31.,34.063665882188,18.));
#2391 = LINE('',#2392,#2393);
#2392 = CARTESIAN_POINT('',(-22.5,29.156188594076,18.));
#2393 = VECTOR('',#2394,1.);
#2394 = DIRECTION('',(-0.866025403784,0.5,-7.890423350513E-17));
#2395 = ORIENTED_EDGE('',*,*,#2396,.T.);
#2396 = EDGE_CURVE('',#2389,#2286,#2397,.T.);
#2397 = LINE('',#2398,#2399);
#2398 = CARTESIAN_POINT('',(-31.,34.063665882188,18.));
#2399 = VECTOR('',#2400,1.);
#2400 = DIRECTION('',(-2.974833628667E-17,1.,1.660251263243E-16));
#2401 = ORIENTED_EDGE('',*,*,#2293,.T.);
#2402 = FACE_BOUND('',#2403,.T.);
#2403 = EDGE_LOOP('',(#2404));
#2404 = ORIENTED_EDGE('',*,*,#2405,.F.);
#2405 = EDGE_CURVE('',#2406,#2406,#2408,.T.);
#2406 = VERTEX_POINT('',#2407);
#2407 = CARTESIAN_POINT('',(-25.,43.301270189222,18.));
#2408 = CIRCLE('',#2409,5.);
#2409 = AXIS2_PLACEMENT_3D('',#2410,#2411,#2412);
#2410 = CARTESIAN_POINT('',(-22.5,38.9711431703,18.));
#2411 = DIRECTION('',(1.869654122844E-16,1.660251263243E-16,-1.));
#2412 = DIRECTION('',(-0.5,0.866025403784,5.029927092121E-17));
#2413 = PLANE('',#2414);
#2414 = AXIS2_PLACEMENT_3D('',#2415,#2416,#2417);
#2415 = CARTESIAN_POINT('',(-22.5,38.9711431703,18.));
#2416 = DIRECTION('',(1.869654122844E-16,1.660251263243E-16,-1.));
#2417 = DIRECTION('',(-0.5,0.866025403784,5.029927092121E-17));
#2418 = ADVANCED_FACE('',(#2419),#2430,.F.);
#2419 = FACE_BOUND('',#2420,.F.);
#2420 = EDGE_LOOP('',(#2421,#2427,#2428,#2429));
#2421 = ORIENTED_EDGE('',*,*,#2422,.T.);
#2422 = EDGE_CURVE('',#2356,#2389,#2423,.T.);
#2423 = LINE('',#2424,#2425);
#2424 = CARTESIAN_POINT('',(-31.,34.063665882188,24.4));
#2425 = VECTOR('',#2426,1.);
#2426 = DIRECTION('',(1.869654122844E-16,1.660251263243E-16,-1.));
#2427 = ORIENTED_EDGE('',*,*,#2396,.T.);
#2428 = ORIENTED_EDGE('',*,*,#2283,.F.);
#2429 = ORIENTED_EDGE('',*,*,#2363,.F.);
#2430 = PLANE('',#2431);
#2431 = AXIS2_PLACEMENT_3D('',#2432,#2433,#2434);
#2432 = CARTESIAN_POINT('',(-31.,34.063665882188,24.4));
#2433 = DIRECTION('',(1.,7.383688210417E-17,1.869654122844E-16));
#2434 = DIRECTION('',(-2.974833628667E-17,1.,1.660251263243E-16));
#2435 = ADVANCED_FACE('',(#2436),#2447,.F.);
#2436 = FACE_BOUND('',#2437,.F.);
#2437 = EDGE_LOOP('',(#2438,#2439,#2440,#2446));
#2438 = ORIENTED_EDGE('',*,*,#2323,.T.);
#2439 = ORIENTED_EDGE('',*,*,#2380,.T.);
#2440 = ORIENTED_EDGE('',*,*,#2441,.F.);
#2441 = EDGE_CURVE('',#2348,#2381,#2442,.T.);
#2442 = LINE('',#2443,#2444);
#2443 = CARTESIAN_POINT('',(-22.5,29.156188594076,24.4));
#2444 = VECTOR('',#2445,1.);
#2445 = DIRECTION('',(1.869654122844E-16,1.660251263243E-16,-1.));
#2446 = ORIENTED_EDGE('',*,*,#2347,.F.);
#2447 = PLANE('',#2448);
#2448 = AXIS2_PLACEMENT_3D('',#2449,#2450,#2451);
#2449 = CARTESIAN_POINT('',(-14.,34.063665882188,24.4));
#2450 = DIRECTION('',(-0.5,0.866025403784,5.029927092121E-17));
#2451 = DIRECTION('',(-0.866025403784,-0.5,-2.449293598295E-16));
#2452 = ADVANCED_FACE('',(#2453),#2459,.F.);
#2453 = FACE_BOUND('',#2454,.F.);
#2454 = EDGE_LOOP('',(#2455,#2456,#2457,#2458));
#2455 = ORIENTED_EDGE('',*,*,#2441,.T.);
#2456 = ORIENTED_EDGE('',*,*,#2388,.T.);
#2457 = ORIENTED_EDGE('',*,*,#2422,.F.);
#2458 = ORIENTED_EDGE('',*,*,#2355,.F.);
#2459 = PLANE('',#2460);
#2460 = AXIS2_PLACEMENT_3D('',#2461,#2462,#2463);
#2461 = CARTESIAN_POINT('',(-22.5,29.156188594076,24.4));
#2462 = DIRECTION('',(0.5,0.866025403784,2.372646832056E-16));
#2463 = DIRECTION('',(-0.866025403784,0.5,-7.890423350513E-17));
#2464 = ADVANCED_FACE('',(#2465),#2484,.T.);
#2465 = FACE_BOUND('',#2466,.T.);
#2466 = EDGE_LOOP('',(#2467,#2476,#2482,#2483));
#2467 = ORIENTED_EDGE('',*,*,#2468,.F.);
#2468 = EDGE_CURVE('',#2469,#2469,#2471,.T.);
#2469 = VERTEX_POINT('',#2470);
#2470 = CARTESIAN_POINT('',(-25.,43.301270189222,-32.));
#2471 = CIRCLE('',#2472,5.);
#2472 = AXIS2_PLACEMENT_3D('',#2473,#2474,#2475);
#2473 = CARTESIAN_POINT('',(-22.5,38.9711431703,-32.));
#2474 = DIRECTION('',(1.869654122844E-16,1.660251263243E-16,-1.));
#2475 = DIRECTION('',(-0.5,0.866025403784,5.029927092121E-17));
#2476 = ORIENTED_EDGE('',*,*,#2477,.F.);
#2477 = EDGE_CURVE('',#2406,#2469,#2478,.T.);
#2478 = LINE('',#2479,#2480);
#2479 = CARTESIAN_POINT('',(-25.,43.301270189222,18.));
#2480 = VECTOR('',#2481,1.);
#2481 = DIRECTION('',(1.869654122844E-16,1.660251263243E-16,-1.));
#2482 = ORIENTED_EDGE('',*,*,#2405,.T.);
#2483 = ORIENTED_EDGE('',*,*,#2477,.T.);
#2484 = CYLINDRICAL_SURFACE('',#2485,5.);
#2485 = AXIS2_PLACEMENT_3D('',#2486,#2487,#2488);
#2486 = CARTESIAN_POINT('',(-22.5,38.9711431703,18.));
#2487 = DIRECTION('',(1.869654122844E-16,1.660251263243E-16,-1.));
#2488 = DIRECTION('',(-0.5,0.866025403784,5.029927092121E-17));
#2489 = ADVANCED_FACE('',(#2490),#2493,.T.);
#2490 = FACE_BOUND('',#2491,.T.);
#2491 = EDGE_LOOP('',(#2492));
#2492 = ORIENTED_EDGE('',*,*,#2468,.T.);
#2493 = PLANE('',#2494);
#2494 = AXIS2_PLACEMENT_3D('',#2495,#2496,#2497);
#2495 = CARTESIAN_POINT('',(-22.5,38.9711431703,-32.));
#2496 = DIRECTION('',(1.869654122844E-16,1.660251263243E-16,-1.));
#2497 = DIRECTION('',(-0.5,0.866025403784,5.029927092121E-17));
#2498 = MANIFOLD_SOLID_BREP('',#2499);
#2499 = CLOSED_SHELL('',(#2500,#2540,#2571,#2602,#2635,#2679,#2696,#2713
    ,#2725,#2750));
#2500 = ADVANCED_FACE('',(#2501),#2535,.F.);
#2501 = FACE_BOUND('',#2502,.F.);
#2502 = EDGE_LOOP('',(#2503,#2513,#2521,#2529));
#2503 = ORIENTED_EDGE('',*,*,#2504,.T.);
#2504 = EDGE_CURVE('',#2505,#2507,#2509,.T.);
#2505 = VERTEX_POINT('',#2506);
#2506 = CARTESIAN_POINT('',(-53.5,4.907477288112,24.4));
#2507 = VERTEX_POINT('',#2508);
#2508 = CARTESIAN_POINT('',(-53.5,4.907477288112,18.));
#2509 = LINE('',#2510,#2511);
#2510 = CARTESIAN_POINT('',(-53.5,4.907477288112,24.4));
#2511 = VECTOR('',#2512,1.);
#2512 = DIRECTION('',(-5.029927092121E-17,2.449293598295E-16,-1.));
#2513 = ORIENTED_EDGE('',*,*,#2514,.T.);
#2514 = EDGE_CURVE('',#2507,#2515,#2517,.T.);
#2515 = VERTEX_POINT('',#2516);
#2516 = CARTESIAN_POINT('',(-45.,9.814954576224,18.));
#2517 = LINE('',#2518,#2519);
#2518 = CARTESIAN_POINT('',(-53.5,4.907477288112,18.));
#2519 = VECTOR('',#2520,1.);
#2520 = DIRECTION('',(0.866025403784,0.5,7.890423350513E-17));
#2521 = ORIENTED_EDGE('',*,*,#2522,.F.);
#2522 = EDGE_CURVE('',#2523,#2515,#2525,.T.);
#2523 = VERTEX_POINT('',#2524);
#2524 = CARTESIAN_POINT('',(-45.,9.814954576224,24.4));
#2525 = LINE('',#2526,#2527);
#2526 = CARTESIAN_POINT('',(-45.,9.814954576224,24.4));
#2527 = VECTOR('',#2528,1.);
#2528 = DIRECTION('',(-5.029927092121E-17,2.449293598295E-16,-1.));
#2529 = ORIENTED_EDGE('',*,*,#2530,.F.);
#2530 = EDGE_CURVE('',#2505,#2523,#2531,.T.);
#2531 = LINE('',#2532,#2533);
#2532 = CARTESIAN_POINT('',(-53.5,4.907477288112,24.4));
#2533 = VECTOR('',#2534,1.);
#2534 = DIRECTION('',(0.866025403784,0.5,7.890423350513E-17));
#2535 = PLANE('',#2536);
#2536 = AXIS2_PLACEMENT_3D('',#2537,#2538,#2539);
#2537 = CARTESIAN_POINT('',(-53.5,4.907477288112,24.4));
#2538 = DIRECTION('',(0.5,-0.866025403784,-2.372646832056E-16));
#2539 = DIRECTION('',(0.866025403784,0.5,7.890423350513E-17));
#2540 = ADVANCED_FACE('',(#2541),#2566,.F.);
#2541 = FACE_BOUND('',#2542,.F.);
#2542 = EDGE_LOOP('',(#2543,#2553,#2559,#2560));
#2543 = ORIENTED_EDGE('',*,*,#2544,.T.);
#2544 = EDGE_CURVE('',#2545,#2547,#2549,.T.);
#2545 = VERTEX_POINT('',#2546);
#2546 = CARTESIAN_POINT('',(-53.5,-4.907477288112,24.4));
#2547 = VERTEX_POINT('',#2548);
#2548 = CARTESIAN_POINT('',(-53.5,-4.907477288112,18.));
#2549 = LINE('',#2550,#2551);
#2550 = CARTESIAN_POINT('',(-53.5,-4.907477288112,24.4));
#2551 = VECTOR('',#2552,1.);
#2552 = DIRECTION('',(-5.029927092121E-17,2.449293598295E-16,-1.));
#2553 = ORIENTED_EDGE('',*,*,#2554,.T.);
#2554 = EDGE_CURVE('',#2547,#2507,#2555,.T.);
#2555 = LINE('',#2556,#2557);
#2556 = CARTESIAN_POINT('',(-53.5,-4.907477288112,18.));
#2557 = VECTOR('',#2558,1.);
#2558 = DIRECTION('',(-2.395047669339E-16,1.,2.449293598295E-16));
#2559 = ORIENTED_EDGE('',*,*,#2504,.F.);
#2560 = ORIENTED_EDGE('',*,*,#2561,.F.);
#2561 = EDGE_CURVE('',#2545,#2505,#2562,.T.);
#2562 = LINE('',#2563,#2564);
#2563 = CARTESIAN_POINT('',(-53.5,-4.907477288112,24.4));
#2564 = VECTOR('',#2565,1.);
#2565 = DIRECTION('',(-2.395047669339E-16,1.,2.449293598295E-16));
#2566 = PLANE('',#2567);
#2567 = AXIS2_PLACEMENT_3D('',#2568,#2569,#2570);
#2568 = CARTESIAN_POINT('',(-53.5,-4.907477288112,24.4));
#2569 = DIRECTION('',(1.,2.395047669339E-16,-5.029927092121E-17));
#2570 = DIRECTION('',(-2.395047669339E-16,1.,2.449293598295E-16));
#2571 = ADVANCED_FACE('',(#2572),#2597,.F.);
#2572 = FACE_BOUND('',#2573,.F.);
#2573 = EDGE_LOOP('',(#2574,#2575,#2583,#2591));
#2574 = ORIENTED_EDGE('',*,*,#2522,.T.);
#2575 = ORIENTED_EDGE('',*,*,#2576,.T.);
#2576 = EDGE_CURVE('',#2515,#2577,#2579,.T.);
#2577 = VERTEX_POINT('',#2578);
#2578 = CARTESIAN_POINT('',(-36.5,4.907477288112,18.));
#2579 = LINE('',#2580,#2581);
#2580 = CARTESIAN_POINT('',(-45.,9.814954576224,18.));
#2581 = VECTOR('',#2582,1.);
#2582 = DIRECTION('',(0.866025403784,-0.5,-1.660251263243E-16));
#2583 = ORIENTED_EDGE('',*,*,#2584,.F.);
#2584 = EDGE_CURVE('',#2585,#2577,#2587,.T.);
#2585 = VERTEX_POINT('',#2586);
#2586 = CARTESIAN_POINT('',(-36.5,4.907477288112,24.4));
#2587 = LINE('',#2588,#2589);
#2588 = CARTESIAN_POINT('',(-36.5,4.907477288112,24.4));
#2589 = VECTOR('',#2590,1.);
#2590 = DIRECTION('',(-5.029927092121E-17,2.449293598295E-16,-1.));
#2591 = ORIENTED_EDGE('',*,*,#2592,.F.);
#2592 = EDGE_CURVE('',#2523,#2585,#2593,.T.);
#2593 = LINE('',#2594,#2595);
#2594 = CARTESIAN_POINT('',(-45.,9.814954576224,24.4));
#2595 = VECTOR('',#2596,1.);
#2596 = DIRECTION('',(0.866025403784,-0.5,-1.660251263243E-16));
#2597 = PLANE('',#2598);
#2598 = AXIS2_PLACEMENT_3D('',#2599,#2600,#2601);
#2599 = CARTESIAN_POINT('',(-45.,9.814954576224,24.4));
#2600 = DIRECTION('',(-0.5,-0.866025403784,-1.869654122844E-16));
#2601 = DIRECTION('',(0.866025403784,-0.5,-1.660251263243E-16));
#2602 = ADVANCED_FACE('',(#2603),#2630,.F.);
#2603 = FACE_BOUND('',#2604,.F.);
#2604 = EDGE_LOOP('',(#2605,#2606,#2607,#2615,#2623,#2629));
#2605 = ORIENTED_EDGE('',*,*,#2530,.T.);
#2606 = ORIENTED_EDGE('',*,*,#2592,.T.);
#2607 = ORIENTED_EDGE('',*,*,#2608,.T.);
#2608 = EDGE_CURVE('',#2585,#2609,#2611,.T.);
#2609 = VERTEX_POINT('',#2610);
#2610 = CARTESIAN_POINT('',(-36.5,-4.907477288112,24.4));
#2611 = LINE('',#2612,#2613);
#2612 = CARTESIAN_POINT('',(-36.5,4.907477288112,24.4));
#2613 = VECTOR('',#2614,1.);
#2614 = DIRECTION('',(-1.224646799147E-16,-1.,-2.449293598295E-16));
#2615 = ORIENTED_EDGE('',*,*,#2616,.T.);
#2616 = EDGE_CURVE('',#2609,#2617,#2619,.T.);
#2617 = VERTEX_POINT('',#2618);
#2618 = CARTESIAN_POINT('',(-45.,-9.814954576224,24.4));
#2619 = LINE('',#2620,#2621);
#2620 = CARTESIAN_POINT('',(-36.5,-4.907477288112,24.4));
#2621 = VECTOR('',#2622,1.);
#2622 = DIRECTION('',(-0.866025403784,-0.5,-7.890423350513E-17));
#2623 = ORIENTED_EDGE('',*,*,#2624,.T.);
#2624 = EDGE_CURVE('',#2617,#2545,#2625,.T.);
#2625 = LINE('',#2626,#2627);
#2626 = CARTESIAN_POINT('',(-45.,-9.814954576224,24.4));
#2627 = VECTOR('',#2628,1.);
#2628 = DIRECTION('',(-0.866025403784,0.5,1.660251263243E-16));
#2629 = ORIENTED_EDGE('',*,*,#2561,.T.);
#2630 = PLANE('',#2631);
#2631 = AXIS2_PLACEMENT_3D('',#2632,#2633,#2634);
#2632 = CARTESIAN_POINT('',(-45.,4.847299943607E-15,24.4));
#2633 = DIRECTION('',(-5.029927092121E-17,2.449293598295E-16,-1.));
#2634 = DIRECTION('',(-1.,1.224646799147E-16,5.029927092121E-17));
#2635 = ADVANCED_FACE('',(#2636,#2663),#2674,.T.);
#2636 = FACE_BOUND('',#2637,.T.);
#2637 = EDGE_LOOP('',(#2638,#2639,#2640,#2648,#2656,#2662));
#2638 = ORIENTED_EDGE('',*,*,#2514,.T.);
#2639 = ORIENTED_EDGE('',*,*,#2576,.T.);
#2640 = ORIENTED_EDGE('',*,*,#2641,.T.);
#2641 = EDGE_CURVE('',#2577,#2642,#2644,.T.);
#2642 = VERTEX_POINT('',#2643);
#2643 = CARTESIAN_POINT('',(-36.5,-4.907477288112,18.));
#2644 = LINE('',#2645,#2646);
#2645 = CARTESIAN_POINT('',(-36.5,4.907477288112,18.));
#2646 = VECTOR('',#2647,1.);
#2647 = DIRECTION('',(-1.224646799147E-16,-1.,-2.449293598295E-16));
#2648 = ORIENTED_EDGE('',*,*,#2649,.T.);
#2649 = EDGE_CURVE('',#2642,#2650,#2652,.T.);
#2650 = VERTEX_POINT('',#2651);
#2651 = CARTESIAN_POINT('',(-45.,-9.814954576224,18.));
#2652 = LINE('',#2653,#2654);
#2653 = CARTESIAN_POINT('',(-36.5,-4.907477288112,18.));
#2654 = VECTOR('',#2655,1.);
#2655 = DIRECTION('',(-0.866025403784,-0.5,-7.890423350513E-17));
#2656 = ORIENTED_EDGE('',*,*,#2657,.T.);
#2657 = EDGE_CURVE('',#2650,#2547,#2658,.T.);
#2658 = LINE('',#2659,#2660);
#2659 = CARTESIAN_POINT('',(-45.,-9.814954576224,18.));
#2660 = VECTOR('',#2661,1.);
#2661 = DIRECTION('',(-0.866025403784,0.5,1.660251263243E-16));
#2662 = ORIENTED_EDGE('',*,*,#2554,.T.);
#2663 = FACE_BOUND('',#2664,.T.);
#2664 = EDGE_LOOP('',(#2665));
#2665 = ORIENTED_EDGE('',*,*,#2666,.F.);
#2666 = EDGE_CURVE('',#2667,#2667,#2669,.T.);
#2667 = VERTEX_POINT('',#2668);
#2668 = CARTESIAN_POINT('',(-50.,6.466135099498E-15,18.));
#2669 = CIRCLE('',#2670,5.);
#2670 = AXIS2_PLACEMENT_3D('',#2671,#2672,#2673);
#2671 = CARTESIAN_POINT('',(-45.,7.078458499072E-15,18.));
#2672 = DIRECTION('',(-5.029927092121E-17,2.449293598295E-16,-1.));
#2673 = DIRECTION('',(-1.,1.224646799147E-16,5.029927092121E-17));
#2674 = PLANE('',#2675);
#2675 = AXIS2_PLACEMENT_3D('',#2676,#2677,#2678);
#2676 = CARTESIAN_POINT('',(-45.,6.414847846516E-15,18.));
#2677 = DIRECTION('',(-5.029927092121E-17,2.449293598295E-16,-1.));
#2678 = DIRECTION('',(-1.,1.224646799147E-16,5.029927092121E-17));
#2679 = ADVANCED_FACE('',(#2680),#2691,.F.);
#2680 = FACE_BOUND('',#2681,.F.);
#2681 = EDGE_LOOP('',(#2682,#2688,#2689,#2690));
#2682 = ORIENTED_EDGE('',*,*,#2683,.T.);
#2683 = EDGE_CURVE('',#2617,#2650,#2684,.T.);
#2684 = LINE('',#2685,#2686);
#2685 = CARTESIAN_POINT('',(-45.,-9.814954576224,24.4));
#2686 = VECTOR('',#2687,1.);
#2687 = DIRECTION('',(-5.029927092121E-17,2.449293598295E-16,-1.));
#2688 = ORIENTED_EDGE('',*,*,#2657,.T.);
#2689 = ORIENTED_EDGE('',*,*,#2544,.F.);
#2690 = ORIENTED_EDGE('',*,*,#2624,.F.);
#2691 = PLANE('',#2692);
#2692 = AXIS2_PLACEMENT_3D('',#2693,#2694,#2695);
#2693 = CARTESIAN_POINT('',(-45.,-9.814954576224,24.4));
#2694 = DIRECTION('',(0.5,0.866025403784,1.869654122844E-16));
#2695 = DIRECTION('',(-0.866025403784,0.5,1.660251263243E-16));
#2696 = ADVANCED_FACE('',(#2697),#2708,.F.);
#2697 = FACE_BOUND('',#2698,.F.);
#2698 = EDGE_LOOP('',(#2699,#2700,#2701,#2707));
#2699 = ORIENTED_EDGE('',*,*,#2584,.T.);
#2700 = ORIENTED_EDGE('',*,*,#2641,.T.);
#2701 = ORIENTED_EDGE('',*,*,#2702,.F.);
#2702 = EDGE_CURVE('',#2609,#2642,#2703,.T.);
#2703 = LINE('',#2704,#2705);
#2704 = CARTESIAN_POINT('',(-36.5,-4.907477288112,24.4));
#2705 = VECTOR('',#2706,1.);
#2706 = DIRECTION('',(-5.029927092121E-17,2.449293598295E-16,-1.));
#2707 = ORIENTED_EDGE('',*,*,#2608,.F.);
#2708 = PLANE('',#2709);
#2709 = AXIS2_PLACEMENT_3D('',#2710,#2711,#2712);
#2710 = CARTESIAN_POINT('',(-36.5,4.907477288112,24.4));
#2711 = DIRECTION('',(-1.,1.224646799147E-16,5.029927092121E-17));
#2712 = DIRECTION('',(-1.224646799147E-16,-1.,-2.449293598295E-16));
#2713 = ADVANCED_FACE('',(#2714),#2720,.F.);
#2714 = FACE_BOUND('',#2715,.F.);
#2715 = EDGE_LOOP('',(#2716,#2717,#2718,#2719));
#2716 = ORIENTED_EDGE('',*,*,#2702,.T.);
#2717 = ORIENTED_EDGE('',*,*,#2649,.T.);
#2718 = ORIENTED_EDGE('',*,*,#2683,.F.);
#2719 = ORIENTED_EDGE('',*,*,#2616,.F.);
#2720 = PLANE('',#2721);
#2721 = AXIS2_PLACEMENT_3D('',#2722,#2723,#2724);
#2722 = CARTESIAN_POINT('',(-36.5,-4.907477288112,24.4));
#2723 = DIRECTION('',(-0.5,0.866025403784,2.372646832056E-16));
#2724 = DIRECTION('',(-0.866025403784,-0.5,-7.890423350513E-17));
#2725 = ADVANCED_FACE('',(#2726),#2745,.T.);
#2726 = FACE_BOUND('',#2727,.T.);
#2727 = EDGE_LOOP('',(#2728,#2737,#2743,#2744));
#2728 = ORIENTED_EDGE('',*,*,#2729,.F.);
#2729 = EDGE_CURVE('',#2730,#2730,#2732,.T.);
#2730 = VERTEX_POINT('',#2731);
#2731 = CARTESIAN_POINT('',(-50.,1.871260309097E-14,-32.));
#2732 = CIRCLE('',#2733,5.);
#2733 = AXIS2_PLACEMENT_3D('',#2734,#2735,#2736);
#2734 = CARTESIAN_POINT('',(-45.,1.932492649055E-14,-32.));
#2735 = DIRECTION('',(-5.029927092121E-17,2.449293598295E-16,-1.));
#2736 = DIRECTION('',(-1.,1.224646799147E-16,5.029927092121E-17));
#2737 = ORIENTED_EDGE('',*,*,#2738,.F.);
#2738 = EDGE_CURVE('',#2667,#2730,#2739,.T.);
#2739 = LINE('',#2740,#2741);
#2740 = CARTESIAN_POINT('',(-50.,6.466135099498E-15,18.));
#2741 = VECTOR('',#2742,1.);
#2742 = DIRECTION('',(-5.029927092121E-17,2.449293598295E-16,-1.));
#2743 = ORIENTED_EDGE('',*,*,#2666,.T.);
#2744 = ORIENTED_EDGE('',*,*,#2738,.T.);
#2745 = CYLINDRICAL_SURFACE('',#2746,5.);
#2746 = AXIS2_PLACEMENT_3D('',#2747,#2748,#2749);
#2747 = CARTESIAN_POINT('',(-45.,7.078458499072E-15,18.));
#2748 = DIRECTION('',(-5.029927092121E-17,2.449293598295E-16,-1.));
#2749 = DIRECTION('',(-1.,1.224646799147E-16,5.029927092121E-17));
#2750 = ADVANCED_FACE('',(#2751),#2754,.T.);
#2751 = FACE_BOUND('',#2752,.T.);
#2752 = EDGE_LOOP('',(#2753));
#2753 = ORIENTED_EDGE('',*,*,#2729,.T.);
#2754 = PLANE('',#2755);
#2755 = AXIS2_PLACEMENT_3D('',#2756,#2757,#2758);
#2756 = CARTESIAN_POINT('',(-45.,1.932492649055E-14,-32.));
#2757 = DIRECTION('',(-5.029927092121E-17,2.449293598295E-16,-1.));
#2758 = DIRECTION('',(-1.,1.224646799147E-16,5.029927092121E-17));
#2759 = MANIFOLD_SOLID_BREP('',#2760);
#2760 = CLOSED_SHELL('',(#2761,#2801,#2832,#2863,#2896,#2940,#2957,#2974
    ,#2986,#3011));
#2761 = ADVANCED_FACE('',(#2762),#2796,.F.);
#2762 = FACE_BOUND('',#2763,.F.);
#2763 = EDGE_LOOP('',(#2764,#2774,#2782,#2790));
#2764 = ORIENTED_EDGE('',*,*,#2765,.T.);
#2765 = EDGE_CURVE('',#2766,#2768,#2770,.T.);
#2766 = VERTEX_POINT('',#2767);
#2767 = CARTESIAN_POINT('',(-31.,-43.87862045841,24.4));
#2768 = VERTEX_POINT('',#2769);
#2769 = CARTESIAN_POINT('',(-31.,-43.87862045841,18.));
#2770 = LINE('',#2771,#2772);
#2771 = CARTESIAN_POINT('',(-31.,-43.87862045841,24.4));
#2772 = VECTOR('',#2773,1.);
#2773 = DIRECTION('',(-2.372646832056E-16,7.890423350513E-17,-1.));
#2774 = ORIENTED_EDGE('',*,*,#2775,.T.);
#2775 = EDGE_CURVE('',#2768,#2776,#2778,.T.);
#2776 = VERTEX_POINT('',#2777);
#2777 = CARTESIAN_POINT('',(-31.,-34.06366588218,18.));
#2778 = LINE('',#2779,#2780);
#2779 = CARTESIAN_POINT('',(-31.,-43.87862045841,18.));
#2780 = VECTOR('',#2781,1.);
#2781 = DIRECTION('',(2.884444029575E-16,1.,7.890423350513E-17));
#2782 = ORIENTED_EDGE('',*,*,#2783,.F.);
#2783 = EDGE_CURVE('',#2784,#2776,#2786,.T.);
#2784 = VERTEX_POINT('',#2785);
#2785 = CARTESIAN_POINT('',(-31.,-34.06366588218,24.4));
#2786 = LINE('',#2787,#2788);
#2787 = CARTESIAN_POINT('',(-31.,-34.06366588218,24.4));
#2788 = VECTOR('',#2789,1.);
#2789 = DIRECTION('',(-2.372646832056E-16,7.890423350513E-17,-1.));
#2790 = ORIENTED_EDGE('',*,*,#2791,.F.);
#2791 = EDGE_CURVE('',#2766,#2784,#2792,.T.);
#2792 = LINE('',#2793,#2794);
#2793 = CARTESIAN_POINT('',(-31.,-43.87862045841,24.4));
#2794 = VECTOR('',#2795,1.);
#2795 = DIRECTION('',(2.884444029575E-16,1.,7.890423350513E-17));
#2796 = PLANE('',#2797);
#2797 = AXIS2_PLACEMENT_3D('',#2798,#2799,#2800);
#2798 = CARTESIAN_POINT('',(-31.,-43.87862045841,24.4));
#2799 = DIRECTION('',(1.,-2.924299242996E-16,-2.372646832056E-16));
#2800 = DIRECTION('',(2.884444029575E-16,1.,7.890423350513E-17));
#2801 = ADVANCED_FACE('',(#2802),#2827,.F.);
#2802 = FACE_BOUND('',#2803,.F.);
#2803 = EDGE_LOOP('',(#2804,#2814,#2820,#2821));
#2804 = ORIENTED_EDGE('',*,*,#2805,.T.);
#2805 = EDGE_CURVE('',#2806,#2808,#2810,.T.);
#2806 = VERTEX_POINT('',#2807);
#2807 = CARTESIAN_POINT('',(-22.5,-48.78609774652,24.4));
#2808 = VERTEX_POINT('',#2809);
#2809 = CARTESIAN_POINT('',(-22.5,-48.78609774652,18.));
#2810 = LINE('',#2811,#2812);
#2811 = CARTESIAN_POINT('',(-22.5,-48.78609774652,24.4));
#2812 = VECTOR('',#2813,1.);
#2813 = DIRECTION('',(-2.372646832056E-16,7.890423350513E-17,-1.));
#2814 = ORIENTED_EDGE('',*,*,#2815,.T.);
#2815 = EDGE_CURVE('',#2808,#2768,#2816,.T.);
#2816 = LINE('',#2817,#2818);
#2817 = CARTESIAN_POINT('',(-22.5,-48.78609774652,18.));
#2818 = VECTOR('',#2819,1.);
#2819 = DIRECTION('',(-0.866025403784,0.5,2.449293598295E-16));
#2820 = ORIENTED_EDGE('',*,*,#2765,.F.);
#2821 = ORIENTED_EDGE('',*,*,#2822,.F.);
#2822 = EDGE_CURVE('',#2806,#2766,#2823,.T.);
#2823 = LINE('',#2824,#2825);
#2824 = CARTESIAN_POINT('',(-22.5,-48.78609774652,24.4));
#2825 = VECTOR('',#2826,1.);
#2826 = DIRECTION('',(-0.866025403784,0.5,2.449293598295E-16));
#2827 = PLANE('',#2828);
#2828 = AXIS2_PLACEMENT_3D('',#2829,#2830,#2831);
#2829 = CARTESIAN_POINT('',(-22.5,-48.78609774652,24.4));
#2830 = DIRECTION('',(0.5,0.866025403784,-5.029927092121E-17));
#2831 = DIRECTION('',(-0.866025403784,0.5,2.449293598295E-16));
#2832 = ADVANCED_FACE('',(#2833),#2858,.F.);
#2833 = FACE_BOUND('',#2834,.F.);
#2834 = EDGE_LOOP('',(#2835,#2836,#2844,#2852));
#2835 = ORIENTED_EDGE('',*,*,#2783,.T.);
#2836 = ORIENTED_EDGE('',*,*,#2837,.T.);
#2837 = EDGE_CURVE('',#2776,#2838,#2840,.T.);
#2838 = VERTEX_POINT('',#2839);
#2839 = CARTESIAN_POINT('',(-22.5,-29.15618859407,18.));
#2840 = LINE('',#2841,#2842);
#2841 = CARTESIAN_POINT('',(-31.,-34.06366588218,18.));
#2842 = VECTOR('',#2843,1.);
#2843 = DIRECTION('',(0.866025403784,0.5,-1.660251263243E-16));
#2844 = ORIENTED_EDGE('',*,*,#2845,.F.);
#2845 = EDGE_CURVE('',#2846,#2838,#2848,.T.);
#2846 = VERTEX_POINT('',#2847);
#2847 = CARTESIAN_POINT('',(-22.5,-29.15618859407,24.4));
#2848 = LINE('',#2849,#2850);
#2849 = CARTESIAN_POINT('',(-22.5,-29.15618859407,24.4));
#2850 = VECTOR('',#2851,1.);
#2851 = DIRECTION('',(-2.372646832056E-16,7.890423350513E-17,-1.));
#2852 = ORIENTED_EDGE('',*,*,#2853,.F.);
#2853 = EDGE_CURVE('',#2784,#2846,#2854,.T.);
#2854 = LINE('',#2855,#2856);
#2855 = CARTESIAN_POINT('',(-31.,-34.06366588218,24.4));
#2856 = VECTOR('',#2857,1.);
#2857 = DIRECTION('',(0.866025403784,0.5,-1.660251263243E-16));
#2858 = PLANE('',#2859);
#2859 = AXIS2_PLACEMENT_3D('',#2860,#2861,#2862);
#2860 = CARTESIAN_POINT('',(-31.,-34.06366588218,24.4));
#2861 = DIRECTION('',(0.5,-0.866025403784,-1.869654122844E-16));
#2862 = DIRECTION('',(0.866025403784,0.5,-1.660251263243E-16));
#2863 = ADVANCED_FACE('',(#2864),#2891,.F.);
#2864 = FACE_BOUND('',#2865,.F.);
#2865 = EDGE_LOOP('',(#2866,#2867,#2868,#2876,#2884,#2890));
#2866 = ORIENTED_EDGE('',*,*,#2791,.T.);
#2867 = ORIENTED_EDGE('',*,*,#2853,.T.);
#2868 = ORIENTED_EDGE('',*,*,#2869,.T.);
#2869 = EDGE_CURVE('',#2846,#2870,#2872,.T.);
#2870 = VERTEX_POINT('',#2871);
#2871 = CARTESIAN_POINT('',(-14.,-34.06366588218,24.4));
#2872 = LINE('',#2873,#2874);
#2873 = CARTESIAN_POINT('',(-22.5,-29.15618859407,24.4));
#2874 = VECTOR('',#2875,1.);
#2875 = DIRECTION('',(0.866025403784,-0.5,-2.449293598295E-16));
#2876 = ORIENTED_EDGE('',*,*,#2877,.T.);
#2877 = EDGE_CURVE('',#2870,#2878,#2880,.T.);
#2878 = VERTEX_POINT('',#2879);
#2879 = CARTESIAN_POINT('',(-14.,-43.87862045841,24.4));
#2880 = LINE('',#2881,#2882);
#2881 = CARTESIAN_POINT('',(-14.,-34.06366588218,24.4));
#2882 = VECTOR('',#2883,1.);
#2883 = DIRECTION('',(-3.439555541888E-16,-1.,-7.890423350513E-17));
#2884 = ORIENTED_EDGE('',*,*,#2885,.T.);
#2885 = EDGE_CURVE('',#2878,#2806,#2886,.T.);
#2886 = LINE('',#2887,#2888);
#2887 = CARTESIAN_POINT('',(-14.,-43.87862045841,24.4));
#2888 = VECTOR('',#2889,1.);
#2889 = DIRECTION('',(-0.866025403784,-0.5,1.660251263243E-16));
#2890 = ORIENTED_EDGE('',*,*,#2822,.T.);
#2891 = PLANE('',#2892);
#2892 = AXIS2_PLACEMENT_3D('',#2893,#2894,#2895);
#2893 = CARTESIAN_POINT('',(-22.5,-38.9711431703,24.4));
#2894 = DIRECTION('',(-2.372646832056E-16,7.890423350513E-17,-1.));
#2895 = DIRECTION('',(-0.5,-0.866025403784,5.029927092121E-17));
#2896 = ADVANCED_FACE('',(#2897,#2924),#2935,.T.);
#2897 = FACE_BOUND('',#2898,.T.);
#2898 = EDGE_LOOP('',(#2899,#2900,#2901,#2909,#2917,#2923));
#2899 = ORIENTED_EDGE('',*,*,#2775,.T.);
#2900 = ORIENTED_EDGE('',*,*,#2837,.T.);
#2901 = ORIENTED_EDGE('',*,*,#2902,.T.);
#2902 = EDGE_CURVE('',#2838,#2903,#2905,.T.);
#2903 = VERTEX_POINT('',#2904);
#2904 = CARTESIAN_POINT('',(-14.,-34.06366588218,18.));
#2905 = LINE('',#2906,#2907);
#2906 = CARTESIAN_POINT('',(-22.5,-29.15618859407,18.));
#2907 = VECTOR('',#2908,1.);
#2908 = DIRECTION('',(0.866025403784,-0.5,-2.449293598295E-16));
#2909 = ORIENTED_EDGE('',*,*,#2910,.T.);
#2910 = EDGE_CURVE('',#2903,#2911,#2913,.T.);
#2911 = VERTEX_POINT('',#2912);
#2912 = CARTESIAN_POINT('',(-14.,-43.87862045841,18.));
#2913 = LINE('',#2914,#2915);
#2914 = CARTESIAN_POINT('',(-14.,-34.06366588218,18.));
#2915 = VECTOR('',#2916,1.);
#2916 = DIRECTION('',(-3.439555541888E-16,-1.,-7.890423350513E-17));
#2917 = ORIENTED_EDGE('',*,*,#2918,.T.);
#2918 = EDGE_CURVE('',#2911,#2808,#2919,.T.);
#2919 = LINE('',#2920,#2921);
#2920 = CARTESIAN_POINT('',(-14.,-43.87862045841,18.));
#2921 = VECTOR('',#2922,1.);
#2922 = DIRECTION('',(-0.866025403784,-0.5,1.660251263243E-16));
#2923 = ORIENTED_EDGE('',*,*,#2815,.T.);
#2924 = FACE_BOUND('',#2925,.T.);
#2925 = EDGE_LOOP('',(#2926));
#2926 = ORIENTED_EDGE('',*,*,#2927,.F.);
#2927 = EDGE_CURVE('',#2928,#2928,#2930,.T.);
#2928 = VERTEX_POINT('',#2929);
#2929 = CARTESIAN_POINT('',(-25.,-43.30127018922,18.));
#2930 = CIRCLE('',#2931,5.);
#2931 = AXIS2_PLACEMENT_3D('',#2932,#2933,#2934);
#2932 = CARTESIAN_POINT('',(-22.5,-38.9711431703,18.));
#2933 = DIRECTION('',(-2.372646832056E-16,7.890423350513E-17,-1.));
#2934 = DIRECTION('',(-0.5,-0.866025403784,5.029927092121E-17));
#2935 = PLANE('',#2936);
#2936 = AXIS2_PLACEMENT_3D('',#2937,#2938,#2939);
#2937 = CARTESIAN_POINT('',(-22.5,-38.9711431703,18.));
#2938 = DIRECTION('',(-2.372646832056E-16,7.890423350513E-17,-1.));
#2939 = DIRECTION('',(-0.5,-0.866025403784,5.029927092121E-17));
#2940 = ADVANCED_FACE('',(#2941),#2952,.F.);
#2941 = FACE_BOUND('',#2942,.F.);
#2942 = EDGE_LOOP('',(#2943,#2949,#2950,#2951));
#2943 = ORIENTED_EDGE('',*,*,#2944,.T.);
#2944 = EDGE_CURVE('',#2878,#2911,#2945,.T.);
#2945 = LINE('',#2946,#2947);
#2946 = CARTESIAN_POINT('',(-14.,-43.87862045841,24.4));
#2947 = VECTOR('',#2948,1.);
#2948 = DIRECTION('',(-2.372646832056E-16,7.890423350513E-17,-1.));
#2949 = ORIENTED_EDGE('',*,*,#2918,.T.);
#2950 = ORIENTED_EDGE('',*,*,#2805,.F.);
#2951 = ORIENTED_EDGE('',*,*,#2885,.F.);
#2952 = PLANE('',#2953);
#2953 = AXIS2_PLACEMENT_3D('',#2954,#2955,#2956);
#2954 = CARTESIAN_POINT('',(-14.,-43.87862045841,24.4));
#2955 = DIRECTION('',(-0.5,0.866025403784,1.869654122844E-16));
#2956 = DIRECTION('',(-0.866025403784,-0.5,1.660251263243E-16));
#2957 = ADVANCED_FACE('',(#2958),#2969,.F.);
#2958 = FACE_BOUND('',#2959,.F.);
#2959 = EDGE_LOOP('',(#2960,#2961,#2962,#2968));
#2960 = ORIENTED_EDGE('',*,*,#2845,.T.);
#2961 = ORIENTED_EDGE('',*,*,#2902,.T.);
#2962 = ORIENTED_EDGE('',*,*,#2963,.F.);
#2963 = EDGE_CURVE('',#2870,#2903,#2964,.T.);
#2964 = LINE('',#2965,#2966);
#2965 = CARTESIAN_POINT('',(-14.,-34.06366588218,24.4));
#2966 = VECTOR('',#2967,1.);
#2967 = DIRECTION('',(-2.372646832056E-16,7.890423350513E-17,-1.));
#2968 = ORIENTED_EDGE('',*,*,#2869,.F.);
#2969 = PLANE('',#2970);
#2970 = AXIS2_PLACEMENT_3D('',#2971,#2972,#2973);
#2971 = CARTESIAN_POINT('',(-22.5,-29.15618859407,24.4));
#2972 = DIRECTION('',(-0.5,-0.866025403784,5.029927092121E-17));
#2973 = DIRECTION('',(0.866025403784,-0.5,-2.449293598295E-16));
#2974 = ADVANCED_FACE('',(#2975),#2981,.F.);
#2975 = FACE_BOUND('',#2976,.F.);
#2976 = EDGE_LOOP('',(#2977,#2978,#2979,#2980));
#2977 = ORIENTED_EDGE('',*,*,#2963,.T.);
#2978 = ORIENTED_EDGE('',*,*,#2910,.T.);
#2979 = ORIENTED_EDGE('',*,*,#2944,.F.);
#2980 = ORIENTED_EDGE('',*,*,#2877,.F.);
#2981 = PLANE('',#2982);
#2982 = AXIS2_PLACEMENT_3D('',#2983,#2984,#2985);
#2983 = CARTESIAN_POINT('',(-14.,-34.06366588218,24.4));
#2984 = DIRECTION('',(-1.,2.924299242996E-16,2.372646832056E-16));
#2985 = DIRECTION('',(-2.884444029575E-16,-1.,-7.890423350513E-17));
#2986 = ADVANCED_FACE('',(#2987),#3006,.T.);
#2987 = FACE_BOUND('',#2988,.T.);
#2988 = EDGE_LOOP('',(#2989,#2998,#3004,#3005));
#2989 = ORIENTED_EDGE('',*,*,#2990,.F.);
#2990 = EDGE_CURVE('',#2991,#2991,#2993,.T.);
#2991 = VERTEX_POINT('',#2992);
#2992 = CARTESIAN_POINT('',(-25.,-43.30127018922,-32.));
#2993 = CIRCLE('',#2994,5.);
#2994 = AXIS2_PLACEMENT_3D('',#2995,#2996,#2997);
#2995 = CARTESIAN_POINT('',(-22.5,-38.9711431703,-32.));
#2996 = DIRECTION('',(-2.372646832056E-16,7.890423350513E-17,-1.));
#2997 = DIRECTION('',(-0.5,-0.866025403784,5.029927092121E-17));
#2998 = ORIENTED_EDGE('',*,*,#2999,.F.);
#2999 = EDGE_CURVE('',#2928,#2991,#3000,.T.);
#3000 = LINE('',#3001,#3002);
#3001 = CARTESIAN_POINT('',(-25.,-43.30127018922,18.));
#3002 = VECTOR('',#3003,1.);
#3003 = DIRECTION('',(-2.372646832056E-16,7.890423350513E-17,-1.));
#3004 = ORIENTED_EDGE('',*,*,#2927,.T.);
#3005 = ORIENTED_EDGE('',*,*,#2999,.T.);
#3006 = CYLINDRICAL_SURFACE('',#3007,5.);
#3007 = AXIS2_PLACEMENT_3D('',#3008,#3009,#3010);
#3008 = CARTESIAN_POINT('',(-22.5,-38.9711431703,18.));
#3009 = DIRECTION('',(-2.372646832056E-16,7.890423350513E-17,-1.));
#3010 = DIRECTION('',(-0.5,-0.866025403784,5.029927092121E-17));
#3011 = ADVANCED_FACE('',(#3012),#3015,.T.);
#3012 = FACE_BOUND('',#3013,.T.);
#3013 = EDGE_LOOP('',(#3014));
#3014 = ORIENTED_EDGE('',*,*,#2990,.T.);
#3015 = PLANE('',#3016);
#3016 = AXIS2_PLACEMENT_3D('',#3017,#3018,#3019);
#3017 = CARTESIAN_POINT('',(-22.5,-38.9711431703,-32.));
#3018 = DIRECTION('',(-2.372646832056E-16,7.890423350513E-17,-1.));
#3019 = DIRECTION('',(-0.5,-0.866025403784,5.029927092121E-17));
#3020 = MANIFOLD_SOLID_BREP('',#3021);
#3021 = CLOSED_SHELL('',(#3022,#3062,#3093,#3124,#3157,#3201,#3218,#3235
    ,#3247,#3272));
#3022 = ADVANCED_FACE('',(#3023),#3057,.F.);
#3023 = FACE_BOUND('',#3024,.F.);
#3024 = EDGE_LOOP('',(#3025,#3035,#3043,#3051));
#3025 = ORIENTED_EDGE('',*,*,#3026,.T.);
#3026 = EDGE_CURVE('',#3027,#3029,#3031,.T.);
#3027 = VERTEX_POINT('',#3028);
#3028 = CARTESIAN_POINT('',(22.5,-48.78609774652,24.4));
#3029 = VERTEX_POINT('',#3030);
#3030 = CARTESIAN_POINT('',(22.5,-48.78609774652,18.));
#3031 = LINE('',#3032,#3033);
#3032 = CARTESIAN_POINT('',(22.5,-48.78609774652,24.4));
#3033 = VECTOR('',#3034,1.);
#3034 = DIRECTION('',(-1.869654122844E-16,-1.660251263243E-16,-1.));
#3035 = ORIENTED_EDGE('',*,*,#3036,.T.);
#3036 = EDGE_CURVE('',#3029,#3037,#3039,.T.);
#3037 = VERTEX_POINT('',#3038);
#3038 = CARTESIAN_POINT('',(14.,-43.87862045841,18.));
#3039 = LINE('',#3040,#3041);
#3040 = CARTESIAN_POINT('',(22.5,-48.78609774652,18.));
#3041 = VECTOR('',#3042,1.);
#3042 = DIRECTION('',(-0.866025403784,0.5,7.890423350513E-17));
#3043 = ORIENTED_EDGE('',*,*,#3044,.F.);
#3044 = EDGE_CURVE('',#3045,#3037,#3047,.T.);
#3045 = VERTEX_POINT('',#3046);
#3046 = CARTESIAN_POINT('',(14.,-43.87862045841,24.4));
#3047 = LINE('',#3048,#3049);
#3048 = CARTESIAN_POINT('',(14.,-43.87862045841,24.4));
#3049 = VECTOR('',#3050,1.);
#3050 = DIRECTION('',(-1.869654122844E-16,-1.660251263243E-16,-1.));
#3051 = ORIENTED_EDGE('',*,*,#3052,.F.);
#3052 = EDGE_CURVE('',#3027,#3045,#3053,.T.);
#3053 = LINE('',#3054,#3055);
#3054 = CARTESIAN_POINT('',(22.5,-48.78609774652,24.4));
#3055 = VECTOR('',#3056,1.);
#3056 = DIRECTION('',(-0.866025403784,0.5,7.890423350513E-17));
#3057 = PLANE('',#3058);
#3058 = AXIS2_PLACEMENT_3D('',#3059,#3060,#3061);
#3059 = CARTESIAN_POINT('',(22.5,-48.78609774652,24.4));
#3060 = DIRECTION('',(0.5,0.866025403784,-2.372646832056E-16));
#3061 = DIRECTION('',(-0.866025403784,0.5,7.890423350513E-17));
#3062 = ADVANCED_FACE('',(#3063),#3088,.F.);
#3063 = FACE_BOUND('',#3064,.F.);
#3064 = EDGE_LOOP('',(#3065,#3075,#3081,#3082));
#3065 = ORIENTED_EDGE('',*,*,#3066,.T.);
#3066 = EDGE_CURVE('',#3067,#3069,#3071,.T.);
#3067 = VERTEX_POINT('',#3068);
#3068 = CARTESIAN_POINT('',(31.,-43.87862045841,24.4));
#3069 = VERTEX_POINT('',#3070);
#3070 = CARTESIAN_POINT('',(31.,-43.87862045841,18.));
#3071 = LINE('',#3072,#3073);
#3072 = CARTESIAN_POINT('',(31.,-43.87862045841,24.4));
#3073 = VECTOR('',#3074,1.);
#3074 = DIRECTION('',(-1.869654122844E-16,-1.660251263243E-16,-1.));
#3075 = ORIENTED_EDGE('',*,*,#3076,.T.);
#3076 = EDGE_CURVE('',#3069,#3029,#3077,.T.);
#3077 = LINE('',#3078,#3079);
#3078 = CARTESIAN_POINT('',(31.,-43.87862045841,18.));
#3079 = VECTOR('',#3080,1.);
#3080 = DIRECTION('',(-0.866025403784,-0.5,2.449293598295E-16));
#3081 = ORIENTED_EDGE('',*,*,#3026,.F.);
#3082 = ORIENTED_EDGE('',*,*,#3083,.F.);
#3083 = EDGE_CURVE('',#3067,#3027,#3084,.T.);
#3084 = LINE('',#3085,#3086);
#3085 = CARTESIAN_POINT('',(31.,-43.87862045841,24.4));
#3086 = VECTOR('',#3087,1.);
#3087 = DIRECTION('',(-0.866025403784,-0.5,2.449293598295E-16));
#3088 = PLANE('',#3089);
#3089 = AXIS2_PLACEMENT_3D('',#3090,#3091,#3092);
#3090 = CARTESIAN_POINT('',(31.,-43.87862045841,24.4));
#3091 = DIRECTION('',(-0.5,0.866025403784,-5.029927092121E-17));
#3092 = DIRECTION('',(-0.866025403784,-0.5,2.449293598295E-16));
#3093 = ADVANCED_FACE('',(#3094),#3119,.F.);
#3094 = FACE_BOUND('',#3095,.F.);
#3095 = EDGE_LOOP('',(#3096,#3097,#3105,#3113));
#3096 = ORIENTED_EDGE('',*,*,#3044,.T.);
#3097 = ORIENTED_EDGE('',*,*,#3098,.T.);
#3098 = EDGE_CURVE('',#3037,#3099,#3101,.T.);
#3099 = VERTEX_POINT('',#3100);
#3100 = CARTESIAN_POINT('',(14.,-34.06366588218,18.));
#3101 = LINE('',#3102,#3103);
#3102 = CARTESIAN_POINT('',(14.,-43.87862045841,18.));
#3103 = VECTOR('',#3104,1.);
#3104 = DIRECTION('',(-4.063698308792E-17,1.,-1.660251263243E-16));
#3105 = ORIENTED_EDGE('',*,*,#3106,.F.);
#3106 = EDGE_CURVE('',#3107,#3099,#3109,.T.);
#3107 = VERTEX_POINT('',#3108);
#3108 = CARTESIAN_POINT('',(14.,-34.06366588218,24.4));
#3109 = LINE('',#3110,#3111);
#3110 = CARTESIAN_POINT('',(14.,-34.06366588218,24.4));
#3111 = VECTOR('',#3112,1.);
#3112 = DIRECTION('',(-1.869654122844E-16,-1.660251263243E-16,-1.));
#3113 = ORIENTED_EDGE('',*,*,#3114,.F.);
#3114 = EDGE_CURVE('',#3045,#3107,#3115,.T.);
#3115 = LINE('',#3116,#3117);
#3116 = CARTESIAN_POINT('',(14.,-43.87862045841,24.4));
#3117 = VECTOR('',#3118,1.);
#3118 = DIRECTION('',(-4.063698308792E-17,1.,-1.660251263243E-16));
#3119 = PLANE('',#3120);
#3120 = AXIS2_PLACEMENT_3D('',#3121,#3122,#3123);
#3121 = CARTESIAN_POINT('',(14.,-43.87862045841,24.4));
#3122 = DIRECTION('',(1.,7.03853193746E-17,-1.869654122844E-16));
#3123 = DIRECTION('',(-4.063698308792E-17,1.,-1.660251263243E-16));
#3124 = ADVANCED_FACE('',(#3125),#3152,.F.);
#3125 = FACE_BOUND('',#3126,.F.);
#3126 = EDGE_LOOP('',(#3127,#3128,#3129,#3137,#3145,#3151));
#3127 = ORIENTED_EDGE('',*,*,#3052,.T.);
#3128 = ORIENTED_EDGE('',*,*,#3114,.T.);
#3129 = ORIENTED_EDGE('',*,*,#3130,.T.);
#3130 = EDGE_CURVE('',#3107,#3131,#3133,.T.);
#3131 = VERTEX_POINT('',#3132);
#3132 = CARTESIAN_POINT('',(22.5,-29.15618859407,24.4));
#3133 = LINE('',#3134,#3135);
#3134 = CARTESIAN_POINT('',(14.,-34.06366588218,24.4));
#3135 = VECTOR('',#3136,1.);
#3136 = DIRECTION('',(0.866025403784,0.5,-2.449293598295E-16));
#3137 = ORIENTED_EDGE('',*,*,#3138,.T.);
#3138 = EDGE_CURVE('',#3131,#3139,#3141,.T.);
#3139 = VERTEX_POINT('',#3140);
#3140 = CARTESIAN_POINT('',(31.,-34.06366588218,24.4));
#3141 = LINE('',#3142,#3143);
#3142 = CARTESIAN_POINT('',(22.5,-29.15618859407,24.4));
#3143 = VECTOR('',#3144,1.);
#3144 = DIRECTION('',(0.866025403784,-0.5,-7.890423350513E-17));
#3145 = ORIENTED_EDGE('',*,*,#3146,.T.);
#3146 = EDGE_CURVE('',#3139,#3067,#3147,.T.);
#3147 = LINE('',#3148,#3149);
#3148 = CARTESIAN_POINT('',(31.,-34.06366588218,24.4));
#3149 = VECTOR('',#3150,1.);
#3150 = DIRECTION('',(4.292150417067E-16,-1.,1.660251263243E-16));
#3151 = ORIENTED_EDGE('',*,*,#3083,.T.);
#3152 = PLANE('',#3153);
#3153 = AXIS2_PLACEMENT_3D('',#3154,#3155,#3156);
#3154 = CARTESIAN_POINT('',(22.5,-38.9711431703,24.4));
#3155 = DIRECTION('',(-1.869654122844E-16,-1.660251263243E-16,-1.));
#3156 = DIRECTION('',(0.5,-0.866025403784,5.029927092121E-17));
#3157 = ADVANCED_FACE('',(#3158,#3185),#3196,.T.);
#3158 = FACE_BOUND('',#3159,.T.);
#3159 = EDGE_LOOP('',(#3160,#3161,#3162,#3170,#3178,#3184));
#3160 = ORIENTED_EDGE('',*,*,#3036,.T.);
#3161 = ORIENTED_EDGE('',*,*,#3098,.T.);
#3162 = ORIENTED_EDGE('',*,*,#3163,.T.);
#3163 = EDGE_CURVE('',#3099,#3164,#3166,.T.);
#3164 = VERTEX_POINT('',#3165);
#3165 = CARTESIAN_POINT('',(22.5,-29.15618859407,18.));
#3166 = LINE('',#3167,#3168);
#3167 = CARTESIAN_POINT('',(14.,-34.06366588218,18.));
#3168 = VECTOR('',#3169,1.);
#3169 = DIRECTION('',(0.866025403784,0.5,-2.449293598295E-16));
#3170 = ORIENTED_EDGE('',*,*,#3171,.T.);
#3171 = EDGE_CURVE('',#3164,#3172,#3174,.T.);
#3172 = VERTEX_POINT('',#3173);
#3173 = CARTESIAN_POINT('',(31.,-34.06366588218,18.));
#3174 = LINE('',#3175,#3176);
#3175 = CARTESIAN_POINT('',(22.5,-29.15618859407,18.));
#3176 = VECTOR('',#3177,1.);
#3177 = DIRECTION('',(0.866025403784,-0.5,-7.890423350513E-17));
#3178 = ORIENTED_EDGE('',*,*,#3179,.T.);
#3179 = EDGE_CURVE('',#3172,#3069,#3180,.T.);
#3180 = LINE('',#3181,#3182);
#3181 = CARTESIAN_POINT('',(31.,-34.06366588218,18.));
#3182 = VECTOR('',#3183,1.);
#3183 = DIRECTION('',(4.292150417067E-16,-1.,1.660251263243E-16));
#3184 = ORIENTED_EDGE('',*,*,#3076,.T.);
#3185 = FACE_BOUND('',#3186,.T.);
#3186 = EDGE_LOOP('',(#3187));
#3187 = ORIENTED_EDGE('',*,*,#3188,.F.);
#3188 = EDGE_CURVE('',#3189,#3189,#3191,.T.);
#3189 = VERTEX_POINT('',#3190);
#3190 = CARTESIAN_POINT('',(25.,-43.30127018922,18.));
#3191 = CIRCLE('',#3192,5.);
#3192 = AXIS2_PLACEMENT_3D('',#3193,#3194,#3195);
#3193 = CARTESIAN_POINT('',(22.5,-38.9711431703,18.));
#3194 = DIRECTION('',(-1.869654122844E-16,-1.660251263243E-16,-1.));
#3195 = DIRECTION('',(0.5,-0.866025403784,5.029927092121E-17));
#3196 = PLANE('',#3197);
#3197 = AXIS2_PLACEMENT_3D('',#3198,#3199,#3200);
#3198 = CARTESIAN_POINT('',(22.5,-38.9711431703,18.));
#3199 = DIRECTION('',(-1.869654122844E-16,-1.660251263243E-16,-1.));
#3200 = DIRECTION('',(0.5,-0.866025403784,5.029927092121E-17));
#3201 = ADVANCED_FACE('',(#3202),#3213,.F.);
#3202 = FACE_BOUND('',#3203,.F.);
#3203 = EDGE_LOOP('',(#3204,#3210,#3211,#3212));
#3204 = ORIENTED_EDGE('',*,*,#3205,.T.);
#3205 = EDGE_CURVE('',#3139,#3172,#3206,.T.);
#3206 = LINE('',#3207,#3208);
#3207 = CARTESIAN_POINT('',(31.,-34.06366588218,24.4));
#3208 = VECTOR('',#3209,1.);
#3209 = DIRECTION('',(-1.869654122844E-16,-1.660251263243E-16,-1.));
#3210 = ORIENTED_EDGE('',*,*,#3179,.T.);
#3211 = ORIENTED_EDGE('',*,*,#3066,.F.);
#3212 = ORIENTED_EDGE('',*,*,#3146,.F.);
#3213 = PLANE('',#3214);
#3214 = AXIS2_PLACEMENT_3D('',#3215,#3216,#3217);
#3215 = CARTESIAN_POINT('',(31.,-34.06366588218,24.4));
#3216 = DIRECTION('',(-1.,-4.62414940723E-16,1.869654122844E-16));
#3217 = DIRECTION('',(4.292150417067E-16,-1.,1.660251263243E-16));
#3218 = ADVANCED_FACE('',(#3219),#3230,.F.);
#3219 = FACE_BOUND('',#3220,.F.);
#3220 = EDGE_LOOP('',(#3221,#3222,#3223,#3229));
#3221 = ORIENTED_EDGE('',*,*,#3106,.T.);
#3222 = ORIENTED_EDGE('',*,*,#3163,.T.);
#3223 = ORIENTED_EDGE('',*,*,#3224,.F.);
#3224 = EDGE_CURVE('',#3131,#3164,#3225,.T.);
#3225 = LINE('',#3226,#3227);
#3226 = CARTESIAN_POINT('',(22.5,-29.15618859407,24.4));
#3227 = VECTOR('',#3228,1.);
#3228 = DIRECTION('',(-1.869654122844E-16,-1.660251263243E-16,-1.));
#3229 = ORIENTED_EDGE('',*,*,#3130,.F.);
#3230 = PLANE('',#3231);
#3231 = AXIS2_PLACEMENT_3D('',#3232,#3233,#3234);
#3232 = CARTESIAN_POINT('',(14.,-34.06366588218,24.4));
#3233 = DIRECTION('',(0.5,-0.866025403784,5.029927092121E-17));
#3234 = DIRECTION('',(0.866025403784,0.5,-2.449293598295E-16));
#3235 = ADVANCED_FACE('',(#3236),#3242,.F.);
#3236 = FACE_BOUND('',#3237,.F.);
#3237 = EDGE_LOOP('',(#3238,#3239,#3240,#3241));
#3238 = ORIENTED_EDGE('',*,*,#3224,.T.);
#3239 = ORIENTED_EDGE('',*,*,#3171,.T.);
#3240 = ORIENTED_EDGE('',*,*,#3205,.F.);
#3241 = ORIENTED_EDGE('',*,*,#3138,.F.);
#3242 = PLANE('',#3243);
#3243 = AXIS2_PLACEMENT_3D('',#3244,#3245,#3246);
#3244 = CARTESIAN_POINT('',(22.5,-29.15618859407,24.4));
#3245 = DIRECTION('',(-0.5,-0.866025403784,2.372646832056E-16));
#3246 = DIRECTION('',(0.866025403784,-0.5,-7.890423350513E-17));
#3247 = ADVANCED_FACE('',(#3248),#3267,.T.);
#3248 = FACE_BOUND('',#3249,.T.);
#3249 = EDGE_LOOP('',(#3250,#3259,#3265,#3266));
#3250 = ORIENTED_EDGE('',*,*,#3251,.F.);
#3251 = EDGE_CURVE('',#3252,#3252,#3254,.T.);
#3252 = VERTEX_POINT('',#3253);
#3253 = CARTESIAN_POINT('',(25.,-43.30127018922,-32.));
#3254 = CIRCLE('',#3255,5.);
#3255 = AXIS2_PLACEMENT_3D('',#3256,#3257,#3258);
#3256 = CARTESIAN_POINT('',(22.5,-38.9711431703,-32.));
#3257 = DIRECTION('',(-1.869654122844E-16,-1.660251263243E-16,-1.));
#3258 = DIRECTION('',(0.5,-0.866025403784,5.029927092121E-17));
#3259 = ORIENTED_EDGE('',*,*,#3260,.F.);
#3260 = EDGE_CURVE('',#3189,#3252,#3261,.T.);
#3261 = LINE('',#3262,#3263);
#3262 = CARTESIAN_POINT('',(25.,-43.30127018922,18.));
#3263 = VECTOR('',#3264,1.);
#3264 = DIRECTION('',(-1.869654122844E-16,-1.660251263243E-16,-1.));
#3265 = ORIENTED_EDGE('',*,*,#3188,.T.);
#3266 = ORIENTED_EDGE('',*,*,#3260,.T.);
#3267 = CYLINDRICAL_SURFACE('',#3268,5.);
#3268 = AXIS2_PLACEMENT_3D('',#3269,#3270,#3271);
#3269 = CARTESIAN_POINT('',(22.5,-38.9711431703,18.));
#3270 = DIRECTION('',(-1.869654122844E-16,-1.660251263243E-16,-1.));
#3271 = DIRECTION('',(0.5,-0.866025403784,5.029927092121E-17));
#3272 = ADVANCED_FACE('',(#3273),#3276,.T.);
#3273 = FACE_BOUND('',#3274,.T.);
#3274 = EDGE_LOOP('',(#3275));
#3275 = ORIENTED_EDGE('',*,*,#3251,.T.);
#3276 = PLANE('',#3277);
#3277 = AXIS2_PLACEMENT_3D('',#3278,#3279,#3280);
#3278 = CARTESIAN_POINT('',(22.5,-38.9711431703,-32.));
#3279 = DIRECTION('',(-1.869654122844E-16,-1.660251263243E-16,-1.));
#3280 = DIRECTION('',(0.5,-0.866025403784,5.029927092121E-17));
#3281 = MANIFOLD_SOLID_BREP('',#3282);
#3282 = CLOSED_SHELL('',(#3283,#3323,#3354,#3385,#3429,#3473,#3490,#3507
    ,#3519));
#3283 = ADVANCED_FACE('',(#3284),#3318,.F.);
#3284 = FACE_BOUND('',#3285,.F.);
#3285 = EDGE_LOOP('',(#3286,#3296,#3304,#3312));
#3286 = ORIENTED_EDGE('',*,*,#3287,.T.);
#3287 = EDGE_CURVE('',#3288,#3290,#3292,.T.);
#3288 = VERTEX_POINT('',#3289);
#3289 = CARTESIAN_POINT('',(53.5,4.907477288112,-26.));
#3290 = VERTEX_POINT('',#3291);
#3291 = CARTESIAN_POINT('',(53.5,4.907477288112,-18.));
#3292 = LINE('',#3293,#3294);
#3293 = CARTESIAN_POINT('',(53.5,4.907477288112,-26.));
#3294 = VECTOR('',#3295,1.);
#3295 = DIRECTION('',(4.42547233427E-17,0.,1.));
#3296 = ORIENTED_EDGE('',*,*,#3297,.T.);
#3297 = EDGE_CURVE('',#3290,#3298,#3300,.T.);
#3298 = VERTEX_POINT('',#3299);
#3299 = CARTESIAN_POINT('',(45.,9.814954576224,-18.));
#3300 = LINE('',#3301,#3302);
#3301 = CARTESIAN_POINT('',(53.5,4.907477288112,-18.));
#3302 = VECTOR('',#3303,1.);
#3303 = DIRECTION('',(-0.866025403784,0.5,3.832571465223E-17));
#3304 = ORIENTED_EDGE('',*,*,#3305,.F.);
#3305 = EDGE_CURVE('',#3306,#3298,#3308,.T.);
#3306 = VERTEX_POINT('',#3307);
#3307 = CARTESIAN_POINT('',(45.,9.814954576224,-26.));
#3308 = LINE('',#3309,#3310);
#3309 = CARTESIAN_POINT('',(45.,9.814954576224,-26.));
#3310 = VECTOR('',#3311,1.);
#3311 = DIRECTION('',(4.42547233427E-17,0.,1.));
#3312 = ORIENTED_EDGE('',*,*,#3313,.F.);
#3313 = EDGE_CURVE('',#3288,#3306,#3314,.T.);
#3314 = LINE('',#3315,#3316);
#3315 = CARTESIAN_POINT('',(53.5,4.907477288112,-26.));
#3316 = VECTOR('',#3317,1.);
#3317 = DIRECTION('',(-0.866025403784,0.5,3.832571465223E-17));
#3318 = PLANE('',#3319);
#3319 = AXIS2_PLACEMENT_3D('',#3320,#3321,#3322);
#3320 = CARTESIAN_POINT('',(53.5,4.907477288112,-26.));
#3321 = DIRECTION('',(-0.5,-0.866025403784,2.212736167135E-17));
#3322 = DIRECTION('',(-0.866025403784,0.5,3.832571465223E-17));
#3323 = ADVANCED_FACE('',(#3324),#3349,.F.);
#3324 = FACE_BOUND('',#3325,.F.);
#3325 = EDGE_LOOP('',(#3326,#3336,#3342,#3343));
#3326 = ORIENTED_EDGE('',*,*,#3327,.T.);
#3327 = EDGE_CURVE('',#3328,#3330,#3332,.T.);
#3328 = VERTEX_POINT('',#3329);
#3329 = CARTESIAN_POINT('',(53.5,-4.907477288112,-26.));
#3330 = VERTEX_POINT('',#3331);
#3331 = CARTESIAN_POINT('',(53.5,-4.907477288112,-18.));
#3332 = LINE('',#3333,#3334);
#3333 = CARTESIAN_POINT('',(53.5,-4.907477288112,-26.));
#3334 = VECTOR('',#3335,1.);
#3335 = DIRECTION('',(4.42547233427E-17,0.,1.));
#3336 = ORIENTED_EDGE('',*,*,#3337,.T.);
#3337 = EDGE_CURVE('',#3330,#3290,#3338,.T.);
#3338 = LINE('',#3339,#3340);
#3339 = CARTESIAN_POINT('',(53.5,-4.907477288112,-18.));
#3340 = VECTOR('',#3341,1.);
#3341 = DIRECTION('',(3.619694468487E-16,1.,-1.60188577288E-32));
#3342 = ORIENTED_EDGE('',*,*,#3287,.F.);
#3343 = ORIENTED_EDGE('',*,*,#3344,.F.);
#3344 = EDGE_CURVE('',#3328,#3288,#3345,.T.);
#3345 = LINE('',#3346,#3347);
#3346 = CARTESIAN_POINT('',(53.5,-4.907477288112,-26.));
#3347 = VECTOR('',#3348,1.);
#3348 = DIRECTION('',(3.619694468487E-16,1.,-1.60188577288E-32));
#3349 = PLANE('',#3350);
#3350 = AXIS2_PLACEMENT_3D('',#3351,#3352,#3353);
#3351 = CARTESIAN_POINT('',(53.5,-4.907477288112,-26.));
#3352 = DIRECTION('',(-1.,3.619694468487E-16,4.42547233427E-17));
#3353 = DIRECTION('',(3.619694468487E-16,1.,-1.60188577288E-32));
#3354 = ADVANCED_FACE('',(#3355),#3380,.F.);
#3355 = FACE_BOUND('',#3356,.F.);
#3356 = EDGE_LOOP('',(#3357,#3358,#3366,#3374));
#3357 = ORIENTED_EDGE('',*,*,#3305,.T.);
#3358 = ORIENTED_EDGE('',*,*,#3359,.T.);
#3359 = EDGE_CURVE('',#3298,#3360,#3362,.T.);
#3360 = VERTEX_POINT('',#3361);
#3361 = CARTESIAN_POINT('',(36.5,4.907477288112,-18.));
#3362 = LINE('',#3363,#3364);
#3363 = CARTESIAN_POINT('',(45.,9.814954576224,-18.));
#3364 = VECTOR('',#3365,1.);
#3365 = DIRECTION('',(-0.866025403784,-0.5,3.832571465223E-17));
#3366 = ORIENTED_EDGE('',*,*,#3367,.F.);
#3367 = EDGE_CURVE('',#3368,#3360,#3370,.T.);
#3368 = VERTEX_POINT('',#3369);
#3369 = CARTESIAN_POINT('',(36.5,4.907477288112,-26.));
#3370 = LINE('',#3371,#3372);
#3371 = CARTESIAN_POINT('',(36.5,4.907477288112,-26.));
#3372 = VECTOR('',#3373,1.);
#3373 = DIRECTION('',(4.42547233427E-17,0.,1.));
#3374 = ORIENTED_EDGE('',*,*,#3375,.F.);
#3375 = EDGE_CURVE('',#3306,#3368,#3376,.T.);
#3376 = LINE('',#3377,#3378);
#3377 = CARTESIAN_POINT('',(45.,9.814954576224,-26.));
#3378 = VECTOR('',#3379,1.);
#3379 = DIRECTION('',(-0.866025403784,-0.5,3.832571465223E-17));
#3380 = PLANE('',#3381);
#3381 = AXIS2_PLACEMENT_3D('',#3382,#3383,#3384);
#3382 = CARTESIAN_POINT('',(45.,9.814954576224,-26.));
#3383 = DIRECTION('',(0.5,-0.866025403784,-2.212736167135E-17));
#3384 = DIRECTION('',(-0.866025403784,-0.5,3.832571465223E-17));
#3385 = ADVANCED_FACE('',(#3386,#3413),#3424,.F.);
#3386 = FACE_BOUND('',#3387,.F.);
#3387 = EDGE_LOOP('',(#3388,#3389,#3390,#3398,#3406,#3412));
#3388 = ORIENTED_EDGE('',*,*,#3313,.T.);
#3389 = ORIENTED_EDGE('',*,*,#3375,.T.);
#3390 = ORIENTED_EDGE('',*,*,#3391,.T.);
#3391 = EDGE_CURVE('',#3368,#3392,#3394,.T.);
#3392 = VERTEX_POINT('',#3393);
#3393 = CARTESIAN_POINT('',(36.5,-4.907477288112,-26.));
#3394 = LINE('',#3395,#3396);
#3395 = CARTESIAN_POINT('',(36.5,4.907477288112,-26.));
#3396 = VECTOR('',#3397,1.);
#3397 = DIRECTION('',(0.,-1.,0.));
#3398 = ORIENTED_EDGE('',*,*,#3399,.T.);
#3399 = EDGE_CURVE('',#3392,#3400,#3402,.T.);
#3400 = VERTEX_POINT('',#3401);
#3401 = CARTESIAN_POINT('',(45.,-9.814954576224,-26.));
#3402 = LINE('',#3403,#3404);
#3403 = CARTESIAN_POINT('',(36.5,-4.907477288112,-26.));
#3404 = VECTOR('',#3405,1.);
#3405 = DIRECTION('',(0.866025403784,-0.5,-3.832571465223E-17));
#3406 = ORIENTED_EDGE('',*,*,#3407,.T.);
#3407 = EDGE_CURVE('',#3400,#3328,#3408,.T.);
#3408 = LINE('',#3409,#3410);
#3409 = CARTESIAN_POINT('',(45.,-9.814954576224,-26.));
#3410 = VECTOR('',#3411,1.);
#3411 = DIRECTION('',(0.866025403784,0.5,-3.832571465223E-17));
#3412 = ORIENTED_EDGE('',*,*,#3344,.T.);
#3413 = FACE_BOUND('',#3414,.F.);
#3414 = EDGE_LOOP('',(#3415));
#3415 = ORIENTED_EDGE('',*,*,#3416,.F.);
#3416 = EDGE_CURVE('',#3417,#3417,#3419,.T.);
#3417 = VERTEX_POINT('',#3418);
#3418 = CARTESIAN_POINT('',(50.,-1.224646799147E-15,-26.));
#3419 = CIRCLE('',#3420,5.);
#3420 = AXIS2_PLACEMENT_3D('',#3421,#3422,#3423);
#3421 = CARTESIAN_POINT('',(45.,0.,-26.));
#3422 = DIRECTION('',(4.42547233427E-17,-0.,1.));
#3423 = DIRECTION('',(1.,0.,-4.42547233427E-17));
#3424 = PLANE('',#3425);
#3425 = AXIS2_PLACEMENT_3D('',#3426,#3427,#3428);
#3426 = CARTESIAN_POINT('',(45.,-6.636106525559E-16,-26.));
#3427 = DIRECTION('',(4.42547233427E-17,0.,1.));
#3428 = DIRECTION('',(1.,0.,-4.42547233427E-17));
#3429 = ADVANCED_FACE('',(#3430,#3457),#3468,.T.);
#3430 = FACE_BOUND('',#3431,.T.);
#3431 = EDGE_LOOP('',(#3432,#3433,#3434,#3442,#3450,#3456));
#3432 = ORIENTED_EDGE('',*,*,#3297,.T.);
#3433 = ORIENTED_EDGE('',*,*,#3359,.T.);
#3434 = ORIENTED_EDGE('',*,*,#3435,.T.);
#3435 = EDGE_CURVE('',#3360,#3436,#3438,.T.);
#3436 = VERTEX_POINT('',#3437);
#3437 = CARTESIAN_POINT('',(36.5,-4.907477288112,-18.));
#3438 = LINE('',#3439,#3440);
#3439 = CARTESIAN_POINT('',(36.5,4.907477288112,-18.));
#3440 = VECTOR('',#3441,1.);
#3441 = DIRECTION('',(0.,-1.,0.));
#3442 = ORIENTED_EDGE('',*,*,#3443,.T.);
#3443 = EDGE_CURVE('',#3436,#3444,#3446,.T.);
#3444 = VERTEX_POINT('',#3445);
#3445 = CARTESIAN_POINT('',(45.,-9.814954576224,-18.));
#3446 = LINE('',#3447,#3448);
#3447 = CARTESIAN_POINT('',(36.5,-4.907477288112,-18.));
#3448 = VECTOR('',#3449,1.);
#3449 = DIRECTION('',(0.866025403784,-0.5,-3.832571465223E-17));
#3450 = ORIENTED_EDGE('',*,*,#3451,.T.);
#3451 = EDGE_CURVE('',#3444,#3330,#3452,.T.);
#3452 = LINE('',#3453,#3454);
#3453 = CARTESIAN_POINT('',(45.,-9.814954576224,-18.));
#3454 = VECTOR('',#3455,1.);
#3455 = DIRECTION('',(0.866025403784,0.5,-3.832571465223E-17));
#3456 = ORIENTED_EDGE('',*,*,#3337,.T.);
#3457 = FACE_BOUND('',#3458,.T.);
#3458 = EDGE_LOOP('',(#3459));
#3459 = ORIENTED_EDGE('',*,*,#3460,.F.);
#3460 = EDGE_CURVE('',#3461,#3461,#3463,.T.);
#3461 = VERTEX_POINT('',#3462);
#3462 = CARTESIAN_POINT('',(50.,-1.224646799147E-15,-18.));
#3463 = CIRCLE('',#3464,5.);
#3464 = AXIS2_PLACEMENT_3D('',#3465,#3466,#3467);
#3465 = CARTESIAN_POINT('',(45.,0.,-18.));
#3466 = DIRECTION('',(4.42547233427E-17,-0.,1.));
#3467 = DIRECTION('',(1.,0.,-4.42547233427E-17));
#3468 = PLANE('',#3469);
#3469 = AXIS2_PLACEMENT_3D('',#3470,#3471,#3472);
#3470 = CARTESIAN_POINT('',(45.,-6.636106525559E-16,-18.));
#3471 = DIRECTION('',(4.42547233427E-17,0.,1.));
#3472 = DIRECTION('',(1.,0.,-4.42547233427E-17));
#3473 = ADVANCED_FACE('',(#3474),#3485,.F.);
#3474 = FACE_BOUND('',#3475,.F.);
#3475 = EDGE_LOOP('',(#3476,#3482,#3483,#3484));
#3476 = ORIENTED_EDGE('',*,*,#3477,.T.);
#3477 = EDGE_CURVE('',#3400,#3444,#3478,.T.);
#3478 = LINE('',#3479,#3480);
#3479 = CARTESIAN_POINT('',(45.,-9.814954576224,-26.));
#3480 = VECTOR('',#3481,1.);
#3481 = DIRECTION('',(4.42547233427E-17,0.,1.));
#3482 = ORIENTED_EDGE('',*,*,#3451,.T.);
#3483 = ORIENTED_EDGE('',*,*,#3327,.F.);
#3484 = ORIENTED_EDGE('',*,*,#3407,.F.);
#3485 = PLANE('',#3486);
#3486 = AXIS2_PLACEMENT_3D('',#3487,#3488,#3489);
#3487 = CARTESIAN_POINT('',(45.,-9.814954576224,-26.));
#3488 = DIRECTION('',(-0.5,0.866025403784,2.212736167135E-17));
#3489 = DIRECTION('',(0.866025403784,0.5,-3.832571465223E-17));
#3490 = ADVANCED_FACE('',(#3491),#3502,.F.);
#3491 = FACE_BOUND('',#3492,.F.);
#3492 = EDGE_LOOP('',(#3493,#3494,#3495,#3501));
#3493 = ORIENTED_EDGE('',*,*,#3367,.T.);
#3494 = ORIENTED_EDGE('',*,*,#3435,.T.);
#3495 = ORIENTED_EDGE('',*,*,#3496,.F.);
#3496 = EDGE_CURVE('',#3392,#3436,#3497,.T.);
#3497 = LINE('',#3498,#3499);
#3498 = CARTESIAN_POINT('',(36.5,-4.907477288112,-26.));
#3499 = VECTOR('',#3500,1.);
#3500 = DIRECTION('',(4.42547233427E-17,0.,1.));
#3501 = ORIENTED_EDGE('',*,*,#3391,.F.);
#3502 = PLANE('',#3503);
#3503 = AXIS2_PLACEMENT_3D('',#3504,#3505,#3506);
#3504 = CARTESIAN_POINT('',(36.5,4.907477288112,-26.));
#3505 = DIRECTION('',(1.,0.,-4.42547233427E-17));
#3506 = DIRECTION('',(0.,-1.,0.));
#3507 = ADVANCED_FACE('',(#3508),#3514,.F.);
#3508 = FACE_BOUND('',#3509,.F.);
#3509 = EDGE_LOOP('',(#3510,#3511,#3512,#3513));
#3510 = ORIENTED_EDGE('',*,*,#3496,.T.);
#3511 = ORIENTED_EDGE('',*,*,#3443,.T.);
#3512 = ORIENTED_EDGE('',*,*,#3477,.F.);
#3513 = ORIENTED_EDGE('',*,*,#3399,.F.);
#3514 = PLANE('',#3515);
#3515 = AXIS2_PLACEMENT_3D('',#3516,#3517,#3518);
#3516 = CARTESIAN_POINT('',(36.5,-4.907477288112,-26.));
#3517 = DIRECTION('',(0.5,0.866025403784,-2.212736167135E-17));
#3518 = DIRECTION('',(0.866025403784,-0.5,-3.832571465223E-17));
#3519 = ADVANCED_FACE('',(#3520),#3531,.F.);
#3520 = FACE_BOUND('',#3521,.F.);
#3521 = EDGE_LOOP('',(#3522,#3523,#3529,#3530));
#3522 = ORIENTED_EDGE('',*,*,#3460,.F.);
#3523 = ORIENTED_EDGE('',*,*,#3524,.F.);
#3524 = EDGE_CURVE('',#3417,#3461,#3525,.T.);
#3525 = LINE('',#3526,#3527);
#3526 = CARTESIAN_POINT('',(50.,-1.224646799147E-15,-27.));
#3527 = VECTOR('',#3528,1.);
#3528 = DIRECTION('',(4.42547233427E-17,0.,1.));
#3529 = ORIENTED_EDGE('',*,*,#3416,.T.);
#3530 = ORIENTED_EDGE('',*,*,#3524,.T.);
#3531 = CYLINDRICAL_SURFACE('',#3532,5.);
#3532 = AXIS2_PLACEMENT_3D('',#3533,#3534,#3535);
#3533 = CARTESIAN_POINT('',(45.,0.,-27.));
#3534 = DIRECTION('',(4.42547233427E-17,0.,1.));
#3535 = DIRECTION('',(1.,0.,-4.42547233427E-17));
#3536 = MANIFOLD_SOLID_BREP('',#3537);
#3537 = CLOSED_SHELL('',(#3538,#3578,#3609,#3640,#3684,#3728,#3745,#3762
    ,#3774));
#3538 = ADVANCED_FACE('',(#3539),#3573,.F.);
#3539 = FACE_BOUND('',#3540,.F.);
#3540 = EDGE_LOOP('',(#3541,#3551,#3559,#3567));
#3541 = ORIENTED_EDGE('',*,*,#3542,.T.);
#3542 = EDGE_CURVE('',#3543,#3545,#3547,.T.);
#3543 = VERTEX_POINT('',#3544);
#3544 = CARTESIAN_POINT('',(22.5,48.786097746523,-26.));
#3545 = VERTEX_POINT('',#3546);
#3546 = CARTESIAN_POINT('',(22.5,48.786097746523,-18.));
#3547 = LINE('',#3548,#3549);
#3548 = CARTESIAN_POINT('',(22.5,48.786097746523,-26.));
#3549 = VECTOR('',#3550,1.);
#3550 = DIRECTION('',(2.212736167135E-17,3.832571465223E-17,1.));
#3551 = ORIENTED_EDGE('',*,*,#3552,.T.);
#3552 = EDGE_CURVE('',#3545,#3553,#3555,.T.);
#3553 = VERTEX_POINT('',#3554);
#3554 = CARTESIAN_POINT('',(14.,43.878620458412,-18.));
#3555 = LINE('',#3556,#3557);
#3556 = CARTESIAN_POINT('',(22.5,48.786097746523,-18.));
#3557 = VECTOR('',#3558,1.);
#3558 = DIRECTION('',(-0.866025403784,-0.5,3.832571465223E-17));
#3559 = ORIENTED_EDGE('',*,*,#3560,.F.);
#3560 = EDGE_CURVE('',#3561,#3553,#3563,.T.);
#3561 = VERTEX_POINT('',#3562);
#3562 = CARTESIAN_POINT('',(14.,43.878620458412,-26.));
#3563 = LINE('',#3564,#3565);
#3564 = CARTESIAN_POINT('',(14.,43.878620458412,-26.));
#3565 = VECTOR('',#3566,1.);
#3566 = DIRECTION('',(2.212736167135E-17,3.832571465223E-17,1.));
#3567 = ORIENTED_EDGE('',*,*,#3568,.F.);
#3568 = EDGE_CURVE('',#3543,#3561,#3569,.T.);
#3569 = LINE('',#3570,#3571);
#3570 = CARTESIAN_POINT('',(22.5,48.786097746523,-26.));
#3571 = VECTOR('',#3572,1.);
#3572 = DIRECTION('',(-0.866025403784,-0.5,3.832571465223E-17));
#3573 = PLANE('',#3574);
#3574 = AXIS2_PLACEMENT_3D('',#3575,#3576,#3577);
#3575 = CARTESIAN_POINT('',(22.5,48.786097746523,-26.));
#3576 = DIRECTION('',(0.5,-0.866025403784,2.212736167135E-17));
#3577 = DIRECTION('',(-0.866025403784,-0.5,3.832571465223E-17));
#3578 = ADVANCED_FACE('',(#3579),#3604,.F.);
#3579 = FACE_BOUND('',#3580,.F.);
#3580 = EDGE_LOOP('',(#3581,#3591,#3597,#3598));
#3581 = ORIENTED_EDGE('',*,*,#3582,.T.);
#3582 = EDGE_CURVE('',#3583,#3585,#3587,.T.);
#3583 = VERTEX_POINT('',#3584);
#3584 = CARTESIAN_POINT('',(31.,43.878620458412,-26.));
#3585 = VERTEX_POINT('',#3586);
#3586 = CARTESIAN_POINT('',(31.,43.878620458412,-18.));
#3587 = LINE('',#3588,#3589);
#3588 = CARTESIAN_POINT('',(31.,43.878620458412,-26.));
#3589 = VECTOR('',#3590,1.);
#3590 = DIRECTION('',(2.212736167135E-17,3.832571465223E-17,1.));
#3591 = ORIENTED_EDGE('',*,*,#3592,.T.);
#3592 = EDGE_CURVE('',#3585,#3545,#3593,.T.);
#3593 = LINE('',#3594,#3595);
#3594 = CARTESIAN_POINT('',(31.,43.878620458412,-18.));
#3595 = VECTOR('',#3596,1.);
#3596 = DIRECTION('',(-0.866025403784,0.5,-1.60188577288E-32));
#3597 = ORIENTED_EDGE('',*,*,#3542,.F.);
#3598 = ORIENTED_EDGE('',*,*,#3599,.F.);
#3599 = EDGE_CURVE('',#3583,#3543,#3600,.T.);
#3600 = LINE('',#3601,#3602);
#3601 = CARTESIAN_POINT('',(31.,43.878620458412,-26.));
#3602 = VECTOR('',#3603,1.);
#3603 = DIRECTION('',(-0.866025403784,0.5,-1.60188577288E-32));
#3604 = PLANE('',#3605);
#3605 = AXIS2_PLACEMENT_3D('',#3606,#3607,#3608);
#3606 = CARTESIAN_POINT('',(31.,43.878620458412,-26.));
#3607 = DIRECTION('',(-0.5,-0.866025403784,4.42547233427E-17));
#3608 = DIRECTION('',(-0.866025403784,0.5,-1.60188577288E-32));
#3609 = ADVANCED_FACE('',(#3610),#3635,.F.);
#3610 = FACE_BOUND('',#3611,.F.);
#3611 = EDGE_LOOP('',(#3612,#3613,#3621,#3629));
#3612 = ORIENTED_EDGE('',*,*,#3560,.T.);
#3613 = ORIENTED_EDGE('',*,*,#3614,.T.);
#3614 = EDGE_CURVE('',#3553,#3615,#3617,.T.);
#3615 = VERTEX_POINT('',#3616);
#3616 = CARTESIAN_POINT('',(14.,34.063665882188,-18.));
#3617 = LINE('',#3618,#3619);
#3618 = CARTESIAN_POINT('',(14.,43.878620458412,-18.));
#3619 = VECTOR('',#3620,1.);
#3620 = DIRECTION('',(-4.063698308792E-17,-1.,3.832571465223E-17));
#3621 = ORIENTED_EDGE('',*,*,#3622,.F.);
#3622 = EDGE_CURVE('',#3623,#3615,#3625,.T.);
#3623 = VERTEX_POINT('',#3624);
#3624 = CARTESIAN_POINT('',(14.,34.063665882188,-26.));
#3625 = LINE('',#3626,#3627);
#3626 = CARTESIAN_POINT('',(14.,34.063665882188,-26.));
#3627 = VECTOR('',#3628,1.);
#3628 = DIRECTION('',(2.212736167135E-17,3.832571465223E-17,1.));
#3629 = ORIENTED_EDGE('',*,*,#3630,.F.);
#3630 = EDGE_CURVE('',#3561,#3623,#3631,.T.);
#3631 = LINE('',#3632,#3633);
#3632 = CARTESIAN_POINT('',(14.,43.878620458412,-26.));
#3633 = VECTOR('',#3634,1.);
#3634 = DIRECTION('',(-4.063698308792E-17,-1.,3.832571465223E-17));
#3635 = PLANE('',#3636);
#3636 = AXIS2_PLACEMENT_3D('',#3637,#3638,#3639);
#3637 = CARTESIAN_POINT('',(14.,43.878620458412,-26.));
#3638 = DIRECTION('',(1.,-7.03853193746E-17,-2.212736167135E-17));
#3639 = DIRECTION('',(-4.063698308792E-17,-1.,3.832571465223E-17));
#3640 = ADVANCED_FACE('',(#3641,#3668),#3679,.F.);
#3641 = FACE_BOUND('',#3642,.F.);
#3642 = EDGE_LOOP('',(#3643,#3644,#3645,#3653,#3661,#3667));
#3643 = ORIENTED_EDGE('',*,*,#3568,.T.);
#3644 = ORIENTED_EDGE('',*,*,#3630,.T.);
#3645 = ORIENTED_EDGE('',*,*,#3646,.T.);
#3646 = EDGE_CURVE('',#3623,#3647,#3649,.T.);
#3647 = VERTEX_POINT('',#3648);
#3648 = CARTESIAN_POINT('',(22.5,29.156188594076,-26.));
#3649 = LINE('',#3650,#3651);
#3650 = CARTESIAN_POINT('',(14.,34.063665882188,-26.));
#3651 = VECTOR('',#3652,1.);
#3652 = DIRECTION('',(0.866025403784,-0.5,0.));
#3653 = ORIENTED_EDGE('',*,*,#3654,.T.);
#3654 = EDGE_CURVE('',#3647,#3655,#3657,.T.);
#3655 = VERTEX_POINT('',#3656);
#3656 = CARTESIAN_POINT('',(31.,34.063665882188,-26.));
#3657 = LINE('',#3658,#3659);
#3658 = CARTESIAN_POINT('',(22.5,29.156188594076,-26.));
#3659 = VECTOR('',#3660,1.);
#3660 = DIRECTION('',(0.866025403784,0.5,-3.832571465223E-17));
#3661 = ORIENTED_EDGE('',*,*,#3662,.T.);
#3662 = EDGE_CURVE('',#3655,#3583,#3663,.T.);
#3663 = LINE('',#3664,#3665);
#3664 = CARTESIAN_POINT('',(31.,34.063665882188,-26.));
#3665 = VECTOR('',#3666,1.);
#3666 = DIRECTION('',(4.292150417067E-16,1.,-3.832571465223E-17));
#3667 = ORIENTED_EDGE('',*,*,#3599,.T.);
#3668 = FACE_BOUND('',#3669,.F.);
#3669 = EDGE_LOOP('',(#3670));
#3670 = ORIENTED_EDGE('',*,*,#3671,.F.);
#3671 = EDGE_CURVE('',#3672,#3672,#3674,.T.);
#3672 = VERTEX_POINT('',#3673);
#3673 = CARTESIAN_POINT('',(25.,43.301270189222,-26.));
#3674 = CIRCLE('',#3675,5.);
#3675 = AXIS2_PLACEMENT_3D('',#3676,#3677,#3678);
#3676 = CARTESIAN_POINT('',(22.5,38.9711431703,-26.));
#3677 = DIRECTION('',(2.212736167135E-17,3.832571465223E-17,1.));
#3678 = DIRECTION('',(0.5,0.866025403784,-4.42547233427E-17));
#3679 = PLANE('',#3680);
#3680 = AXIS2_PLACEMENT_3D('',#3681,#3682,#3683);
#3681 = CARTESIAN_POINT('',(22.5,38.9711431703,-26.));
#3682 = DIRECTION('',(2.212736167135E-17,3.832571465223E-17,1.));
#3683 = DIRECTION('',(0.5,0.866025403784,-4.42547233427E-17));
#3684 = ADVANCED_FACE('',(#3685,#3712),#3723,.T.);
#3685 = FACE_BOUND('',#3686,.T.);
#3686 = EDGE_LOOP('',(#3687,#3688,#3689,#3697,#3705,#3711));
#3687 = ORIENTED_EDGE('',*,*,#3552,.T.);
#3688 = ORIENTED_EDGE('',*,*,#3614,.T.);
#3689 = ORIENTED_EDGE('',*,*,#3690,.T.);
#3690 = EDGE_CURVE('',#3615,#3691,#3693,.T.);
#3691 = VERTEX_POINT('',#3692);
#3692 = CARTESIAN_POINT('',(22.5,29.156188594076,-18.));
#3693 = LINE('',#3694,#3695);
#3694 = CARTESIAN_POINT('',(14.,34.063665882188,-18.));
#3695 = VECTOR('',#3696,1.);
#3696 = DIRECTION('',(0.866025403784,-0.5,0.));
#3697 = ORIENTED_EDGE('',*,*,#3698,.T.);
#3698 = EDGE_CURVE('',#3691,#3699,#3701,.T.);
#3699 = VERTEX_POINT('',#3700);
#3700 = CARTESIAN_POINT('',(31.,34.063665882188,-18.));
#3701 = LINE('',#3702,#3703);
#3702 = CARTESIAN_POINT('',(22.5,29.156188594076,-18.));
#3703 = VECTOR('',#3704,1.);
#3704 = DIRECTION('',(0.866025403784,0.5,-3.832571465223E-17));
#3705 = ORIENTED_EDGE('',*,*,#3706,.T.);
#3706 = EDGE_CURVE('',#3699,#3585,#3707,.T.);
#3707 = LINE('',#3708,#3709);
#3708 = CARTESIAN_POINT('',(31.,34.063665882188,-18.));
#3709 = VECTOR('',#3710,1.);
#3710 = DIRECTION('',(4.292150417067E-16,1.,-3.832571465223E-17));
#3711 = ORIENTED_EDGE('',*,*,#3592,.T.);
#3712 = FACE_BOUND('',#3713,.T.);
#3713 = EDGE_LOOP('',(#3714));
#3714 = ORIENTED_EDGE('',*,*,#3715,.F.);
#3715 = EDGE_CURVE('',#3716,#3716,#3718,.T.);
#3716 = VERTEX_POINT('',#3717);
#3717 = CARTESIAN_POINT('',(25.,43.301270189222,-18.));
#3718 = CIRCLE('',#3719,5.);
#3719 = AXIS2_PLACEMENT_3D('',#3720,#3721,#3722);
#3720 = CARTESIAN_POINT('',(22.5,38.9711431703,-18.));
#3721 = DIRECTION('',(2.212736167135E-17,3.832571465223E-17,1.));
#3722 = DIRECTION('',(0.5,0.866025403784,-4.42547233427E-17));
#3723 = PLANE('',#3724);
#3724 = AXIS2_PLACEMENT_3D('',#3725,#3726,#3727);
#3725 = CARTESIAN_POINT('',(22.5,38.9711431703,-18.));
#3726 = DIRECTION('',(2.212736167135E-17,3.832571465223E-17,1.));
#3727 = DIRECTION('',(0.5,0.866025403784,-4.42547233427E-17));
#3728 = ADVANCED_FACE('',(#3729),#3740,.F.);
#3729 = FACE_BOUND('',#3730,.F.);
#3730 = EDGE_LOOP('',(#3731,#3737,#3738,#3739));
#3731 = ORIENTED_EDGE('',*,*,#3732,.T.);
#3732 = EDGE_CURVE('',#3655,#3699,#3733,.T.);
#3733 = LINE('',#3734,#3735);
#3734 = CARTESIAN_POINT('',(31.,34.063665882188,-26.));
#3735 = VECTOR('',#3736,1.);
#3736 = DIRECTION('',(2.212736167135E-17,3.832571465223E-17,1.));
#3737 = ORIENTED_EDGE('',*,*,#3706,.T.);
#3738 = ORIENTED_EDGE('',*,*,#3582,.F.);
#3739 = ORIENTED_EDGE('',*,*,#3662,.F.);
#3740 = PLANE('',#3741);
#3741 = AXIS2_PLACEMENT_3D('',#3742,#3743,#3744);
#3742 = CARTESIAN_POINT('',(31.,34.063665882188,-26.));
#3743 = DIRECTION('',(-1.,4.62414940723E-16,2.212736167135E-17));
#3744 = DIRECTION('',(4.292150417067E-16,1.,-3.832571465223E-17));
#3745 = ADVANCED_FACE('',(#3746),#3757,.F.);
#3746 = FACE_BOUND('',#3747,.F.);
#3747 = EDGE_LOOP('',(#3748,#3749,#3750,#3756));
#3748 = ORIENTED_EDGE('',*,*,#3622,.T.);
#3749 = ORIENTED_EDGE('',*,*,#3690,.T.);
#3750 = ORIENTED_EDGE('',*,*,#3751,.F.);
#3751 = EDGE_CURVE('',#3647,#3691,#3752,.T.);
#3752 = LINE('',#3753,#3754);
#3753 = CARTESIAN_POINT('',(22.5,29.156188594076,-26.));
#3754 = VECTOR('',#3755,1.);
#3755 = DIRECTION('',(2.212736167135E-17,3.832571465223E-17,1.));
#3756 = ORIENTED_EDGE('',*,*,#3646,.F.);
#3757 = PLANE('',#3758);
#3758 = AXIS2_PLACEMENT_3D('',#3759,#3760,#3761);
#3759 = CARTESIAN_POINT('',(14.,34.063665882188,-26.));
#3760 = DIRECTION('',(0.5,0.866025403784,-4.42547233427E-17));
#3761 = DIRECTION('',(0.866025403784,-0.5,0.));
#3762 = ADVANCED_FACE('',(#3763),#3769,.F.);
#3763 = FACE_BOUND('',#3764,.F.);
#3764 = EDGE_LOOP('',(#3765,#3766,#3767,#3768));
#3765 = ORIENTED_EDGE('',*,*,#3751,.T.);
#3766 = ORIENTED_EDGE('',*,*,#3698,.T.);
#3767 = ORIENTED_EDGE('',*,*,#3732,.F.);
#3768 = ORIENTED_EDGE('',*,*,#3654,.F.);
#3769 = PLANE('',#3770);
#3770 = AXIS2_PLACEMENT_3D('',#3771,#3772,#3773);
#3771 = CARTESIAN_POINT('',(22.5,29.156188594076,-26.));
#3772 = DIRECTION('',(-0.5,0.866025403784,-2.212736167135E-17));
#3773 = DIRECTION('',(0.866025403784,0.5,-3.832571465223E-17));
#3774 = ADVANCED_FACE('',(#3775),#3786,.F.);
#3775 = FACE_BOUND('',#3776,.F.);
#3776 = EDGE_LOOP('',(#3777,#3778,#3784,#3785));
#3777 = ORIENTED_EDGE('',*,*,#3715,.F.);
#3778 = ORIENTED_EDGE('',*,*,#3779,.F.);
#3779 = EDGE_CURVE('',#3672,#3716,#3780,.T.);
#3780 = LINE('',#3781,#3782);
#3781 = CARTESIAN_POINT('',(25.,43.301270189222,-27.));
#3782 = VECTOR('',#3783,1.);
#3783 = DIRECTION('',(2.212736167135E-17,3.832571465223E-17,1.));
#3784 = ORIENTED_EDGE('',*,*,#3671,.T.);
#3785 = ORIENTED_EDGE('',*,*,#3779,.T.);
#3786 = CYLINDRICAL_SURFACE('',#3787,5.);
#3787 = AXIS2_PLACEMENT_3D('',#3788,#3789,#3790);
#3788 = CARTESIAN_POINT('',(22.5,38.9711431703,-27.));
#3789 = DIRECTION('',(2.212736167135E-17,3.832571465223E-17,1.));
#3790 = DIRECTION('',(0.5,0.866025403784,-4.42547233427E-17));
#3791 = MANIFOLD_SOLID_BREP('',#3792);
#3792 = CLOSED_SHELL('',(#3793,#3833,#3864,#3895,#3939,#3983,#4000,#4017
    ,#4029));
#3793 = ADVANCED_FACE('',(#3794),#3828,.F.);
#3794 = FACE_BOUND('',#3795,.F.);
#3795 = EDGE_LOOP('',(#3796,#3806,#3814,#3822));
#3796 = ORIENTED_EDGE('',*,*,#3797,.T.);
#3797 = EDGE_CURVE('',#3798,#3800,#3802,.T.);
#3798 = VERTEX_POINT('',#3799);
#3799 = CARTESIAN_POINT('',(-31.,43.878620458412,-26.));
#3800 = VERTEX_POINT('',#3801);
#3801 = CARTESIAN_POINT('',(-31.,43.878620458412,-18.));
#3802 = LINE('',#3803,#3804);
#3803 = CARTESIAN_POINT('',(-31.,43.878620458412,-26.));
#3804 = VECTOR('',#3805,1.);
#3805 = DIRECTION('',(-2.212736167135E-17,3.832571465223E-17,1.));
#3806 = ORIENTED_EDGE('',*,*,#3807,.T.);
#3807 = EDGE_CURVE('',#3800,#3808,#3810,.T.);
#3808 = VERTEX_POINT('',#3809);
#3809 = CARTESIAN_POINT('',(-31.,34.063665882188,-18.));
#3810 = LINE('',#3811,#3812);
#3811 = CARTESIAN_POINT('',(-31.,43.878620458412,-18.));
#3812 = VECTOR('',#3813,1.);
#3813 = DIRECTION('',(-3.588297223321E-16,-1.,3.832571465223E-17));
#3814 = ORIENTED_EDGE('',*,*,#3815,.F.);
#3815 = EDGE_CURVE('',#3816,#3808,#3818,.T.);
#3816 = VERTEX_POINT('',#3817);
#3817 = CARTESIAN_POINT('',(-31.,34.063665882188,-26.));
#3818 = LINE('',#3819,#3820);
#3819 = CARTESIAN_POINT('',(-31.,34.063665882188,-26.));
#3820 = VECTOR('',#3821,1.);
#3821 = DIRECTION('',(-2.212736167135E-17,3.832571465223E-17,1.));
#3822 = ORIENTED_EDGE('',*,*,#3823,.F.);
#3823 = EDGE_CURVE('',#3798,#3816,#3824,.T.);
#3824 = LINE('',#3825,#3826);
#3825 = CARTESIAN_POINT('',(-31.,43.878620458412,-26.));
#3826 = VECTOR('',#3827,1.);
#3827 = DIRECTION('',(-3.588297223321E-16,-1.,3.832571465223E-17));
#3828 = PLANE('',#3829);
#3829 = AXIS2_PLACEMENT_3D('',#3830,#3831,#3832);
#3830 = CARTESIAN_POINT('',(-31.,43.878620458412,-26.));
#3831 = DIRECTION('',(1.,-3.181927392442E-16,2.212736167135E-17));
#3832 = DIRECTION('',(-3.588297223321E-16,-1.,3.832571465223E-17));
#3833 = ADVANCED_FACE('',(#3834),#3859,.F.);
#3834 = FACE_BOUND('',#3835,.F.);
#3835 = EDGE_LOOP('',(#3836,#3846,#3852,#3853));
#3836 = ORIENTED_EDGE('',*,*,#3837,.T.);
#3837 = EDGE_CURVE('',#3838,#3840,#3842,.T.);
#3838 = VERTEX_POINT('',#3839);
#3839 = CARTESIAN_POINT('',(-22.5,48.786097746523,-26.));
#3840 = VERTEX_POINT('',#3841);
#3841 = CARTESIAN_POINT('',(-22.5,48.786097746523,-18.));
#3842 = LINE('',#3843,#3844);
#3843 = CARTESIAN_POINT('',(-22.5,48.786097746523,-26.));
#3844 = VECTOR('',#3845,1.);
#3845 = DIRECTION('',(-2.212736167135E-17,3.832571465223E-17,1.));
#3846 = ORIENTED_EDGE('',*,*,#3847,.T.);
#3847 = EDGE_CURVE('',#3840,#3800,#3848,.T.);
#3848 = LINE('',#3849,#3850);
#3849 = CARTESIAN_POINT('',(-22.5,48.786097746523,-18.));
#3850 = VECTOR('',#3851,1.);
#3851 = DIRECTION('',(-0.866025403784,-0.5,-1.60188577288E-32));
#3852 = ORIENTED_EDGE('',*,*,#3797,.F.);
#3853 = ORIENTED_EDGE('',*,*,#3854,.F.);
#3854 = EDGE_CURVE('',#3838,#3798,#3855,.T.);
#3855 = LINE('',#3856,#3857);
#3856 = CARTESIAN_POINT('',(-22.5,48.786097746523,-26.));
#3857 = VECTOR('',#3858,1.);
#3858 = DIRECTION('',(-0.866025403784,-0.5,-1.60188577288E-32));
#3859 = PLANE('',#3860);
#3860 = AXIS2_PLACEMENT_3D('',#3861,#3862,#3863);
#3861 = CARTESIAN_POINT('',(-22.5,48.786097746523,-26.));
#3862 = DIRECTION('',(0.5,-0.866025403784,4.42547233427E-17));
#3863 = DIRECTION('',(-0.866025403784,-0.5,-1.60188577288E-32));
#3864 = ADVANCED_FACE('',(#3865),#3890,.F.);
#3865 = FACE_BOUND('',#3866,.F.);
#3866 = EDGE_LOOP('',(#3867,#3868,#3876,#3884));
#3867 = ORIENTED_EDGE('',*,*,#3815,.T.);
#3868 = ORIENTED_EDGE('',*,*,#3869,.T.);
#3869 = EDGE_CURVE('',#3808,#3870,#3872,.T.);
#3870 = VERTEX_POINT('',#3871);
#3871 = CARTESIAN_POINT('',(-22.5,29.156188594076,-18.));
#3872 = LINE('',#3873,#3874);
#3873 = CARTESIAN_POINT('',(-31.,34.063665882188,-18.));
#3874 = VECTOR('',#3875,1.);
#3875 = DIRECTION('',(0.866025403784,-0.5,3.832571465223E-17));
#3876 = ORIENTED_EDGE('',*,*,#3877,.F.);
#3877 = EDGE_CURVE('',#3878,#3870,#3880,.T.);
#3878 = VERTEX_POINT('',#3879);
#3879 = CARTESIAN_POINT('',(-22.5,29.156188594076,-26.));
#3880 = LINE('',#3881,#3882);
#3881 = CARTESIAN_POINT('',(-22.5,29.156188594076,-26.));
#3882 = VECTOR('',#3883,1.);
#3883 = DIRECTION('',(-2.212736167135E-17,3.832571465223E-17,1.));
#3884 = ORIENTED_EDGE('',*,*,#3885,.F.);
#3885 = EDGE_CURVE('',#3816,#3878,#3886,.T.);
#3886 = LINE('',#3887,#3888);
#3887 = CARTESIAN_POINT('',(-31.,34.063665882188,-26.));
#3888 = VECTOR('',#3889,1.);
#3889 = DIRECTION('',(0.866025403784,-0.5,3.832571465223E-17));
#3890 = PLANE('',#3891);
#3891 = AXIS2_PLACEMENT_3D('',#3892,#3893,#3894);
#3892 = CARTESIAN_POINT('',(-31.,34.063665882188,-26.));
#3893 = DIRECTION('',(0.5,0.866025403784,-2.212736167135E-17));
#3894 = DIRECTION('',(0.866025403784,-0.5,3.832571465223E-17));
#3895 = ADVANCED_FACE('',(#3896,#3923),#3934,.F.);
#3896 = FACE_BOUND('',#3897,.F.);
#3897 = EDGE_LOOP('',(#3898,#3899,#3900,#3908,#3916,#3922));
#3898 = ORIENTED_EDGE('',*,*,#3823,.T.);
#3899 = ORIENTED_EDGE('',*,*,#3885,.T.);
#3900 = ORIENTED_EDGE('',*,*,#3901,.T.);
#3901 = EDGE_CURVE('',#3878,#3902,#3904,.T.);
#3902 = VERTEX_POINT('',#3903);
#3903 = CARTESIAN_POINT('',(-14.,34.063665882188,-26.));
#3904 = LINE('',#3905,#3906);
#3905 = CARTESIAN_POINT('',(-22.5,29.156188594076,-26.));
#3906 = VECTOR('',#3907,1.);
#3907 = DIRECTION('',(0.866025403784,0.5,0.));
#3908 = ORIENTED_EDGE('',*,*,#3909,.T.);
#3909 = EDGE_CURVE('',#3902,#3910,#3912,.T.);
#3910 = VERTEX_POINT('',#3911);
#3911 = CARTESIAN_POINT('',(-14.,43.878620458412,-26.));
#3912 = LINE('',#3913,#3914);
#3913 = CARTESIAN_POINT('',(-14.,34.063665882188,-26.));
#3914 = VECTOR('',#3915,1.);
#3915 = DIRECTION('',(3.033185711009E-16,1.,-3.832571465223E-17));
#3916 = ORIENTED_EDGE('',*,*,#3917,.T.);
#3917 = EDGE_CURVE('',#3910,#3838,#3918,.T.);
#3918 = LINE('',#3919,#3920);
#3919 = CARTESIAN_POINT('',(-14.,43.878620458412,-26.));
#3920 = VECTOR('',#3921,1.);
#3921 = DIRECTION('',(-0.866025403784,0.5,-3.832571465223E-17));
#3922 = ORIENTED_EDGE('',*,*,#3854,.T.);
#3923 = FACE_BOUND('',#3924,.F.);
#3924 = EDGE_LOOP('',(#3925));
#3925 = ORIENTED_EDGE('',*,*,#3926,.F.);
#3926 = EDGE_CURVE('',#3927,#3927,#3929,.T.);
#3927 = VERTEX_POINT('',#3928);
#3928 = CARTESIAN_POINT('',(-25.,43.301270189222,-26.));
#3929 = CIRCLE('',#3930,5.);
#3930 = AXIS2_PLACEMENT_3D('',#3931,#3932,#3933);
#3931 = CARTESIAN_POINT('',(-22.5,38.9711431703,-26.));
#3932 = DIRECTION('',(-2.212736167135E-17,3.832571465223E-17,1.));
#3933 = DIRECTION('',(-0.5,0.866025403784,-4.42547233427E-17));
#3934 = PLANE('',#3935);
#3935 = AXIS2_PLACEMENT_3D('',#3936,#3937,#3938);
#3936 = CARTESIAN_POINT('',(-22.5,38.9711431703,-26.));
#3937 = DIRECTION('',(-2.212736167135E-17,3.832571465223E-17,1.));
#3938 = DIRECTION('',(-0.5,0.866025403784,-4.42547233427E-17));
#3939 = ADVANCED_FACE('',(#3940,#3967),#3978,.T.);
#3940 = FACE_BOUND('',#3941,.T.);
#3941 = EDGE_LOOP('',(#3942,#3943,#3944,#3952,#3960,#3966));
#3942 = ORIENTED_EDGE('',*,*,#3807,.T.);
#3943 = ORIENTED_EDGE('',*,*,#3869,.T.);
#3944 = ORIENTED_EDGE('',*,*,#3945,.T.);
#3945 = EDGE_CURVE('',#3870,#3946,#3948,.T.);
#3946 = VERTEX_POINT('',#3947);
#3947 = CARTESIAN_POINT('',(-14.,34.063665882188,-18.));
#3948 = LINE('',#3949,#3950);
#3949 = CARTESIAN_POINT('',(-22.5,29.156188594076,-18.));
#3950 = VECTOR('',#3951,1.);
#3951 = DIRECTION('',(0.866025403784,0.5,0.));
#3952 = ORIENTED_EDGE('',*,*,#3953,.T.);
#3953 = EDGE_CURVE('',#3946,#3954,#3956,.T.);
#3954 = VERTEX_POINT('',#3955);
#3955 = CARTESIAN_POINT('',(-14.,43.878620458412,-18.));
#3956 = LINE('',#3957,#3958);
#3957 = CARTESIAN_POINT('',(-14.,34.063665882188,-18.));
#3958 = VECTOR('',#3959,1.);
#3959 = DIRECTION('',(3.033185711009E-16,1.,-3.832571465223E-17));
#3960 = ORIENTED_EDGE('',*,*,#3961,.T.);
#3961 = EDGE_CURVE('',#3954,#3840,#3962,.T.);
#3962 = LINE('',#3963,#3964);
#3963 = CARTESIAN_POINT('',(-14.,43.878620458412,-18.));
#3964 = VECTOR('',#3965,1.);
#3965 = DIRECTION('',(-0.866025403784,0.5,-3.832571465223E-17));
#3966 = ORIENTED_EDGE('',*,*,#3847,.T.);
#3967 = FACE_BOUND('',#3968,.T.);
#3968 = EDGE_LOOP('',(#3969));
#3969 = ORIENTED_EDGE('',*,*,#3970,.F.);
#3970 = EDGE_CURVE('',#3971,#3971,#3973,.T.);
#3971 = VERTEX_POINT('',#3972);
#3972 = CARTESIAN_POINT('',(-25.,43.301270189222,-18.));
#3973 = CIRCLE('',#3974,5.);
#3974 = AXIS2_PLACEMENT_3D('',#3975,#3976,#3977);
#3975 = CARTESIAN_POINT('',(-22.5,38.9711431703,-18.));
#3976 = DIRECTION('',(-2.212736167135E-17,3.832571465223E-17,1.));
#3977 = DIRECTION('',(-0.5,0.866025403784,-4.42547233427E-17));
#3978 = PLANE('',#3979);
#3979 = AXIS2_PLACEMENT_3D('',#3980,#3981,#3982);
#3980 = CARTESIAN_POINT('',(-22.5,38.9711431703,-18.));
#3981 = DIRECTION('',(-2.212736167135E-17,3.832571465223E-17,1.));
#3982 = DIRECTION('',(-0.5,0.866025403784,-4.42547233427E-17));
#3983 = ADVANCED_FACE('',(#3984),#3995,.F.);
#3984 = FACE_BOUND('',#3985,.F.);
#3985 = EDGE_LOOP('',(#3986,#3992,#3993,#3994));
#3986 = ORIENTED_EDGE('',*,*,#3987,.T.);
#3987 = EDGE_CURVE('',#3910,#3954,#3988,.T.);
#3988 = LINE('',#3989,#3990);
#3989 = CARTESIAN_POINT('',(-14.,43.878620458412,-26.));
#3990 = VECTOR('',#3991,1.);
#3991 = DIRECTION('',(-2.212736167135E-17,3.832571465223E-17,1.));
#3992 = ORIENTED_EDGE('',*,*,#3961,.T.);
#3993 = ORIENTED_EDGE('',*,*,#3837,.F.);
#3994 = ORIENTED_EDGE('',*,*,#3917,.F.);
#3995 = PLANE('',#3996);
#3996 = AXIS2_PLACEMENT_3D('',#3997,#3998,#3999);
#3997 = CARTESIAN_POINT('',(-14.,43.878620458412,-26.));
#3998 = DIRECTION('',(-0.5,-0.866025403784,2.212736167135E-17));
#3999 = DIRECTION('',(-0.866025403784,0.5,-3.832571465223E-17));
#4000 = ADVANCED_FACE('',(#4001),#4012,.F.);
#4001 = FACE_BOUND('',#4002,.F.);
#4002 = EDGE_LOOP('',(#4003,#4004,#4005,#4011));
#4003 = ORIENTED_EDGE('',*,*,#3877,.T.);
#4004 = ORIENTED_EDGE('',*,*,#3945,.T.);
#4005 = ORIENTED_EDGE('',*,*,#4006,.F.);
#4006 = EDGE_CURVE('',#3902,#3946,#4007,.T.);
#4007 = LINE('',#4008,#4009);
#4008 = CARTESIAN_POINT('',(-14.,34.063665882188,-26.));
#4009 = VECTOR('',#4010,1.);
#4010 = DIRECTION('',(-2.212736167135E-17,3.832571465223E-17,1.));
#4011 = ORIENTED_EDGE('',*,*,#3901,.F.);
#4012 = PLANE('',#4013);
#4013 = AXIS2_PLACEMENT_3D('',#4014,#4015,#4016);
#4014 = CARTESIAN_POINT('',(-22.5,29.156188594076,-26.));
#4015 = DIRECTION('',(-0.5,0.866025403784,-4.42547233427E-17));
#4016 = DIRECTION('',(0.866025403784,0.5,0.));
#4017 = ADVANCED_FACE('',(#4018),#4024,.F.);
#4018 = FACE_BOUND('',#4019,.F.);
#4019 = EDGE_LOOP('',(#4020,#4021,#4022,#4023));
#4020 = ORIENTED_EDGE('',*,*,#4006,.T.);
#4021 = ORIENTED_EDGE('',*,*,#3953,.T.);
#4022 = ORIENTED_EDGE('',*,*,#3987,.F.);
#4023 = ORIENTED_EDGE('',*,*,#3909,.F.);
#4024 = PLANE('',#4025);
#4025 = AXIS2_PLACEMENT_3D('',#4026,#4027,#4028);
#4026 = CARTESIAN_POINT('',(-14.,34.063665882188,-26.));
#4027 = DIRECTION('',(-1.,3.181927392442E-16,-2.212736167135E-17));
#4028 = DIRECTION('',(3.588297223321E-16,1.,-3.832571465223E-17));
#4029 = ADVANCED_FACE('',(#4030),#4041,.F.);
#4030 = FACE_BOUND('',#4031,.F.);
#4031 = EDGE_LOOP('',(#4032,#4033,#4039,#4040));
#4032 = ORIENTED_EDGE('',*,*,#3970,.F.);
#4033 = ORIENTED_EDGE('',*,*,#4034,.F.);
#4034 = EDGE_CURVE('',#3927,#3971,#4035,.T.);
#4035 = LINE('',#4036,#4037);
#4036 = CARTESIAN_POINT('',(-25.,43.301270189222,-27.));
#4037 = VECTOR('',#4038,1.);
#4038 = DIRECTION('',(-2.212736167135E-17,3.832571465223E-17,1.));
#4039 = ORIENTED_EDGE('',*,*,#3926,.T.);
#4040 = ORIENTED_EDGE('',*,*,#4034,.T.);
#4041 = CYLINDRICAL_SURFACE('',#4042,5.);
#4042 = AXIS2_PLACEMENT_3D('',#4043,#4044,#4045);
#4043 = CARTESIAN_POINT('',(-22.5,38.9711431703,-27.));
#4044 = DIRECTION('',(-2.212736167135E-17,3.832571465223E-17,1.));
#4045 = DIRECTION('',(-0.5,0.866025403784,-4.42547233427E-17));
#4046 = MANIFOLD_SOLID_BREP('',#4047);
#4047 = CLOSED_SHELL('',(#4048,#4088,#4119,#4150,#4194,#4238,#4255,#4272
    ,#4284));
#4048 = ADVANCED_FACE('',(#4049),#4083,.F.);
#4049 = FACE_BOUND('',#4050,.F.);
#4050 = EDGE_LOOP('',(#4051,#4061,#4069,#4077));
#4051 = ORIENTED_EDGE('',*,*,#4052,.T.);
#4052 = EDGE_CURVE('',#4053,#4055,#4057,.T.);
#4053 = VERTEX_POINT('',#4054);
#4054 = CARTESIAN_POINT('',(-53.5,-4.907477288112,-26.));
#4055 = VERTEX_POINT('',#4056);
#4056 = CARTESIAN_POINT('',(-53.5,-4.907477288112,-18.));
#4057 = LINE('',#4058,#4059);
#4058 = CARTESIAN_POINT('',(-53.5,-4.907477288112,-26.));
#4059 = VECTOR('',#4060,1.);
#4060 = DIRECTION('',(-4.42547233427E-17,5.419640528879E-33,1.));
#4061 = ORIENTED_EDGE('',*,*,#4062,.T.);
#4062 = EDGE_CURVE('',#4055,#4063,#4065,.T.);
#4063 = VERTEX_POINT('',#4064);
#4064 = CARTESIAN_POINT('',(-45.,-9.814954576224,-18.));
#4065 = LINE('',#4066,#4067);
#4066 = CARTESIAN_POINT('',(-53.5,-4.907477288112,-18.));
#4067 = VECTOR('',#4068,1.);
#4068 = DIRECTION('',(0.866025403784,-0.5,3.832571465223E-17));
#4069 = ORIENTED_EDGE('',*,*,#4070,.F.);
#4070 = EDGE_CURVE('',#4071,#4063,#4073,.T.);
#4071 = VERTEX_POINT('',#4072);
#4072 = CARTESIAN_POINT('',(-45.,-9.814954576224,-26.));
#4073 = LINE('',#4074,#4075);
#4074 = CARTESIAN_POINT('',(-45.,-9.814954576224,-26.));
#4075 = VECTOR('',#4076,1.);
#4076 = DIRECTION('',(-4.42547233427E-17,5.419640528879E-33,1.));
#4077 = ORIENTED_EDGE('',*,*,#4078,.F.);
#4078 = EDGE_CURVE('',#4053,#4071,#4079,.T.);
#4079 = LINE('',#4080,#4081);
#4080 = CARTESIAN_POINT('',(-53.5,-4.907477288112,-26.));
#4081 = VECTOR('',#4082,1.);
#4082 = DIRECTION('',(0.866025403784,-0.5,3.832571465223E-17));
#4083 = PLANE('',#4084);
#4084 = AXIS2_PLACEMENT_3D('',#4085,#4086,#4087);
#4085 = CARTESIAN_POINT('',(-53.5,-4.907477288112,-26.));
#4086 = DIRECTION('',(0.5,0.866025403784,2.212736167135E-17));
#4087 = DIRECTION('',(0.866025403784,-0.5,3.832571465223E-17));
#4088 = ADVANCED_FACE('',(#4089),#4114,.F.);
#4089 = FACE_BOUND('',#4090,.F.);
#4090 = EDGE_LOOP('',(#4091,#4101,#4107,#4108));
#4091 = ORIENTED_EDGE('',*,*,#4092,.T.);
#4092 = EDGE_CURVE('',#4093,#4095,#4097,.T.);
#4093 = VERTEX_POINT('',#4094);
#4094 = CARTESIAN_POINT('',(-53.5,4.907477288112,-26.));
#4095 = VERTEX_POINT('',#4096);
#4096 = CARTESIAN_POINT('',(-53.5,4.907477288112,-18.));
#4097 = LINE('',#4098,#4099);
#4098 = CARTESIAN_POINT('',(-53.5,4.907477288112,-26.));
#4099 = VECTOR('',#4100,1.);
#4100 = DIRECTION('',(-4.42547233427E-17,5.419640528879E-33,1.));
#4101 = ORIENTED_EDGE('',*,*,#4102,.T.);
#4102 = EDGE_CURVE('',#4095,#4055,#4103,.T.);
#4103 = LINE('',#4104,#4105);
#4104 = CARTESIAN_POINT('',(-53.5,4.907477288112,-18.));
#4105 = VECTOR('',#4106,1.);
#4106 = DIRECTION('',(-4.844341267634E-16,-1.,-1.60188577288E-32));
#4107 = ORIENTED_EDGE('',*,*,#4052,.F.);
#4108 = ORIENTED_EDGE('',*,*,#4109,.F.);
#4109 = EDGE_CURVE('',#4093,#4053,#4110,.T.);
#4110 = LINE('',#4111,#4112);
#4111 = CARTESIAN_POINT('',(-53.5,4.907477288112,-26.));
#4112 = VECTOR('',#4113,1.);
#4113 = DIRECTION('',(-4.844341267634E-16,-1.,-1.60188577288E-32));
#4114 = PLANE('',#4115);
#4115 = AXIS2_PLACEMENT_3D('',#4116,#4117,#4118);
#4116 = CARTESIAN_POINT('',(-53.5,4.907477288112,-26.));
#4117 = DIRECTION('',(1.,-4.844341267634E-16,4.42547233427E-17));
#4118 = DIRECTION('',(-4.844341267634E-16,-1.,-1.60188577288E-32));
#4119 = ADVANCED_FACE('',(#4120),#4145,.F.);
#4120 = FACE_BOUND('',#4121,.F.);
#4121 = EDGE_LOOP('',(#4122,#4123,#4131,#4139));
#4122 = ORIENTED_EDGE('',*,*,#4070,.T.);
#4123 = ORIENTED_EDGE('',*,*,#4124,.T.);
#4124 = EDGE_CURVE('',#4063,#4125,#4127,.T.);
#4125 = VERTEX_POINT('',#4126);
#4126 = CARTESIAN_POINT('',(-36.5,-4.907477288112,-18.));
#4127 = LINE('',#4128,#4129);
#4128 = CARTESIAN_POINT('',(-45.,-9.814954576224,-18.));
#4129 = VECTOR('',#4130,1.);
#4130 = DIRECTION('',(0.866025403784,0.5,3.832571465223E-17));
#4131 = ORIENTED_EDGE('',*,*,#4132,.F.);
#4132 = EDGE_CURVE('',#4133,#4125,#4135,.T.);
#4133 = VERTEX_POINT('',#4134);
#4134 = CARTESIAN_POINT('',(-36.5,-4.907477288112,-26.));
#4135 = LINE('',#4136,#4137);
#4136 = CARTESIAN_POINT('',(-36.5,-4.907477288112,-26.));
#4137 = VECTOR('',#4138,1.);
#4138 = DIRECTION('',(-4.42547233427E-17,5.419640528879E-33,1.));
#4139 = ORIENTED_EDGE('',*,*,#4140,.F.);
#4140 = EDGE_CURVE('',#4071,#4133,#4141,.T.);
#4141 = LINE('',#4142,#4143);
#4142 = CARTESIAN_POINT('',(-45.,-9.814954576224,-26.));
#4143 = VECTOR('',#4144,1.);
#4144 = DIRECTION('',(0.866025403784,0.5,3.832571465223E-17));
#4145 = PLANE('',#4146);
#4146 = AXIS2_PLACEMENT_3D('',#4147,#4148,#4149);
#4147 = CARTESIAN_POINT('',(-45.,-9.814954576224,-26.));
#4148 = DIRECTION('',(-0.5,0.866025403784,-2.212736167135E-17));
#4149 = DIRECTION('',(0.866025403784,0.5,3.832571465223E-17));
#4150 = ADVANCED_FACE('',(#4151,#4178),#4189,.F.);
#4151 = FACE_BOUND('',#4152,.F.);
#4152 = EDGE_LOOP('',(#4153,#4154,#4155,#4163,#4171,#4177));
#4153 = ORIENTED_EDGE('',*,*,#4078,.T.);
#4154 = ORIENTED_EDGE('',*,*,#4140,.T.);
#4155 = ORIENTED_EDGE('',*,*,#4156,.T.);
#4156 = EDGE_CURVE('',#4133,#4157,#4159,.T.);
#4157 = VERTEX_POINT('',#4158);
#4158 = CARTESIAN_POINT('',(-36.5,4.907477288112,-26.));
#4159 = LINE('',#4160,#4161);
#4160 = CARTESIAN_POINT('',(-36.5,-4.907477288112,-26.));
#4161 = VECTOR('',#4162,1.);
#4162 = DIRECTION('',(1.224646799147E-16,1.,0.));
#4163 = ORIENTED_EDGE('',*,*,#4164,.T.);
#4164 = EDGE_CURVE('',#4157,#4165,#4167,.T.);
#4165 = VERTEX_POINT('',#4166);
#4166 = CARTESIAN_POINT('',(-45.,9.814954576224,-26.));
#4167 = LINE('',#4168,#4169);
#4168 = CARTESIAN_POINT('',(-36.5,4.907477288112,-26.));
#4169 = VECTOR('',#4170,1.);
#4170 = DIRECTION('',(-0.866025403784,0.5,-3.832571465223E-17));
#4171 = ORIENTED_EDGE('',*,*,#4172,.T.);
#4172 = EDGE_CURVE('',#4165,#4093,#4173,.T.);
#4173 = LINE('',#4174,#4175);
#4174 = CARTESIAN_POINT('',(-45.,9.814954576224,-26.));
#4175 = VECTOR('',#4176,1.);
#4176 = DIRECTION('',(-0.866025403784,-0.5,-3.832571465223E-17));
#4177 = ORIENTED_EDGE('',*,*,#4109,.T.);
#4178 = FACE_BOUND('',#4179,.F.);
#4179 = EDGE_LOOP('',(#4180));
#4180 = ORIENTED_EDGE('',*,*,#4181,.F.);
#4181 = EDGE_CURVE('',#4182,#4182,#4184,.T.);
#4182 = VERTEX_POINT('',#4183);
#4183 = CARTESIAN_POINT('',(-50.,7.347880794884E-15,-26.));
#4184 = CIRCLE('',#4185,5.);
#4185 = AXIS2_PLACEMENT_3D('',#4186,#4187,#4188);
#4186 = CARTESIAN_POINT('',(-45.,5.510910596163E-15,-26.));
#4187 = DIRECTION('',(-4.42547233427E-17,5.419640528879E-33,1.));
#4188 = DIRECTION('',(-1.,1.224646799147E-16,-4.42547233427E-17));
#4189 = PLANE('',#4190);
#4190 = AXIS2_PLACEMENT_3D('',#4191,#4192,#4193);
#4191 = CARTESIAN_POINT('',(-45.,6.174521248719E-15,-26.));
#4192 = DIRECTION('',(-4.42547233427E-17,5.419640528879E-33,1.));
#4193 = DIRECTION('',(-1.,1.224646799147E-16,-4.42547233427E-17));
#4194 = ADVANCED_FACE('',(#4195,#4222),#4233,.T.);
#4195 = FACE_BOUND('',#4196,.T.);
#4196 = EDGE_LOOP('',(#4197,#4198,#4199,#4207,#4215,#4221));
#4197 = ORIENTED_EDGE('',*,*,#4062,.T.);
#4198 = ORIENTED_EDGE('',*,*,#4124,.T.);
#4199 = ORIENTED_EDGE('',*,*,#4200,.T.);
#4200 = EDGE_CURVE('',#4125,#4201,#4203,.T.);
#4201 = VERTEX_POINT('',#4202);
#4202 = CARTESIAN_POINT('',(-36.5,4.907477288112,-18.));
#4203 = LINE('',#4204,#4205);
#4204 = CARTESIAN_POINT('',(-36.5,-4.907477288112,-18.));
#4205 = VECTOR('',#4206,1.);
#4206 = DIRECTION('',(1.224646799147E-16,1.,0.));
#4207 = ORIENTED_EDGE('',*,*,#4208,.T.);
#4208 = EDGE_CURVE('',#4201,#4209,#4211,.T.);
#4209 = VERTEX_POINT('',#4210);
#4210 = CARTESIAN_POINT('',(-45.,9.814954576224,-18.));
#4211 = LINE('',#4212,#4213);
#4212 = CARTESIAN_POINT('',(-36.5,4.907477288112,-18.));
#4213 = VECTOR('',#4214,1.);
#4214 = DIRECTION('',(-0.866025403784,0.5,-3.832571465223E-17));
#4215 = ORIENTED_EDGE('',*,*,#4216,.T.);
#4216 = EDGE_CURVE('',#4209,#4095,#4217,.T.);
#4217 = LINE('',#4218,#4219);
#4218 = CARTESIAN_POINT('',(-45.,9.814954576224,-18.));
#4219 = VECTOR('',#4220,1.);
#4220 = DIRECTION('',(-0.866025403784,-0.5,-3.832571465223E-17));
#4221 = ORIENTED_EDGE('',*,*,#4102,.T.);
#4222 = FACE_BOUND('',#4223,.T.);
#4223 = EDGE_LOOP('',(#4224));
#4224 = ORIENTED_EDGE('',*,*,#4225,.F.);
#4225 = EDGE_CURVE('',#4226,#4226,#4228,.T.);
#4226 = VERTEX_POINT('',#4227);
#4227 = CARTESIAN_POINT('',(-50.,7.347880794884E-15,-18.));
#4228 = CIRCLE('',#4229,5.);
#4229 = AXIS2_PLACEMENT_3D('',#4230,#4231,#4232);
#4230 = CARTESIAN_POINT('',(-45.,5.510910596163E-15,-18.));
#4231 = DIRECTION('',(-4.42547233427E-17,5.419640528879E-33,1.));
#4232 = DIRECTION('',(-1.,1.224646799147E-16,-4.42547233427E-17));
#4233 = PLANE('',#4234);
#4234 = AXIS2_PLACEMENT_3D('',#4235,#4236,#4237);
#4235 = CARTESIAN_POINT('',(-45.,6.174521248719E-15,-18.));
#4236 = DIRECTION('',(-4.42547233427E-17,5.419640528879E-33,1.));
#4237 = DIRECTION('',(-1.,1.224646799147E-16,-4.42547233427E-17));
#4238 = ADVANCED_FACE('',(#4239),#4250,.F.);
#4239 = FACE_BOUND('',#4240,.F.);
#4240 = EDGE_LOOP('',(#4241,#4247,#4248,#4249));
#4241 = ORIENTED_EDGE('',*,*,#4242,.T.);
#4242 = EDGE_CURVE('',#4165,#4209,#4243,.T.);
#4243 = LINE('',#4244,#4245);
#4244 = CARTESIAN_POINT('',(-45.,9.814954576224,-26.));
#4245 = VECTOR('',#4246,1.);
#4246 = DIRECTION('',(-4.42547233427E-17,5.419640528879E-33,1.));
#4247 = ORIENTED_EDGE('',*,*,#4216,.T.);
#4248 = ORIENTED_EDGE('',*,*,#4092,.F.);
#4249 = ORIENTED_EDGE('',*,*,#4172,.F.);
#4250 = PLANE('',#4251);
#4251 = AXIS2_PLACEMENT_3D('',#4252,#4253,#4254);
#4252 = CARTESIAN_POINT('',(-45.,9.814954576224,-26.));
#4253 = DIRECTION('',(0.5,-0.866025403784,2.212736167135E-17));
#4254 = DIRECTION('',(-0.866025403784,-0.5,-3.832571465223E-17));
#4255 = ADVANCED_FACE('',(#4256),#4267,.F.);
#4256 = FACE_BOUND('',#4257,.F.);
#4257 = EDGE_LOOP('',(#4258,#4259,#4260,#4266));
#4258 = ORIENTED_EDGE('',*,*,#4132,.T.);
#4259 = ORIENTED_EDGE('',*,*,#4200,.T.);
#4260 = ORIENTED_EDGE('',*,*,#4261,.F.);
#4261 = EDGE_CURVE('',#4157,#4201,#4262,.T.);
#4262 = LINE('',#4263,#4264);
#4263 = CARTESIAN_POINT('',(-36.5,4.907477288112,-26.));
#4264 = VECTOR('',#4265,1.);
#4265 = DIRECTION('',(-4.42547233427E-17,5.419640528879E-33,1.));
#4266 = ORIENTED_EDGE('',*,*,#4156,.F.);
#4267 = PLANE('',#4268);
#4268 = AXIS2_PLACEMENT_3D('',#4269,#4270,#4271);
#4269 = CARTESIAN_POINT('',(-36.5,-4.907477288112,-26.));
#4270 = DIRECTION('',(-1.,1.224646799147E-16,-4.42547233427E-17));
#4271 = DIRECTION('',(1.224646799147E-16,1.,0.));
#4272 = ADVANCED_FACE('',(#4273),#4279,.F.);
#4273 = FACE_BOUND('',#4274,.F.);
#4274 = EDGE_LOOP('',(#4275,#4276,#4277,#4278));
#4275 = ORIENTED_EDGE('',*,*,#4261,.T.);
#4276 = ORIENTED_EDGE('',*,*,#4208,.T.);
#4277 = ORIENTED_EDGE('',*,*,#4242,.F.);
#4278 = ORIENTED_EDGE('',*,*,#4164,.F.);
#4279 = PLANE('',#4280);
#4280 = AXIS2_PLACEMENT_3D('',#4281,#4282,#4283);
#4281 = CARTESIAN_POINT('',(-36.5,4.907477288112,-26.));
#4282 = DIRECTION('',(-0.5,-0.866025403784,-2.212736167135E-17));
#4283 = DIRECTION('',(-0.866025403784,0.5,-3.832571465223E-17));
#4284 = ADVANCED_FACE('',(#4285),#4296,.F.);
#4285 = FACE_BOUND('',#4286,.F.);
#4286 = EDGE_LOOP('',(#4287,#4288,#4294,#4295));
#4287 = ORIENTED_EDGE('',*,*,#4225,.F.);
#4288 = ORIENTED_EDGE('',*,*,#4289,.F.);
#4289 = EDGE_CURVE('',#4182,#4226,#4290,.T.);
#4290 = LINE('',#4291,#4292);
#4291 = CARTESIAN_POINT('',(-50.,7.347880794884E-15,-27.));
#4292 = VECTOR('',#4293,1.);
#4293 = DIRECTION('',(-4.42547233427E-17,5.419640528879E-33,1.));
#4294 = ORIENTED_EDGE('',*,*,#4181,.T.);
#4295 = ORIENTED_EDGE('',*,*,#4289,.T.);
#4296 = CYLINDRICAL_SURFACE('',#4297,5.);
#4297 = AXIS2_PLACEMENT_3D('',#4298,#4299,#4300);
#4298 = CARTESIAN_POINT('',(-45.,5.510910596163E-15,-27.));
#4299 = DIRECTION('',(-4.42547233427E-17,5.419640528879E-33,1.));
#4300 = DIRECTION('',(-1.,1.224646799147E-16,-4.42547233427E-17));
#4301 = MANIFOLD_SOLID_BREP('',#4302);
#4302 = CLOSED_SHELL('',(#4303,#4343,#4374,#4405,#4449,#4493,#4510,#4527
    ,#4539));
#4303 = ADVANCED_FACE('',(#4304),#4338,.F.);
#4304 = FACE_BOUND('',#4305,.F.);
#4305 = EDGE_LOOP('',(#4306,#4316,#4324,#4332));
#4306 = ORIENTED_EDGE('',*,*,#4307,.T.);
#4307 = EDGE_CURVE('',#4308,#4310,#4312,.T.);
#4308 = VERTEX_POINT('',#4309);
#4309 = CARTESIAN_POINT('',(-22.5,-48.78609774652,-26.));
#4310 = VERTEX_POINT('',#4311);
#4311 = CARTESIAN_POINT('',(-22.5,-48.78609774652,-18.));
#4312 = LINE('',#4313,#4314);
#4313 = CARTESIAN_POINT('',(-22.5,-48.78609774652,-26.));
#4314 = VECTOR('',#4315,1.);
#4315 = DIRECTION('',(-2.212736167135E-17,-3.832571465223E-17,1.));
#4316 = ORIENTED_EDGE('',*,*,#4317,.T.);
#4317 = EDGE_CURVE('',#4310,#4318,#4320,.T.);
#4318 = VERTEX_POINT('',#4319);
#4319 = CARTESIAN_POINT('',(-14.,-43.87862045841,-18.));
#4320 = LINE('',#4321,#4322);
#4321 = CARTESIAN_POINT('',(-22.5,-48.78609774652,-18.));
#4322 = VECTOR('',#4323,1.);
#4323 = DIRECTION('',(0.866025403784,0.5,3.832571465223E-17));
#4324 = ORIENTED_EDGE('',*,*,#4325,.F.);
#4325 = EDGE_CURVE('',#4326,#4318,#4328,.T.);
#4326 = VERTEX_POINT('',#4327);
#4327 = CARTESIAN_POINT('',(-14.,-43.87862045841,-26.));
#4328 = LINE('',#4329,#4330);
#4329 = CARTESIAN_POINT('',(-14.,-43.87862045841,-26.));
#4330 = VECTOR('',#4331,1.);
#4331 = DIRECTION('',(-2.212736167135E-17,-3.832571465223E-17,1.));
#4332 = ORIENTED_EDGE('',*,*,#4333,.F.);
#4333 = EDGE_CURVE('',#4308,#4326,#4334,.T.);
#4334 = LINE('',#4335,#4336);
#4335 = CARTESIAN_POINT('',(-22.5,-48.78609774652,-26.));
#4336 = VECTOR('',#4337,1.);
#4337 = DIRECTION('',(0.866025403784,0.5,3.832571465223E-17));
#4338 = PLANE('',#4339);
#4339 = AXIS2_PLACEMENT_3D('',#4340,#4341,#4342);
#4340 = CARTESIAN_POINT('',(-22.5,-48.78609774652,-26.));
#4341 = DIRECTION('',(-0.5,0.866025403784,2.212736167135E-17));
#4342 = DIRECTION('',(0.866025403784,0.5,3.832571465223E-17));
#4343 = ADVANCED_FACE('',(#4344),#4369,.F.);
#4344 = FACE_BOUND('',#4345,.F.);
#4345 = EDGE_LOOP('',(#4346,#4356,#4362,#4363));
#4346 = ORIENTED_EDGE('',*,*,#4347,.T.);
#4347 = EDGE_CURVE('',#4348,#4350,#4352,.T.);
#4348 = VERTEX_POINT('',#4349);
#4349 = CARTESIAN_POINT('',(-31.,-43.87862045841,-26.));
#4350 = VERTEX_POINT('',#4351);
#4351 = CARTESIAN_POINT('',(-31.,-43.87862045841,-18.));
#4352 = LINE('',#4353,#4354);
#4353 = CARTESIAN_POINT('',(-31.,-43.87862045841,-26.));
#4354 = VECTOR('',#4355,1.);
#4355 = DIRECTION('',(-2.212736167135E-17,-3.832571465223E-17,1.));
#4356 = ORIENTED_EDGE('',*,*,#4357,.T.);
#4357 = EDGE_CURVE('',#4350,#4310,#4358,.T.);
#4358 = LINE('',#4359,#4360);
#4359 = CARTESIAN_POINT('',(-31.,-43.87862045841,-18.));
#4360 = VECTOR('',#4361,1.);
#4361 = DIRECTION('',(0.866025403784,-0.5,-1.60188577288E-32));
#4362 = ORIENTED_EDGE('',*,*,#4307,.F.);
#4363 = ORIENTED_EDGE('',*,*,#4364,.F.);
#4364 = EDGE_CURVE('',#4348,#4308,#4365,.T.);
#4365 = LINE('',#4366,#4367);
#4366 = CARTESIAN_POINT('',(-31.,-43.87862045841,-26.));
#4367 = VECTOR('',#4368,1.);
#4368 = DIRECTION('',(0.866025403784,-0.5,-1.60188577288E-32));
#4369 = PLANE('',#4370);
#4370 = AXIS2_PLACEMENT_3D('',#4371,#4372,#4373);
#4371 = CARTESIAN_POINT('',(-31.,-43.87862045841,-26.));
#4372 = DIRECTION('',(0.5,0.866025403784,4.42547233427E-17));
#4373 = DIRECTION('',(0.866025403784,-0.5,-1.60188577288E-32));
#4374 = ADVANCED_FACE('',(#4375),#4400,.F.);
#4375 = FACE_BOUND('',#4376,.F.);
#4376 = EDGE_LOOP('',(#4377,#4378,#4386,#4394));
#4377 = ORIENTED_EDGE('',*,*,#4325,.T.);
#4378 = ORIENTED_EDGE('',*,*,#4379,.T.);
#4379 = EDGE_CURVE('',#4318,#4380,#4382,.T.);
#4380 = VERTEX_POINT('',#4381);
#4381 = CARTESIAN_POINT('',(-14.,-34.06366588218,-18.));
#4382 = LINE('',#4383,#4384);
#4383 = CARTESIAN_POINT('',(-14.,-43.87862045841,-18.));
#4384 = VECTOR('',#4385,1.);
#4385 = DIRECTION('',(2.329332517263E-16,1.,3.832571465223E-17));
#4386 = ORIENTED_EDGE('',*,*,#4387,.F.);
#4387 = EDGE_CURVE('',#4388,#4380,#4390,.T.);
#4388 = VERTEX_POINT('',#4389);
#4389 = CARTESIAN_POINT('',(-14.,-34.06366588218,-26.));
#4390 = LINE('',#4391,#4392);
#4391 = CARTESIAN_POINT('',(-14.,-34.06366588218,-26.));
#4392 = VECTOR('',#4393,1.);
#4393 = DIRECTION('',(-2.212736167135E-17,-3.832571465223E-17,1.));
#4394 = ORIENTED_EDGE('',*,*,#4395,.F.);
#4395 = EDGE_CURVE('',#4326,#4388,#4396,.T.);
#4396 = LINE('',#4397,#4398);
#4397 = CARTESIAN_POINT('',(-14.,-43.87862045841,-26.));
#4398 = VECTOR('',#4399,1.);
#4399 = DIRECTION('',(2.329332517263E-16,1.,3.832571465223E-17));
#4400 = PLANE('',#4401);
#4401 = AXIS2_PLACEMENT_3D('',#4402,#4403,#4404);
#4402 = CARTESIAN_POINT('',(-14.,-43.87862045841,-26.));
#4403 = DIRECTION('',(-1.,2.369187730684E-16,-2.212736167135E-17));
#4404 = DIRECTION('',(2.329332517263E-16,1.,3.832571465223E-17));
#4405 = ADVANCED_FACE('',(#4406,#4433),#4444,.F.);
#4406 = FACE_BOUND('',#4407,.F.);
#4407 = EDGE_LOOP('',(#4408,#4409,#4410,#4418,#4426,#4432));
#4408 = ORIENTED_EDGE('',*,*,#4333,.T.);
#4409 = ORIENTED_EDGE('',*,*,#4395,.T.);
#4410 = ORIENTED_EDGE('',*,*,#4411,.T.);
#4411 = EDGE_CURVE('',#4388,#4412,#4414,.T.);
#4412 = VERTEX_POINT('',#4413);
#4413 = CARTESIAN_POINT('',(-22.5,-29.15618859407,-26.));
#4414 = LINE('',#4415,#4416);
#4415 = CARTESIAN_POINT('',(-14.,-34.06366588218,-26.));
#4416 = VECTOR('',#4417,1.);
#4417 = DIRECTION('',(-0.866025403784,0.5,0.));
#4418 = ORIENTED_EDGE('',*,*,#4419,.T.);
#4419 = EDGE_CURVE('',#4412,#4420,#4422,.T.);
#4420 = VERTEX_POINT('',#4421);
#4421 = CARTESIAN_POINT('',(-31.,-34.06366588218,-26.));
#4422 = LINE('',#4423,#4424);
#4423 = CARTESIAN_POINT('',(-22.5,-29.15618859407,-26.));
#4424 = VECTOR('',#4425,1.);
#4425 = DIRECTION('',(-0.866025403784,-0.5,-3.832571465223E-17));
#4426 = ORIENTED_EDGE('',*,*,#4427,.T.);
#4427 = EDGE_CURVE('',#4420,#4348,#4428,.T.);
#4428 = LINE('',#4429,#4430);
#4429 = CARTESIAN_POINT('',(-31.,-34.06366588218,-26.));
#4430 = VECTOR('',#4431,1.);
#4431 = DIRECTION('',(-6.215113103451E-16,-1.,-3.832571465223E-17));
#4432 = ORIENTED_EDGE('',*,*,#4364,.T.);
#4433 = FACE_BOUND('',#4434,.F.);
#4434 = EDGE_LOOP('',(#4435));
#4435 = ORIENTED_EDGE('',*,*,#4436,.F.);
#4436 = EDGE_CURVE('',#4437,#4437,#4439,.T.);
#4437 = VERTEX_POINT('',#4438);
#4438 = CARTESIAN_POINT('',(-25.,-43.30127018922,-26.));
#4439 = CIRCLE('',#4440,5.);
#4440 = AXIS2_PLACEMENT_3D('',#4441,#4442,#4443);
#4441 = CARTESIAN_POINT('',(-22.5,-38.9711431703,-26.));
#4442 = DIRECTION('',(-2.212736167135E-17,-3.832571465223E-17,1.));
#4443 = DIRECTION('',(-0.5,-0.866025403784,-4.42547233427E-17));
#4444 = PLANE('',#4445);
#4445 = AXIS2_PLACEMENT_3D('',#4446,#4447,#4448);
#4446 = CARTESIAN_POINT('',(-22.5,-38.9711431703,-26.));
#4447 = DIRECTION('',(-2.212736167135E-17,-3.832571465223E-17,1.));
#4448 = DIRECTION('',(-0.5,-0.866025403784,-4.42547233427E-17));
#4449 = ADVANCED_FACE('',(#4450,#4477),#4488,.T.);
#4450 = FACE_BOUND('',#4451,.T.);
#4451 = EDGE_LOOP('',(#4452,#4453,#4454,#4462,#4470,#4476));
#4452 = ORIENTED_EDGE('',*,*,#4317,.T.);
#4453 = ORIENTED_EDGE('',*,*,#4379,.T.);
#4454 = ORIENTED_EDGE('',*,*,#4455,.T.);
#4455 = EDGE_CURVE('',#4380,#4456,#4458,.T.);
#4456 = VERTEX_POINT('',#4457);
#4457 = CARTESIAN_POINT('',(-22.5,-29.15618859407,-18.));
#4458 = LINE('',#4459,#4460);
#4459 = CARTESIAN_POINT('',(-14.,-34.06366588218,-18.));
#4460 = VECTOR('',#4461,1.);
#4461 = DIRECTION('',(-0.866025403784,0.5,0.));
#4462 = ORIENTED_EDGE('',*,*,#4463,.T.);
#4463 = EDGE_CURVE('',#4456,#4464,#4466,.T.);
#4464 = VERTEX_POINT('',#4465);
#4465 = CARTESIAN_POINT('',(-31.,-34.06366588218,-18.));
#4466 = LINE('',#4467,#4468);
#4467 = CARTESIAN_POINT('',(-22.5,-29.15618859407,-18.));
#4468 = VECTOR('',#4469,1.);
#4469 = DIRECTION('',(-0.866025403784,-0.5,-3.832571465223E-17));
#4470 = ORIENTED_EDGE('',*,*,#4471,.T.);
#4471 = EDGE_CURVE('',#4464,#4350,#4472,.T.);
#4472 = LINE('',#4473,#4474);
#4473 = CARTESIAN_POINT('',(-31.,-34.06366588218,-18.));
#4474 = VECTOR('',#4475,1.);
#4475 = DIRECTION('',(-6.215113103451E-16,-1.,-3.832571465223E-17));
#4476 = ORIENTED_EDGE('',*,*,#4357,.T.);
#4477 = FACE_BOUND('',#4478,.T.);
#4478 = EDGE_LOOP('',(#4479));
#4479 = ORIENTED_EDGE('',*,*,#4480,.F.);
#4480 = EDGE_CURVE('',#4481,#4481,#4483,.T.);
#4481 = VERTEX_POINT('',#4482);
#4482 = CARTESIAN_POINT('',(-25.,-43.30127018922,-18.));
#4483 = CIRCLE('',#4484,5.);
#4484 = AXIS2_PLACEMENT_3D('',#4485,#4486,#4487);
#4485 = CARTESIAN_POINT('',(-22.5,-38.9711431703,-18.));
#4486 = DIRECTION('',(-2.212736167135E-17,-3.832571465223E-17,1.));
#4487 = DIRECTION('',(-0.5,-0.866025403784,-4.42547233427E-17));
#4488 = PLANE('',#4489);
#4489 = AXIS2_PLACEMENT_3D('',#4490,#4491,#4492);
#4490 = CARTESIAN_POINT('',(-22.5,-38.9711431703,-18.));
#4491 = DIRECTION('',(-2.212736167135E-17,-3.832571465223E-17,1.));
#4492 = DIRECTION('',(-0.5,-0.866025403784,-4.42547233427E-17));
#4493 = ADVANCED_FACE('',(#4494),#4505,.F.);
#4494 = FACE_BOUND('',#4495,.F.);
#4495 = EDGE_LOOP('',(#4496,#4502,#4503,#4504));
#4496 = ORIENTED_EDGE('',*,*,#4497,.T.);
#4497 = EDGE_CURVE('',#4420,#4464,#4498,.T.);
#4498 = LINE('',#4499,#4500);
#4499 = CARTESIAN_POINT('',(-31.,-34.06366588218,-26.));
#4500 = VECTOR('',#4501,1.);
#4501 = DIRECTION('',(-2.212736167135E-17,-3.832571465223E-17,1.));
#4502 = ORIENTED_EDGE('',*,*,#4471,.T.);
#4503 = ORIENTED_EDGE('',*,*,#4347,.F.);
#4504 = ORIENTED_EDGE('',*,*,#4427,.F.);
#4505 = PLANE('',#4506);
#4506 = AXIS2_PLACEMENT_3D('',#4507,#4508,#4509);
#4507 = CARTESIAN_POINT('',(-31.,-34.06366588218,-26.));
#4508 = DIRECTION('',(1.,-6.289483944168E-16,2.212736167135E-17));
#4509 = DIRECTION('',(-6.215113103451E-16,-1.,-3.832571465223E-17));
#4510 = ADVANCED_FACE('',(#4511),#4522,.F.);
#4511 = FACE_BOUND('',#4512,.F.);
#4512 = EDGE_LOOP('',(#4513,#4514,#4515,#4521));
#4513 = ORIENTED_EDGE('',*,*,#4387,.T.);
#4514 = ORIENTED_EDGE('',*,*,#4455,.T.);
#4515 = ORIENTED_EDGE('',*,*,#4516,.F.);
#4516 = EDGE_CURVE('',#4412,#4456,#4517,.T.);
#4517 = LINE('',#4518,#4519);
#4518 = CARTESIAN_POINT('',(-22.5,-29.15618859407,-26.));
#4519 = VECTOR('',#4520,1.);
#4520 = DIRECTION('',(-2.212736167135E-17,-3.832571465223E-17,1.));
#4521 = ORIENTED_EDGE('',*,*,#4411,.F.);
#4522 = PLANE('',#4523);
#4523 = AXIS2_PLACEMENT_3D('',#4524,#4525,#4526);
#4524 = CARTESIAN_POINT('',(-14.,-34.06366588218,-26.));
#4525 = DIRECTION('',(-0.5,-0.866025403784,-4.42547233427E-17));
#4526 = DIRECTION('',(-0.866025403784,0.5,0.));
#4527 = ADVANCED_FACE('',(#4528),#4534,.F.);
#4528 = FACE_BOUND('',#4529,.F.);
#4529 = EDGE_LOOP('',(#4530,#4531,#4532,#4533));
#4530 = ORIENTED_EDGE('',*,*,#4516,.T.);
#4531 = ORIENTED_EDGE('',*,*,#4463,.T.);
#4532 = ORIENTED_EDGE('',*,*,#4497,.F.);
#4533 = ORIENTED_EDGE('',*,*,#4419,.F.);
#4534 = PLANE('',#4535);
#4535 = AXIS2_PLACEMENT_3D('',#4536,#4537,#4538);
#4536 = CARTESIAN_POINT('',(-22.5,-29.15618859407,-26.));
#4537 = DIRECTION('',(0.5,-0.866025403784,-2.212736167135E-17));
#4538 = DIRECTION('',(-0.866025403784,-0.5,-3.832571465223E-17));
#4539 = ADVANCED_FACE('',(#4540),#4551,.F.);
#4540 = FACE_BOUND('',#4541,.F.);
#4541 = EDGE_LOOP('',(#4542,#4543,#4549,#4550));
#4542 = ORIENTED_EDGE('',*,*,#4480,.F.);
#4543 = ORIENTED_EDGE('',*,*,#4544,.F.);
#4544 = EDGE_CURVE('',#4437,#4481,#4545,.T.);
#4545 = LINE('',#4546,#4547);
#4546 = CARTESIAN_POINT('',(-25.,-43.30127018922,-27.));
#4547 = VECTOR('',#4548,1.);
#4548 = DIRECTION('',(-2.212736167135E-17,-3.832571465223E-17,1.));
#4549 = ORIENTED_EDGE('',*,*,#4436,.T.);
#4550 = ORIENTED_EDGE('',*,*,#4544,.T.);
#4551 = CYLINDRICAL_SURFACE('',#4552,5.);
#4552 = AXIS2_PLACEMENT_3D('',#4553,#4554,#4555);
#4553 = CARTESIAN_POINT('',(-22.5,-38.9711431703,-27.));
#4554 = DIRECTION('',(-2.212736167135E-17,-3.832571465223E-17,1.));
#4555 = DIRECTION('',(-0.5,-0.866025403784,-4.42547233427E-17));
#4556 = MANIFOLD_SOLID_BREP('',#4557);
#4557 = CLOSED_SHELL('',(#4558,#4598,#4629,#4660,#4704,#4748,#4765,#4782
    ,#4794));
#4558 = ADVANCED_FACE('',(#4559),#4593,.F.);
#4559 = FACE_BOUND('',#4560,.F.);
#4560 = EDGE_LOOP('',(#4561,#4571,#4579,#4587));
#4561 = ORIENTED_EDGE('',*,*,#4562,.T.);
#4562 = EDGE_CURVE('',#4563,#4565,#4567,.T.);
#4563 = VERTEX_POINT('',#4564);
#4564 = CARTESIAN_POINT('',(31.,-43.87862045841,-26.));
#4565 = VERTEX_POINT('',#4566);
#4566 = CARTESIAN_POINT('',(31.,-43.87862045841,-18.));
#4567 = LINE('',#4568,#4569);
#4568 = CARTESIAN_POINT('',(31.,-43.87862045841,-26.));
#4569 = VECTOR('',#4570,1.);
#4570 = DIRECTION('',(2.212736167135E-17,-3.832571465223E-17,1.));
#4571 = ORIENTED_EDGE('',*,*,#4572,.T.);
#4572 = EDGE_CURVE('',#4565,#4573,#4575,.T.);
#4573 = VERTEX_POINT('',#4574);
#4574 = CARTESIAN_POINT('',(31.,-34.06366588218,-18.));
#4575 = LINE('',#4576,#4577);
#4576 = CARTESIAN_POINT('',(31.,-43.87862045841,-18.));
#4577 = VECTOR('',#4578,1.);
#4578 = DIRECTION('',(-4.063698308792E-17,1.,3.832571465223E-17));
#4579 = ORIENTED_EDGE('',*,*,#4580,.F.);
#4580 = EDGE_CURVE('',#4581,#4573,#4583,.T.);
#4581 = VERTEX_POINT('',#4582);
#4582 = CARTESIAN_POINT('',(31.,-34.06366588218,-26.));
#4583 = LINE('',#4584,#4585);
#4584 = CARTESIAN_POINT('',(31.,-34.06366588218,-26.));
#4585 = VECTOR('',#4586,1.);
#4586 = DIRECTION('',(2.212736167135E-17,-3.832571465223E-17,1.));
#4587 = ORIENTED_EDGE('',*,*,#4588,.F.);
#4588 = EDGE_CURVE('',#4563,#4581,#4589,.T.);
#4589 = LINE('',#4590,#4591);
#4590 = CARTESIAN_POINT('',(31.,-43.87862045841,-26.));
#4591 = VECTOR('',#4592,1.);
#4592 = DIRECTION('',(-4.063698308792E-17,1.,3.832571465223E-17));
#4593 = PLANE('',#4594);
#4594 = AXIS2_PLACEMENT_3D('',#4595,#4596,#4597);
#4595 = CARTESIAN_POINT('',(31.,-43.87862045841,-26.));
#4596 = DIRECTION('',(-1.,-7.03853193746E-17,2.212736167135E-17));
#4597 = DIRECTION('',(-4.063698308792E-17,1.,3.832571465223E-17));
#4598 = ADVANCED_FACE('',(#4599),#4624,.F.);
#4599 = FACE_BOUND('',#4600,.F.);
#4600 = EDGE_LOOP('',(#4601,#4611,#4617,#4618));
#4601 = ORIENTED_EDGE('',*,*,#4602,.T.);
#4602 = EDGE_CURVE('',#4603,#4605,#4607,.T.);
#4603 = VERTEX_POINT('',#4604);
#4604 = CARTESIAN_POINT('',(22.5,-48.78609774652,-26.));
#4605 = VERTEX_POINT('',#4606);
#4606 = CARTESIAN_POINT('',(22.5,-48.78609774652,-18.));
#4607 = LINE('',#4608,#4609);
#4608 = CARTESIAN_POINT('',(22.5,-48.78609774652,-26.));
#4609 = VECTOR('',#4610,1.);
#4610 = DIRECTION('',(2.212736167135E-17,-3.832571465223E-17,1.));
#4611 = ORIENTED_EDGE('',*,*,#4612,.T.);
#4612 = EDGE_CURVE('',#4605,#4565,#4613,.T.);
#4613 = LINE('',#4614,#4615);
#4614 = CARTESIAN_POINT('',(22.5,-48.78609774652,-18.));
#4615 = VECTOR('',#4616,1.);
#4616 = DIRECTION('',(0.866025403784,0.5,-1.60188577288E-32));
#4617 = ORIENTED_EDGE('',*,*,#4562,.F.);
#4618 = ORIENTED_EDGE('',*,*,#4619,.F.);
#4619 = EDGE_CURVE('',#4603,#4563,#4620,.T.);
#4620 = LINE('',#4621,#4622);
#4621 = CARTESIAN_POINT('',(22.5,-48.78609774652,-26.));
#4622 = VECTOR('',#4623,1.);
#4623 = DIRECTION('',(0.866025403784,0.5,-1.60188577288E-32));
#4624 = PLANE('',#4625);
#4625 = AXIS2_PLACEMENT_3D('',#4626,#4627,#4628);
#4626 = CARTESIAN_POINT('',(22.5,-48.78609774652,-26.));
#4627 = DIRECTION('',(-0.5,0.866025403784,4.42547233427E-17));
#4628 = DIRECTION('',(0.866025403784,0.5,-1.60188577288E-32));
#4629 = ADVANCED_FACE('',(#4630),#4655,.F.);
#4630 = FACE_BOUND('',#4631,.F.);
#4631 = EDGE_LOOP('',(#4632,#4633,#4641,#4649));
#4632 = ORIENTED_EDGE('',*,*,#4580,.T.);
#4633 = ORIENTED_EDGE('',*,*,#4634,.T.);
#4634 = EDGE_CURVE('',#4573,#4635,#4637,.T.);
#4635 = VERTEX_POINT('',#4636);
#4636 = CARTESIAN_POINT('',(22.5,-29.15618859407,-18.));
#4637 = LINE('',#4638,#4639);
#4638 = CARTESIAN_POINT('',(31.,-34.06366588218,-18.));
#4639 = VECTOR('',#4640,1.);
#4640 = DIRECTION('',(-0.866025403784,0.5,3.832571465223E-17));
#4641 = ORIENTED_EDGE('',*,*,#4642,.F.);
#4642 = EDGE_CURVE('',#4643,#4635,#4645,.T.);
#4643 = VERTEX_POINT('',#4644);
#4644 = CARTESIAN_POINT('',(22.5,-29.15618859407,-26.));
#4645 = LINE('',#4646,#4647);
#4646 = CARTESIAN_POINT('',(22.5,-29.15618859407,-26.));
#4647 = VECTOR('',#4648,1.);
#4648 = DIRECTION('',(2.212736167135E-17,-3.832571465223E-17,1.));
#4649 = ORIENTED_EDGE('',*,*,#4650,.F.);
#4650 = EDGE_CURVE('',#4581,#4643,#4651,.T.);
#4651 = LINE('',#4652,#4653);
#4652 = CARTESIAN_POINT('',(31.,-34.06366588218,-26.));
#4653 = VECTOR('',#4654,1.);
#4654 = DIRECTION('',(-0.866025403784,0.5,3.832571465223E-17));
#4655 = PLANE('',#4656);
#4656 = AXIS2_PLACEMENT_3D('',#4657,#4658,#4659);
#4657 = CARTESIAN_POINT('',(31.,-34.06366588218,-26.));
#4658 = DIRECTION('',(-0.5,-0.866025403784,-2.212736167135E-17));
#4659 = DIRECTION('',(-0.866025403784,0.5,3.832571465223E-17));
#4660 = ADVANCED_FACE('',(#4661,#4688),#4699,.F.);
#4661 = FACE_BOUND('',#4662,.F.);
#4662 = EDGE_LOOP('',(#4663,#4664,#4665,#4673,#4681,#4687));
#4663 = ORIENTED_EDGE('',*,*,#4588,.T.);
#4664 = ORIENTED_EDGE('',*,*,#4650,.T.);
#4665 = ORIENTED_EDGE('',*,*,#4666,.T.);
#4666 = EDGE_CURVE('',#4643,#4667,#4669,.T.);
#4667 = VERTEX_POINT('',#4668);
#4668 = CARTESIAN_POINT('',(14.,-34.06366588218,-26.));
#4669 = LINE('',#4670,#4671);
#4670 = CARTESIAN_POINT('',(22.5,-29.15618859407,-26.));
#4671 = VECTOR('',#4672,1.);
#4672 = DIRECTION('',(-0.866025403784,-0.5,0.));
#4673 = ORIENTED_EDGE('',*,*,#4674,.T.);
#4674 = EDGE_CURVE('',#4667,#4675,#4677,.T.);
#4675 = VERTEX_POINT('',#4676);
#4676 = CARTESIAN_POINT('',(14.,-43.87862045841,-26.));
#4677 = LINE('',#4678,#4679);
#4678 = CARTESIAN_POINT('',(14.,-34.06366588218,-26.));
#4679 = VECTOR('',#4680,1.);
#4680 = DIRECTION('',(9.614813431918E-17,-1.,-3.832571465223E-17));
#4681 = ORIENTED_EDGE('',*,*,#4682,.T.);
#4682 = EDGE_CURVE('',#4675,#4603,#4683,.T.);
#4683 = LINE('',#4684,#4685);
#4684 = CARTESIAN_POINT('',(14.,-43.87862045841,-26.));
#4685 = VECTOR('',#4686,1.);
#4686 = DIRECTION('',(0.866025403784,-0.5,-3.832571465223E-17));
#4687 = ORIENTED_EDGE('',*,*,#4619,.T.);
#4688 = FACE_BOUND('',#4689,.F.);
#4689 = EDGE_LOOP('',(#4690));
#4690 = ORIENTED_EDGE('',*,*,#4691,.F.);
#4691 = EDGE_CURVE('',#4692,#4692,#4694,.T.);
#4692 = VERTEX_POINT('',#4693);
#4693 = CARTESIAN_POINT('',(25.,-43.30127018922,-26.));
#4694 = CIRCLE('',#4695,5.);
#4695 = AXIS2_PLACEMENT_3D('',#4696,#4697,#4698);
#4696 = CARTESIAN_POINT('',(22.5,-38.9711431703,-26.));
#4697 = DIRECTION('',(2.212736167135E-17,-3.832571465223E-17,1.));
#4698 = DIRECTION('',(0.5,-0.866025403784,-4.42547233427E-17));
#4699 = PLANE('',#4700);
#4700 = AXIS2_PLACEMENT_3D('',#4701,#4702,#4703);
#4701 = CARTESIAN_POINT('',(22.5,-38.9711431703,-26.));
#4702 = DIRECTION('',(2.212736167135E-17,-3.832571465223E-17,1.));
#4703 = DIRECTION('',(0.5,-0.866025403784,-4.42547233427E-17));
#4704 = ADVANCED_FACE('',(#4705,#4732),#4743,.T.);
#4705 = FACE_BOUND('',#4706,.T.);
#4706 = EDGE_LOOP('',(#4707,#4708,#4709,#4717,#4725,#4731));
#4707 = ORIENTED_EDGE('',*,*,#4572,.T.);
#4708 = ORIENTED_EDGE('',*,*,#4634,.T.);
#4709 = ORIENTED_EDGE('',*,*,#4710,.T.);
#4710 = EDGE_CURVE('',#4635,#4711,#4713,.T.);
#4711 = VERTEX_POINT('',#4712);
#4712 = CARTESIAN_POINT('',(14.,-34.06366588218,-18.));
#4713 = LINE('',#4714,#4715);
#4714 = CARTESIAN_POINT('',(22.5,-29.15618859407,-18.));
#4715 = VECTOR('',#4716,1.);
#4716 = DIRECTION('',(-0.866025403784,-0.5,0.));
#4717 = ORIENTED_EDGE('',*,*,#4718,.T.);
#4718 = EDGE_CURVE('',#4711,#4719,#4721,.T.);
#4719 = VERTEX_POINT('',#4720);
#4720 = CARTESIAN_POINT('',(14.,-43.87862045841,-18.));
#4721 = LINE('',#4722,#4723);
#4722 = CARTESIAN_POINT('',(14.,-34.06366588218,-18.));
#4723 = VECTOR('',#4724,1.);
#4724 = DIRECTION('',(9.614813431918E-17,-1.,-3.832571465223E-17));
#4725 = ORIENTED_EDGE('',*,*,#4726,.T.);
#4726 = EDGE_CURVE('',#4719,#4605,#4727,.T.);
#4727 = LINE('',#4728,#4729);
#4728 = CARTESIAN_POINT('',(14.,-43.87862045841,-18.));
#4729 = VECTOR('',#4730,1.);
#4730 = DIRECTION('',(0.866025403784,-0.5,-3.832571465223E-17));
#4731 = ORIENTED_EDGE('',*,*,#4612,.T.);
#4732 = FACE_BOUND('',#4733,.T.);
#4733 = EDGE_LOOP('',(#4734));
#4734 = ORIENTED_EDGE('',*,*,#4735,.F.);
#4735 = EDGE_CURVE('',#4736,#4736,#4738,.T.);
#4736 = VERTEX_POINT('',#4737);
#4737 = CARTESIAN_POINT('',(25.,-43.30127018922,-18.));
#4738 = CIRCLE('',#4739,5.);
#4739 = AXIS2_PLACEMENT_3D('',#4740,#4741,#4742);
#4740 = CARTESIAN_POINT('',(22.5,-38.9711431703,-18.));
#4741 = DIRECTION('',(2.212736167135E-17,-3.832571465223E-17,1.));
#4742 = DIRECTION('',(0.5,-0.866025403784,-4.42547233427E-17));
#4743 = PLANE('',#4744);
#4744 = AXIS2_PLACEMENT_3D('',#4745,#4746,#4747);
#4745 = CARTESIAN_POINT('',(22.5,-38.9711431703,-18.));
#4746 = DIRECTION('',(2.212736167135E-17,-3.832571465223E-17,1.));
#4747 = DIRECTION('',(0.5,-0.866025403784,-4.42547233427E-17));
#4748 = ADVANCED_FACE('',(#4749),#4760,.F.);
#4749 = FACE_BOUND('',#4750,.F.);
#4750 = EDGE_LOOP('',(#4751,#4757,#4758,#4759));
#4751 = ORIENTED_EDGE('',*,*,#4752,.T.);
#4752 = EDGE_CURVE('',#4675,#4719,#4753,.T.);
#4753 = LINE('',#4754,#4755);
#4754 = CARTESIAN_POINT('',(14.,-43.87862045841,-26.));
#4755 = VECTOR('',#4756,1.);
#4756 = DIRECTION('',(2.212736167135E-17,-3.832571465223E-17,1.));
#4757 = ORIENTED_EDGE('',*,*,#4726,.T.);
#4758 = ORIENTED_EDGE('',*,*,#4602,.F.);
#4759 = ORIENTED_EDGE('',*,*,#4682,.F.);
#4760 = PLANE('',#4761);
#4761 = AXIS2_PLACEMENT_3D('',#4762,#4763,#4764);
#4762 = CARTESIAN_POINT('',(14.,-43.87862045841,-26.));
#4763 = DIRECTION('',(0.5,0.866025403784,2.212736167135E-17));
#4764 = DIRECTION('',(0.866025403784,-0.5,-3.832571465223E-17));
#4765 = ADVANCED_FACE('',(#4766),#4777,.F.);
#4766 = FACE_BOUND('',#4767,.F.);
#4767 = EDGE_LOOP('',(#4768,#4769,#4770,#4776));
#4768 = ORIENTED_EDGE('',*,*,#4642,.T.);
#4769 = ORIENTED_EDGE('',*,*,#4710,.T.);
#4770 = ORIENTED_EDGE('',*,*,#4771,.F.);
#4771 = EDGE_CURVE('',#4667,#4711,#4772,.T.);
#4772 = LINE('',#4773,#4774);
#4773 = CARTESIAN_POINT('',(14.,-34.06366588218,-26.));
#4774 = VECTOR('',#4775,1.);
#4775 = DIRECTION('',(2.212736167135E-17,-3.832571465223E-17,1.));
#4776 = ORIENTED_EDGE('',*,*,#4666,.F.);
#4777 = PLANE('',#4778);
#4778 = AXIS2_PLACEMENT_3D('',#4779,#4780,#4781);
#4779 = CARTESIAN_POINT('',(22.5,-29.15618859407,-26.));
#4780 = DIRECTION('',(0.5,-0.866025403784,-4.42547233427E-17));
#4781 = DIRECTION('',(-0.866025403784,-0.5,0.));
#4782 = ADVANCED_FACE('',(#4783),#4789,.F.);
#4783 = FACE_BOUND('',#4784,.F.);
#4784 = EDGE_LOOP('',(#4785,#4786,#4787,#4788));
#4785 = ORIENTED_EDGE('',*,*,#4771,.T.);
#4786 = ORIENTED_EDGE('',*,*,#4718,.T.);
#4787 = ORIENTED_EDGE('',*,*,#4752,.F.);
#4788 = ORIENTED_EDGE('',*,*,#4674,.F.);
#4789 = PLANE('',#4790);
#4790 = AXIS2_PLACEMENT_3D('',#4791,#4792,#4793);
#4791 = CARTESIAN_POINT('',(14.,-34.06366588218,-26.));
#4792 = DIRECTION('',(1.,7.03853193746E-17,-2.212736167135E-17));
#4793 = DIRECTION('',(4.063698308792E-17,-1.,-3.832571465223E-17));
#4794 = ADVANCED_FACE('',(#4795),#4806,.F.);
#4795 = FACE_BOUND('',#4796,.F.);
#4796 = EDGE_LOOP('',(#4797,#4798,#4804,#4805));
#4797 = ORIENTED_EDGE('',*,*,#4735,.F.);
#4798 = ORIENTED_EDGE('',*,*,#4799,.F.);
#4799 = EDGE_CURVE('',#4692,#4736,#4800,.T.);
#4800 = LINE('',#4801,#4802);
#4801 = CARTESIAN_POINT('',(25.,-43.30127018922,-27.));
#4802 = VECTOR('',#4803,1.);
#4803 = DIRECTION('',(2.212736167135E-17,-3.832571465223E-17,1.));
#4804 = ORIENTED_EDGE('',*,*,#4691,.T.);
#4805 = ORIENTED_EDGE('',*,*,#4799,.T.);
#4806 = CYLINDRICAL_SURFACE('',#4807,5.);
#4807 = AXIS2_PLACEMENT_3D('',#4808,#4809,#4810);
#4808 = CARTESIAN_POINT('',(22.5,-38.9711431703,-27.));
#4809 = DIRECTION('',(2.212736167135E-17,-3.832571465223E-17,1.));
#4810 = DIRECTION('',(0.5,-0.866025403784,-4.42547233427E-17));
#4811 = ( GEOMETRIC_REPRESENTATION_CONTEXT(3) 
GLOBAL_UNCERTAINTY_ASSIGNED_CONTEXT((#4815)) 
GLOBAL_UNIT_ASSIGNED_CONTEXT((#4812,#4813,#4814)) REPRESENTATION_CONTEXT
('Context #1','3D Context with UNIT and UNCERTAINTY') );
#4812 = ( LENGTH_UNIT() NAMED_UNIT(*) SI_UNIT(.MILLI.,.METRE.) );
#4813 = ( NAMED_UNIT(*) PLANE_ANGLE_UNIT() SI_UNIT($,.RADIAN.) );
#4814 = ( NAMED_UNIT(*) SI_UNIT($,.STERADIAN.) SOLID_ANGLE_UNIT() );
#4815 = UNCERTAINTY_MEASURE_WITH_UNIT(LENGTH_MEASURE(5.E-06),#4812,
  'distance_accuracy_value','confusion accuracy');
#4816 = PRODUCT_RELATED_PRODUCT_CATEGORY('part',$,(#7));
ENDSEC;
END-ISO-10303-21;
