ISO-10303-21;
HEADER;
FILE_DESCRIPTION(('FreeCAD Model'),'2;1');
FILE_NAME('Open CASCADE Shape Model','2026-10-09T13:17:59',('FreeCAD'),(
    'FreeCAD'),'Open CASCADE STEP processor 7.8','FreeCAD','Unknown');
FILE_SCHEMA(('AUTOMOTIVE_DESIGN { 1 0 10303 214 1 1 1 1 }'));
ENDSEC;
DATA;
#1 = APPLICATION_PROTOCOL_DEFINITION('international standard',
  'automotive_design',2000,#2);
#2 = APPLICATION_CONTEXT(
  'core data for automotive mechanical design processes');
#3 = SHAPE_DEFINITION_REPRESENTATION(#4,#10);
#4 = PRODUCT_DEFINITION_SHAPE('','',#5);
#5 = PRODUCT_DEFINITION('design','',#6,#9);
#6 = PRODUCT_DEFINITION_FORMATION('','',#7);
#7 = PRODUCT('Open CASCADE STEP translator 7.8 4',
  'Open CASCADE STEP translator 7.8 4','',(#8));
#8 = PRODUCT_CONTEXT('',#2,'mechanical');
#9 = PRODUCT_DEFINITION_CONTEXT('part definition',#2,'design');
#10 = SHAPE_REPRESENTATION('',(#11,#15,#667,#1319,#1580,#1841,#2102,
    #2363,#2618,#2873,#3128),#3383);
#11 = AXIS2_PLACEMENT_3D('',#12,#13,#14);
#12 = CARTESIAN_POINT('',(0.,0.,0.));
#13 = DIRECTION('',(0.,0.,1.));
#14 = DIRECTION('',(1.,0.,-0.));
#15 = MANIFOLD_SOLID_BREP('',#16);
#16 = CLOSED_SHELL('',(#17,#50,#147,#266,#307,#348,#390,#414,#438,#455,
    #496,#537,#610,#620,#630,#646,#657));
#17 = ADVANCED_FACE('',(#18),#45,.T.);
#18 = FACE_BOUND('',#19,.F.);
#19 = EDGE_LOOP('',(#20,#30,#37,#38));
#20 = ORIENTED_EDGE('',*,*,#21,.T.);
#21 = EDGE_CURVE('',#22,#24,#26,.T.);
#22 = VERTEX_POINT('',#23);
#23 = CARTESIAN_POINT('',(70.,-1.714505518806E-14,0.));
#24 = VERTEX_POINT('',#25);
#25 = CARTESIAN_POINT('',(70.,-1.714505518806E-14,18.));
#26 = LINE('',#27,#28);
#27 = CARTESIAN_POINT('',(70.,-1.714505518806E-14,0.));
#28 = VECTOR('',#29,1.);
#29 = DIRECTION('',(0.,0.,1.));
#30 = ORIENTED_EDGE('',*,*,#31,.T.);
#31 = EDGE_CURVE('',#24,#24,#32,.T.);
#32 = CIRCLE('',#33,70.);
#33 = AXIS2_PLACEMENT_3D('',#34,#35,#36);
#34 = CARTESIAN_POINT('',(0.,0.,18.));
#35 = DIRECTION('',(0.,0.,1.));
#36 = DIRECTION('',(1.,0.,0.));
#37 = ORIENTED_EDGE('',*,*,#21,.F.);
#38 = ORIENTED_EDGE('',*,*,#39,.F.);
#39 = EDGE_CURVE('',#22,#22,#40,.T.);
#40 = CIRCLE('',#41,70.);
#41 = AXIS2_PLACEMENT_3D('',#42,#43,#44);
#42 = CARTESIAN_POINT('',(0.,0.,0.));
#43 = DIRECTION('',(0.,0.,1.));
#44 = DIRECTION('',(1.,0.,0.));
#45 = CYLINDRICAL_SURFACE('',#46,70.);
#46 = AXIS2_PLACEMENT_3D('',#47,#48,#49);
#47 = CARTESIAN_POINT('',(0.,0.,0.));
#48 = DIRECTION('',(-0.,-0.,-1.));
#49 = DIRECTION('',(1.,0.,0.));
#50 = ADVANCED_FACE('',(#51,#54,#65,#76,#120,#131),#142,.F.);
#51 = FACE_BOUND('',#52,.F.);
#52 = EDGE_LOOP('',(#53));
#53 = ORIENTED_EDGE('',*,*,#39,.T.);
#54 = FACE_BOUND('',#55,.F.);
#55 = EDGE_LOOP('',(#56));
#56 = ORIENTED_EDGE('',*,*,#57,.T.);
#57 = EDGE_CURVE('',#58,#58,#60,.T.);
#58 = VERTEX_POINT('',#59);
#59 = CARTESIAN_POINT('',(-1.256036402778E-14,-50.5,0.));
#60 = CIRCLE('',#61,5.5);
#61 = AXIS2_PLACEMENT_3D('',#62,#63,#64);
#62 = CARTESIAN_POINT('',(-9.992007221626E-15,-45.,0.));
#63 = DIRECTION('',(0.,0.,-1.));
#64 = DIRECTION('',(-2.22044604925E-16,-1.,-0.));
#65 = FACE_BOUND('',#66,.F.);
#66 = EDGE_LOOP('',(#67));
#67 = ORIENTED_EDGE('',*,*,#68,.T.);
#68 = EDGE_CURVE('',#69,#69,#71,.T.);
#69 = VERTEX_POINT('',#70);
#70 = CARTESIAN_POINT('',(-50.5,7.531577814756E-15,0.));
#71 = CIRCLE('',#72,5.5);
#72 = AXIS2_PLACEMENT_3D('',#73,#74,#75);
#73 = CARTESIAN_POINT('',(-45.,5.510910596163E-15,0.));
#74 = DIRECTION('',(0.,0.,-1.));
#75 = DIRECTION('',(-1.,1.224646799147E-16,0.));
#76 = FACE_BOUND('',#77,.F.);
#77 = EDGE_LOOP('',(#78,#89,#98,#106,#114));
#78 = ORIENTED_EDGE('',*,*,#79,.T.);
#79 = EDGE_CURVE('',#80,#82,#84,.T.);
#80 = VERTEX_POINT('',#81);
#81 = CARTESIAN_POINT('',(6.,19.078784028339,0.));
#82 = VERTEX_POINT('',#83);
#83 = CARTESIAN_POINT('',(20.,-4.898587196589E-15,0.));
#84 = CIRCLE('',#85,20.);
#85 = AXIS2_PLACEMENT_3D('',#86,#87,#88);
#86 = CARTESIAN_POINT('',(0.,0.,0.));
#87 = DIRECTION('',(0.,0.,-1.));
#88 = DIRECTION('',(1.,0.,0.));
#89 = ORIENTED_EDGE('',*,*,#90,.T.);
#90 = EDGE_CURVE('',#82,#91,#93,.T.);
#91 = VERTEX_POINT('',#92);
#92 = CARTESIAN_POINT('',(-6.,19.078784028339,0.));
#93 = CIRCLE('',#94,20.);
#94 = AXIS2_PLACEMENT_3D('',#95,#96,#97);
#95 = CARTESIAN_POINT('',(0.,0.,0.));
#96 = DIRECTION('',(0.,0.,-1.));
#97 = DIRECTION('',(1.,0.,0.));
#98 = ORIENTED_EDGE('',*,*,#99,.T.);
#99 = EDGE_CURVE('',#91,#100,#102,.T.);
#100 = VERTEX_POINT('',#101);
#101 = CARTESIAN_POINT('',(-6.,23.3,0.));
#102 = LINE('',#103,#104);
#103 = CARTESIAN_POINT('',(-6.,0.,0.));
#104 = VECTOR('',#105,1.);
#105 = DIRECTION('',(0.,1.,0.));
#106 = ORIENTED_EDGE('',*,*,#107,.F.);
#107 = EDGE_CURVE('',#108,#100,#110,.T.);
#108 = VERTEX_POINT('',#109);
#109 = CARTESIAN_POINT('',(6.,23.3,0.));
#110 = LINE('',#111,#112);
#111 = CARTESIAN_POINT('',(-3.,23.3,0.));
#112 = VECTOR('',#113,1.);
#113 = DIRECTION('',(-1.,0.,0.));
#114 = ORIENTED_EDGE('',*,*,#115,.F.);
#115 = EDGE_CURVE('',#80,#108,#116,.T.);
#116 = LINE('',#117,#118);
#117 = CARTESIAN_POINT('',(6.,0.,0.));
#118 = VECTOR('',#119,1.);
#119 = DIRECTION('',(0.,1.,0.));
#120 = FACE_BOUND('',#121,.F.);
#121 = EDGE_LOOP('',(#122));
#122 = ORIENTED_EDGE('',*,*,#123,.T.);
#123 = EDGE_CURVE('',#124,#124,#126,.T.);
#124 = VERTEX_POINT('',#125);
#125 = CARTESIAN_POINT('',(50.5,-1.347111479062E-15,0.));
#126 = CIRCLE('',#127,5.5);
#127 = AXIS2_PLACEMENT_3D('',#128,#129,#130);
#128 = CARTESIAN_POINT('',(45.,0.,0.));
#129 = DIRECTION('',(0.,0.,-1.));
#130 = DIRECTION('',(1.,0.,0.));
#131 = FACE_BOUND('',#132,.F.);
#132 = EDGE_LOOP('',(#133));
#133 = ORIENTED_EDGE('',*,*,#134,.T.);
#134 = EDGE_CURVE('',#135,#135,#137,.T.);
#135 = VERTEX_POINT('',#136);
#136 = CARTESIAN_POINT('',(1.256036402778E-14,50.5,0.));
#137 = CIRCLE('',#138,5.5);
#138 = AXIS2_PLACEMENT_3D('',#139,#140,#141);
#139 = CARTESIAN_POINT('',(9.992007221626E-15,45.,0.));
#140 = DIRECTION('',(0.,0.,-1.));
#141 = DIRECTION('',(2.22044604925E-16,1.,0.));
#142 = PLANE('',#143);
#143 = AXIS2_PLACEMENT_3D('',#144,#145,#146);
#144 = CARTESIAN_POINT('',(0.,0.,0.));
#145 = DIRECTION('',(0.,0.,1.));
#146 = DIRECTION('',(1.,0.,0.));
#147 = ADVANCED_FACE('',(#148,#151),#261,.T.);
#148 = FACE_BOUND('',#149,.T.);
#149 = EDGE_LOOP('',(#150));
#150 = ORIENTED_EDGE('',*,*,#31,.T.);
#151 = FACE_BOUND('',#152,.T.);
#152 = EDGE_LOOP('',(#153,#164,#173,#182,#191,#200,#209,#218,#227,#236,
    #245,#254));
#153 = ORIENTED_EDGE('',*,*,#154,.F.);
#154 = EDGE_CURVE('',#155,#157,#159,.T.);
#155 = VERTEX_POINT('',#156);
#156 = CARTESIAN_POINT('',(39.941666666667,2.15945916583,18.));
#157 = VERTEX_POINT('',#158);
#158 = CARTESIAN_POINT('',(2.15945916583,39.941666666667,18.));
#159 = CIRCLE('',#160,40.);
#160 = AXIS2_PLACEMENT_3D('',#161,#162,#163);
#161 = CARTESIAN_POINT('',(0.,0.,18.));
#162 = DIRECTION('',(0.,0.,1.));
#163 = DIRECTION('',(1.,0.,0.));
#164 = ORIENTED_EDGE('',*,*,#165,.T.);
#165 = EDGE_CURVE('',#155,#166,#168,.T.);
#166 = VERTEX_POINT('',#167);
#167 = CARTESIAN_POINT('',(50.5,-1.347111479062E-15,18.));
#168 = CIRCLE('',#169,5.5);
#169 = AXIS2_PLACEMENT_3D('',#170,#171,#172);
#170 = CARTESIAN_POINT('',(45.,0.,18.));
#171 = DIRECTION('',(0.,0.,-1.));
#172 = DIRECTION('',(1.,0.,0.));
#173 = ORIENTED_EDGE('',*,*,#174,.T.);
#174 = EDGE_CURVE('',#166,#175,#177,.T.);
#175 = VERTEX_POINT('',#176);
#176 = CARTESIAN_POINT('',(39.941666666667,-2.15945916583,18.));
#177 = CIRCLE('',#178,5.5);
#178 = AXIS2_PLACEMENT_3D('',#179,#180,#181);
#179 = CARTESIAN_POINT('',(45.,0.,18.));
#180 = DIRECTION('',(0.,0.,-1.));
#181 = DIRECTION('',(1.,0.,0.));
#182 = ORIENTED_EDGE('',*,*,#183,.F.);
#183 = EDGE_CURVE('',#184,#175,#186,.T.);
#184 = VERTEX_POINT('',#185);
#185 = CARTESIAN_POINT('',(2.15945916583,-39.94166666666,18.));
#186 = CIRCLE('',#187,40.);
#187 = AXIS2_PLACEMENT_3D('',#188,#189,#190);
#188 = CARTESIAN_POINT('',(0.,0.,18.));
#189 = DIRECTION('',(0.,0.,1.));
#190 = DIRECTION('',(1.,0.,0.));
#191 = ORIENTED_EDGE('',*,*,#192,.T.);
#192 = EDGE_CURVE('',#184,#193,#195,.T.);
#193 = VERTEX_POINT('',#194);
#194 = CARTESIAN_POINT('',(-1.256036402778E-14,-50.5,18.));
#195 = CIRCLE('',#196,5.5);
#196 = AXIS2_PLACEMENT_3D('',#197,#198,#199);
#197 = CARTESIAN_POINT('',(-9.992007221626E-15,-45.,18.));
#198 = DIRECTION('',(0.,0.,-1.));
#199 = DIRECTION('',(-2.22044604925E-16,-1.,-0.));
#200 = ORIENTED_EDGE('',*,*,#201,.T.);
#201 = EDGE_CURVE('',#193,#202,#204,.T.);
#202 = VERTEX_POINT('',#203);
#203 = CARTESIAN_POINT('',(-2.15945916583,-39.94166666666,18.));
#204 = CIRCLE('',#205,5.5);
#205 = AXIS2_PLACEMENT_3D('',#206,#207,#208);
#206 = CARTESIAN_POINT('',(-9.992007221626E-15,-45.,18.));
#207 = DIRECTION('',(0.,0.,-1.));
#208 = DIRECTION('',(-2.22044604925E-16,-1.,-0.));
#209 = ORIENTED_EDGE('',*,*,#210,.F.);
#210 = EDGE_CURVE('',#211,#202,#213,.T.);
#211 = VERTEX_POINT('',#212);
#212 = CARTESIAN_POINT('',(-39.94166666666,-2.15945916583,18.));
#213 = CIRCLE('',#214,40.);
#214 = AXIS2_PLACEMENT_3D('',#215,#216,#217);
#215 = CARTESIAN_POINT('',(0.,0.,18.));
#216 = DIRECTION('',(0.,0.,1.));
#217 = DIRECTION('',(1.,0.,0.));
#218 = ORIENTED_EDGE('',*,*,#219,.T.);
#219 = EDGE_CURVE('',#211,#220,#222,.T.);
#220 = VERTEX_POINT('',#221);
#221 = CARTESIAN_POINT('',(-50.5,7.531577814756E-15,18.));
#222 = CIRCLE('',#223,5.5);
#223 = AXIS2_PLACEMENT_3D('',#224,#225,#226);
#224 = CARTESIAN_POINT('',(-45.,5.510910596163E-15,18.));
#225 = DIRECTION('',(0.,0.,-1.));
#226 = DIRECTION('',(-1.,1.224646799147E-16,0.));
#227 = ORIENTED_EDGE('',*,*,#228,.T.);
#228 = EDGE_CURVE('',#220,#229,#231,.T.);
#229 = VERTEX_POINT('',#230);
#230 = CARTESIAN_POINT('',(-39.94166666666,2.15945916583,18.));
#231 = CIRCLE('',#232,5.5);
#232 = AXIS2_PLACEMENT_3D('',#233,#234,#235);
#233 = CARTESIAN_POINT('',(-45.,5.510910596163E-15,18.));
#234 = DIRECTION('',(0.,0.,-1.));
#235 = DIRECTION('',(-1.,1.224646799147E-16,0.));
#236 = ORIENTED_EDGE('',*,*,#237,.F.);
#237 = EDGE_CURVE('',#238,#229,#240,.T.);
#238 = VERTEX_POINT('',#239);
#239 = CARTESIAN_POINT('',(-2.15945916583,39.941666666667,18.));
#240 = CIRCLE('',#241,40.);
#241 = AXIS2_PLACEMENT_3D('',#242,#243,#244);
#242 = CARTESIAN_POINT('',(0.,0.,18.));
#243 = DIRECTION('',(0.,0.,1.));
#244 = DIRECTION('',(1.,0.,0.));
#245 = ORIENTED_EDGE('',*,*,#246,.T.);
#246 = EDGE_CURVE('',#238,#247,#249,.T.);
#247 = VERTEX_POINT('',#248);
#248 = CARTESIAN_POINT('',(1.256036402778E-14,50.5,18.));
#249 = CIRCLE('',#250,5.5);
#250 = AXIS2_PLACEMENT_3D('',#251,#252,#253);
#251 = CARTESIAN_POINT('',(9.992007221626E-15,45.,18.));
#252 = DIRECTION('',(0.,0.,-1.));
#253 = DIRECTION('',(2.22044604925E-16,1.,0.));
#254 = ORIENTED_EDGE('',*,*,#255,.T.);
#255 = EDGE_CURVE('',#247,#157,#256,.T.);
#256 = CIRCLE('',#257,5.5);
#257 = AXIS2_PLACEMENT_3D('',#258,#259,#260);
#258 = CARTESIAN_POINT('',(9.992007221626E-15,45.,18.));
#259 = DIRECTION('',(0.,0.,-1.));
#260 = DIRECTION('',(2.22044604925E-16,1.,0.));
#261 = PLANE('',#262);
#262 = AXIS2_PLACEMENT_3D('',#263,#264,#265);
#263 = CARTESIAN_POINT('',(0.,0.,18.));
#264 = DIRECTION('',(0.,0.,1.));
#265 = DIRECTION('',(1.,0.,0.));
#266 = ADVANCED_FACE('',(#267),#302,.F.);
#267 = FACE_BOUND('',#268,.T.);
#268 = EDGE_LOOP('',(#269,#270,#276,#277,#285,#294,#300,#301));
#269 = ORIENTED_EDGE('',*,*,#57,.T.);
#270 = ORIENTED_EDGE('',*,*,#271,.T.);
#271 = EDGE_CURVE('',#58,#193,#272,.T.);
#272 = LINE('',#273,#274);
#273 = CARTESIAN_POINT('',(-1.256036402778E-14,-50.5,-1.));
#274 = VECTOR('',#275,1.);
#275 = DIRECTION('',(0.,0.,1.));
#276 = ORIENTED_EDGE('',*,*,#192,.F.);
#277 = ORIENTED_EDGE('',*,*,#278,.F.);
#278 = EDGE_CURVE('',#279,#184,#281,.T.);
#279 = VERTEX_POINT('',#280);
#280 = CARTESIAN_POINT('',(2.15945916583,-39.94166666666,19.));
#281 = LINE('',#282,#283);
#282 = CARTESIAN_POINT('',(2.15945916583,-39.94166666666,18.));
#283 = VECTOR('',#284,1.);
#284 = DIRECTION('',(-0.,-0.,-1.));
#285 = ORIENTED_EDGE('',*,*,#286,.T.);
#286 = EDGE_CURVE('',#279,#287,#289,.T.);
#287 = VERTEX_POINT('',#288);
#288 = CARTESIAN_POINT('',(-2.15945916583,-39.94166666666,19.));
#289 = CIRCLE('',#290,5.5);
#290 = AXIS2_PLACEMENT_3D('',#291,#292,#293);
#291 = CARTESIAN_POINT('',(-9.992007221626E-15,-45.,19.));
#292 = DIRECTION('',(0.,0.,1.));
#293 = DIRECTION('',(-2.22044604925E-16,-1.,0.));
#294 = ORIENTED_EDGE('',*,*,#295,.T.);
#295 = EDGE_CURVE('',#287,#202,#296,.T.);
#296 = LINE('',#297,#298);
#297 = CARTESIAN_POINT('',(-2.15945916583,-39.94166666666,18.));
#298 = VECTOR('',#299,1.);
#299 = DIRECTION('',(-0.,-0.,-1.));
#300 = ORIENTED_EDGE('',*,*,#201,.F.);
#301 = ORIENTED_EDGE('',*,*,#271,.F.);
#302 = CYLINDRICAL_SURFACE('',#303,5.5);
#303 = AXIS2_PLACEMENT_3D('',#304,#305,#306);
#304 = CARTESIAN_POINT('',(-9.992007221626E-15,-45.,-1.));
#305 = DIRECTION('',(0.,0.,-1.));
#306 = DIRECTION('',(-2.22044604925E-16,-1.,0.));
#307 = ADVANCED_FACE('',(#308),#343,.F.);
#308 = FACE_BOUND('',#309,.T.);
#309 = EDGE_LOOP('',(#310,#311,#317,#318,#326,#335,#341,#342));
#310 = ORIENTED_EDGE('',*,*,#68,.T.);
#311 = ORIENTED_EDGE('',*,*,#312,.T.);
#312 = EDGE_CURVE('',#69,#220,#313,.T.);
#313 = LINE('',#314,#315);
#314 = CARTESIAN_POINT('',(-50.5,7.531577814756E-15,-1.));
#315 = VECTOR('',#316,1.);
#316 = DIRECTION('',(0.,0.,1.));
#317 = ORIENTED_EDGE('',*,*,#219,.F.);
#318 = ORIENTED_EDGE('',*,*,#319,.F.);
#319 = EDGE_CURVE('',#320,#211,#322,.T.);
#320 = VERTEX_POINT('',#321);
#321 = CARTESIAN_POINT('',(-39.94166666666,-2.15945916583,19.));
#322 = LINE('',#323,#324);
#323 = CARTESIAN_POINT('',(-39.94166666666,-2.15945916583,18.));
#324 = VECTOR('',#325,1.);
#325 = DIRECTION('',(-0.,-0.,-1.));
#326 = ORIENTED_EDGE('',*,*,#327,.T.);
#327 = EDGE_CURVE('',#320,#328,#330,.T.);
#328 = VERTEX_POINT('',#329);
#329 = CARTESIAN_POINT('',(-39.94166666666,2.15945916583,19.));
#330 = CIRCLE('',#331,5.5);
#331 = AXIS2_PLACEMENT_3D('',#332,#333,#334);
#332 = CARTESIAN_POINT('',(-45.,5.510910596163E-15,19.));
#333 = DIRECTION('',(0.,0.,1.));
#334 = DIRECTION('',(-1.,1.224646799147E-16,0.));
#335 = ORIENTED_EDGE('',*,*,#336,.T.);
#336 = EDGE_CURVE('',#328,#229,#337,.T.);
#337 = LINE('',#338,#339);
#338 = CARTESIAN_POINT('',(-39.94166666666,2.15945916583,18.));
#339 = VECTOR('',#340,1.);
#340 = DIRECTION('',(-0.,-0.,-1.));
#341 = ORIENTED_EDGE('',*,*,#228,.F.);
#342 = ORIENTED_EDGE('',*,*,#312,.F.);
#343 = CYLINDRICAL_SURFACE('',#344,5.5);
#344 = AXIS2_PLACEMENT_3D('',#345,#346,#347);
#345 = CARTESIAN_POINT('',(-45.,5.510910596163E-15,-1.));
#346 = DIRECTION('',(0.,0.,-1.));
#347 = DIRECTION('',(-1.,1.224646799147E-16,0.));
#348 = ADVANCED_FACE('',(#349),#385,.F.);
#349 = FACE_BOUND('',#350,.T.);
#350 = EDGE_LOOP('',(#351,#352,#360,#369,#378,#384));
#351 = ORIENTED_EDGE('',*,*,#90,.T.);
#352 = ORIENTED_EDGE('',*,*,#353,.F.);
#353 = EDGE_CURVE('',#354,#91,#356,.T.);
#354 = VERTEX_POINT('',#355);
#355 = CARTESIAN_POINT('',(-6.,19.078784028339,63.));
#356 = LINE('',#357,#358);
#357 = CARTESIAN_POINT('',(-6.,19.078784028339,-1.));
#358 = VECTOR('',#359,1.);
#359 = DIRECTION('',(-0.,-0.,-1.));
#360 = ORIENTED_EDGE('',*,*,#361,.F.);
#361 = EDGE_CURVE('',#362,#354,#364,.T.);
#362 = VERTEX_POINT('',#363);
#363 = CARTESIAN_POINT('',(20.,-4.898587196589E-15,63.));
#364 = CIRCLE('',#365,20.);
#365 = AXIS2_PLACEMENT_3D('',#366,#367,#368);
#366 = CARTESIAN_POINT('',(0.,0.,63.));
#367 = DIRECTION('',(0.,0.,-1.));
#368 = DIRECTION('',(1.,0.,0.));
#369 = ORIENTED_EDGE('',*,*,#370,.F.);
#370 = EDGE_CURVE('',#371,#362,#373,.T.);
#371 = VERTEX_POINT('',#372);
#372 = CARTESIAN_POINT('',(6.,19.078784028339,63.));
#373 = CIRCLE('',#374,20.);
#374 = AXIS2_PLACEMENT_3D('',#375,#376,#377);
#375 = CARTESIAN_POINT('',(0.,0.,63.));
#376 = DIRECTION('',(0.,0.,-1.));
#377 = DIRECTION('',(1.,0.,0.));
#378 = ORIENTED_EDGE('',*,*,#379,.T.);
#379 = EDGE_CURVE('',#371,#80,#380,.T.);
#380 = LINE('',#381,#382);
#381 = CARTESIAN_POINT('',(6.,19.078784028339,-1.));
#382 = VECTOR('',#383,1.);
#383 = DIRECTION('',(-0.,-0.,-1.));
#384 = ORIENTED_EDGE('',*,*,#79,.T.);
#385 = CYLINDRICAL_SURFACE('',#386,20.);
#386 = AXIS2_PLACEMENT_3D('',#387,#388,#389);
#387 = CARTESIAN_POINT('',(0.,0.,-1.));
#388 = DIRECTION('',(-0.,-0.,-1.));
#389 = DIRECTION('',(1.,0.,0.));
#390 = ADVANCED_FACE('',(#391),#409,.F.);
#391 = FACE_BOUND('',#392,.F.);
#392 = EDGE_LOOP('',(#393,#401,#407,#408));
#393 = ORIENTED_EDGE('',*,*,#394,.T.);
#394 = EDGE_CURVE('',#108,#395,#397,.T.);
#395 = VERTEX_POINT('',#396);
#396 = CARTESIAN_POINT('',(6.,23.3,63.));
#397 = LINE('',#398,#399);
#398 = CARTESIAN_POINT('',(6.,23.3,-1.));
#399 = VECTOR('',#400,1.);
#400 = DIRECTION('',(0.,0.,1.));
#401 = ORIENTED_EDGE('',*,*,#402,.F.);
#402 = EDGE_CURVE('',#371,#395,#403,.T.);
#403 = LINE('',#404,#405);
#404 = CARTESIAN_POINT('',(6.,0.,63.));
#405 = VECTOR('',#406,1.);
#406 = DIRECTION('',(0.,1.,0.));
#407 = ORIENTED_EDGE('',*,*,#379,.T.);
#408 = ORIENTED_EDGE('',*,*,#115,.T.);
#409 = PLANE('',#410);
#410 = AXIS2_PLACEMENT_3D('',#411,#412,#413);
#411 = CARTESIAN_POINT('',(6.,0.,-1.));
#412 = DIRECTION('',(1.,0.,0.));
#413 = DIRECTION('',(0.,0.,1.));
#414 = ADVANCED_FACE('',(#415),#433,.F.);
#415 = FACE_BOUND('',#416,.F.);
#416 = EDGE_LOOP('',(#417,#418,#419,#427));
#417 = ORIENTED_EDGE('',*,*,#394,.F.);
#418 = ORIENTED_EDGE('',*,*,#107,.T.);
#419 = ORIENTED_EDGE('',*,*,#420,.T.);
#420 = EDGE_CURVE('',#100,#421,#423,.T.);
#421 = VERTEX_POINT('',#422);
#422 = CARTESIAN_POINT('',(-6.,23.3,63.));
#423 = LINE('',#424,#425);
#424 = CARTESIAN_POINT('',(-6.,23.3,-1.));
#425 = VECTOR('',#426,1.);
#426 = DIRECTION('',(0.,0.,1.));
#427 = ORIENTED_EDGE('',*,*,#428,.F.);
#428 = EDGE_CURVE('',#395,#421,#429,.T.);
#429 = LINE('',#430,#431);
#430 = CARTESIAN_POINT('',(-3.,23.3,63.));
#431 = VECTOR('',#432,1.);
#432 = DIRECTION('',(-1.,0.,0.));
#433 = PLANE('',#434);
#434 = AXIS2_PLACEMENT_3D('',#435,#436,#437);
#435 = CARTESIAN_POINT('',(-6.,23.3,-1.));
#436 = DIRECTION('',(0.,1.,0.));
#437 = DIRECTION('',(0.,0.,1.));
#438 = ADVANCED_FACE('',(#439),#450,.T.);
#439 = FACE_BOUND('',#440,.T.);
#440 = EDGE_LOOP('',(#441,#442,#448,#449));
#441 = ORIENTED_EDGE('',*,*,#420,.T.);
#442 = ORIENTED_EDGE('',*,*,#443,.F.);
#443 = EDGE_CURVE('',#354,#421,#444,.T.);
#444 = LINE('',#445,#446);
#445 = CARTESIAN_POINT('',(-6.,0.,63.));
#446 = VECTOR('',#447,1.);
#447 = DIRECTION('',(0.,1.,0.));
#448 = ORIENTED_EDGE('',*,*,#353,.T.);
#449 = ORIENTED_EDGE('',*,*,#99,.T.);
#450 = PLANE('',#451);
#451 = AXIS2_PLACEMENT_3D('',#452,#453,#454);
#452 = CARTESIAN_POINT('',(-6.,0.,-1.));
#453 = DIRECTION('',(1.,0.,0.));
#454 = DIRECTION('',(0.,0.,1.));
#455 = ADVANCED_FACE('',(#456),#491,.F.);
#456 = FACE_BOUND('',#457,.T.);
#457 = EDGE_LOOP('',(#458,#459,#465,#466,#474,#483,#489,#490));
#458 = ORIENTED_EDGE('',*,*,#123,.T.);
#459 = ORIENTED_EDGE('',*,*,#460,.T.);
#460 = EDGE_CURVE('',#124,#166,#461,.T.);
#461 = LINE('',#462,#463);
#462 = CARTESIAN_POINT('',(50.5,-1.347111479062E-15,-1.));
#463 = VECTOR('',#464,1.);
#464 = DIRECTION('',(0.,0.,1.));
#465 = ORIENTED_EDGE('',*,*,#165,.F.);
#466 = ORIENTED_EDGE('',*,*,#467,.F.);
#467 = EDGE_CURVE('',#468,#155,#470,.T.);
#468 = VERTEX_POINT('',#469);
#469 = CARTESIAN_POINT('',(39.941666666667,2.15945916583,19.));
#470 = LINE('',#471,#472);
#471 = CARTESIAN_POINT('',(39.941666666667,2.15945916583,18.));
#472 = VECTOR('',#473,1.);
#473 = DIRECTION('',(-0.,-0.,-1.));
#474 = ORIENTED_EDGE('',*,*,#475,.T.);
#475 = EDGE_CURVE('',#468,#476,#478,.T.);
#476 = VERTEX_POINT('',#477);
#477 = CARTESIAN_POINT('',(39.941666666667,-2.15945916583,19.));
#478 = CIRCLE('',#479,5.5);
#479 = AXIS2_PLACEMENT_3D('',#480,#481,#482);
#480 = CARTESIAN_POINT('',(45.,0.,19.));
#481 = DIRECTION('',(0.,0.,1.));
#482 = DIRECTION('',(1.,0.,0.));
#483 = ORIENTED_EDGE('',*,*,#484,.T.);
#484 = EDGE_CURVE('',#476,#175,#485,.T.);
#485 = LINE('',#486,#487);
#486 = CARTESIAN_POINT('',(39.941666666667,-2.15945916583,18.));
#487 = VECTOR('',#488,1.);
#488 = DIRECTION('',(-0.,-0.,-1.));
#489 = ORIENTED_EDGE('',*,*,#174,.F.);
#490 = ORIENTED_EDGE('',*,*,#460,.F.);
#491 = CYLINDRICAL_SURFACE('',#492,5.5);
#492 = AXIS2_PLACEMENT_3D('',#493,#494,#495);
#493 = CARTESIAN_POINT('',(45.,0.,-1.));
#494 = DIRECTION('',(-0.,-0.,-1.));
#495 = DIRECTION('',(1.,0.,0.));
#496 = ADVANCED_FACE('',(#497),#532,.F.);
#497 = FACE_BOUND('',#498,.T.);
#498 = EDGE_LOOP('',(#499,#500,#506,#507,#515,#524,#530,#531));
#499 = ORIENTED_EDGE('',*,*,#134,.T.);
#500 = ORIENTED_EDGE('',*,*,#501,.T.);
#501 = EDGE_CURVE('',#135,#247,#502,.T.);
#502 = LINE('',#503,#504);
#503 = CARTESIAN_POINT('',(1.256036402778E-14,50.5,-1.));
#504 = VECTOR('',#505,1.);
#505 = DIRECTION('',(0.,0.,1.));
#506 = ORIENTED_EDGE('',*,*,#246,.F.);
#507 = ORIENTED_EDGE('',*,*,#508,.F.);
#508 = EDGE_CURVE('',#509,#238,#511,.T.);
#509 = VERTEX_POINT('',#510);
#510 = CARTESIAN_POINT('',(-2.15945916583,39.941666666667,19.));
#511 = LINE('',#512,#513);
#512 = CARTESIAN_POINT('',(-2.15945916583,39.941666666667,18.));
#513 = VECTOR('',#514,1.);
#514 = DIRECTION('',(-0.,-0.,-1.));
#515 = ORIENTED_EDGE('',*,*,#516,.T.);
#516 = EDGE_CURVE('',#509,#517,#519,.T.);
#517 = VERTEX_POINT('',#518);
#518 = CARTESIAN_POINT('',(2.15945916583,39.941666666667,19.));
#519 = CIRCLE('',#520,5.5);
#520 = AXIS2_PLACEMENT_3D('',#521,#522,#523);
#521 = CARTESIAN_POINT('',(9.992007221626E-15,45.,19.));
#522 = DIRECTION('',(0.,-0.,1.));
#523 = DIRECTION('',(2.22044604925E-16,1.,0.));
#524 = ORIENTED_EDGE('',*,*,#525,.T.);
#525 = EDGE_CURVE('',#517,#157,#526,.T.);
#526 = LINE('',#527,#528);
#527 = CARTESIAN_POINT('',(2.15945916583,39.941666666667,18.));
#528 = VECTOR('',#529,1.);
#529 = DIRECTION('',(-0.,-0.,-1.));
#530 = ORIENTED_EDGE('',*,*,#255,.F.);
#531 = ORIENTED_EDGE('',*,*,#501,.F.);
#532 = CYLINDRICAL_SURFACE('',#533,5.5);
#533 = AXIS2_PLACEMENT_3D('',#534,#535,#536);
#534 = CARTESIAN_POINT('',(9.992007221626E-15,45.,-1.));
#535 = DIRECTION('',(0.,-0.,-1.));
#536 = DIRECTION('',(2.22044604925E-16,1.,0.));
#537 = ADVANCED_FACE('',(#538),#605,.T.);
#538 = FACE_BOUND('',#539,.F.);
#539 = EDGE_LOOP('',(#540,#549,#557,#564,#565,#572,#573,#574,#575,#582,
    #583,#584,#585,#592,#593,#594,#595,#602,#603,#604));
#540 = ORIENTED_EDGE('',*,*,#541,.T.);
#541 = EDGE_CURVE('',#468,#542,#544,.T.);
#542 = VERTEX_POINT('',#543);
#543 = CARTESIAN_POINT('',(40.,-9.797174393179E-15,19.));
#544 = CIRCLE('',#545,40.);
#545 = AXIS2_PLACEMENT_3D('',#546,#547,#548);
#546 = CARTESIAN_POINT('',(0.,0.,19.));
#547 = DIRECTION('',(0.,0.,-1.));
#548 = DIRECTION('',(1.,0.,0.));
#549 = ORIENTED_EDGE('',*,*,#550,.T.);
#550 = EDGE_CURVE('',#542,#551,#553,.T.);
#551 = VERTEX_POINT('',#552);
#552 = CARTESIAN_POINT('',(40.,-9.797174393179E-15,63.));
#553 = LINE('',#554,#555);
#554 = CARTESIAN_POINT('',(40.,-9.797174393179E-15,18.));
#555 = VECTOR('',#556,1.);
#556 = DIRECTION('',(0.,0.,1.));
#557 = ORIENTED_EDGE('',*,*,#558,.T.);
#558 = EDGE_CURVE('',#551,#551,#559,.T.);
#559 = CIRCLE('',#560,40.);
#560 = AXIS2_PLACEMENT_3D('',#561,#562,#563);
#561 = CARTESIAN_POINT('',(0.,0.,63.));
#562 = DIRECTION('',(0.,0.,1.));
#563 = DIRECTION('',(1.,0.,0.));
#564 = ORIENTED_EDGE('',*,*,#550,.F.);
#565 = ORIENTED_EDGE('',*,*,#566,.T.);
#566 = EDGE_CURVE('',#542,#476,#567,.T.);
#567 = CIRCLE('',#568,40.);
#568 = AXIS2_PLACEMENT_3D('',#569,#570,#571);
#569 = CARTESIAN_POINT('',(0.,0.,19.));
#570 = DIRECTION('',(0.,0.,-1.));
#571 = DIRECTION('',(1.,0.,0.));
#572 = ORIENTED_EDGE('',*,*,#484,.T.);
#573 = ORIENTED_EDGE('',*,*,#183,.F.);
#574 = ORIENTED_EDGE('',*,*,#278,.F.);
#575 = ORIENTED_EDGE('',*,*,#576,.T.);
#576 = EDGE_CURVE('',#279,#287,#577,.T.);
#577 = CIRCLE('',#578,40.);
#578 = AXIS2_PLACEMENT_3D('',#579,#580,#581);
#579 = CARTESIAN_POINT('',(0.,0.,19.));
#580 = DIRECTION('',(0.,0.,-1.));
#581 = DIRECTION('',(1.,0.,0.));
#582 = ORIENTED_EDGE('',*,*,#295,.T.);
#583 = ORIENTED_EDGE('',*,*,#210,.F.);
#584 = ORIENTED_EDGE('',*,*,#319,.F.);
#585 = ORIENTED_EDGE('',*,*,#586,.T.);
#586 = EDGE_CURVE('',#320,#328,#587,.T.);
#587 = CIRCLE('',#588,40.);
#588 = AXIS2_PLACEMENT_3D('',#589,#590,#591);
#589 = CARTESIAN_POINT('',(0.,0.,19.));
#590 = DIRECTION('',(0.,0.,-1.));
#591 = DIRECTION('',(1.,0.,0.));
#592 = ORIENTED_EDGE('',*,*,#336,.T.);
#593 = ORIENTED_EDGE('',*,*,#237,.F.);
#594 = ORIENTED_EDGE('',*,*,#508,.F.);
#595 = ORIENTED_EDGE('',*,*,#596,.T.);
#596 = EDGE_CURVE('',#509,#517,#597,.T.);
#597 = CIRCLE('',#598,40.);
#598 = AXIS2_PLACEMENT_3D('',#599,#600,#601);
#599 = CARTESIAN_POINT('',(0.,0.,19.));
#600 = DIRECTION('',(0.,0.,-1.));
#601 = DIRECTION('',(1.,0.,0.));
#602 = ORIENTED_EDGE('',*,*,#525,.T.);
#603 = ORIENTED_EDGE('',*,*,#154,.F.);
#604 = ORIENTED_EDGE('',*,*,#467,.F.);
#605 = CYLINDRICAL_SURFACE('',#606,40.);
#606 = AXIS2_PLACEMENT_3D('',#607,#608,#609);
#607 = CARTESIAN_POINT('',(0.,0.,18.));
#608 = DIRECTION('',(-0.,-0.,-1.));
#609 = DIRECTION('',(1.,0.,0.));
#610 = ADVANCED_FACE('',(#611),#615,.F.);
#611 = FACE_BOUND('',#612,.F.);
#612 = EDGE_LOOP('',(#613,#614));
#613 = ORIENTED_EDGE('',*,*,#576,.F.);
#614 = ORIENTED_EDGE('',*,*,#286,.T.);
#615 = PLANE('',#616);
#616 = AXIS2_PLACEMENT_3D('',#617,#618,#619);
#617 = CARTESIAN_POINT('',(-9.992007221626E-15,-45.,19.));
#618 = DIRECTION('',(0.,0.,1.));
#619 = DIRECTION('',(-2.22044604925E-16,-1.,0.));
#620 = ADVANCED_FACE('',(#621),#625,.F.);
#621 = FACE_BOUND('',#622,.F.);
#622 = EDGE_LOOP('',(#623,#624));
#623 = ORIENTED_EDGE('',*,*,#586,.F.);
#624 = ORIENTED_EDGE('',*,*,#327,.T.);
#625 = PLANE('',#626);
#626 = AXIS2_PLACEMENT_3D('',#627,#628,#629);
#627 = CARTESIAN_POINT('',(-45.,5.510910596163E-15,19.));
#628 = DIRECTION('',(0.,0.,1.));
#629 = DIRECTION('',(-1.,1.224646799147E-16,0.));
#630 = ADVANCED_FACE('',(#631,#634),#641,.T.);
#631 = FACE_BOUND('',#632,.T.);
#632 = EDGE_LOOP('',(#633));
#633 = ORIENTED_EDGE('',*,*,#558,.T.);
#634 = FACE_BOUND('',#635,.T.);
#635 = EDGE_LOOP('',(#636,#637,#638,#639,#640));
#636 = ORIENTED_EDGE('',*,*,#370,.T.);
#637 = ORIENTED_EDGE('',*,*,#361,.T.);
#638 = ORIENTED_EDGE('',*,*,#443,.T.);
#639 = ORIENTED_EDGE('',*,*,#428,.F.);
#640 = ORIENTED_EDGE('',*,*,#402,.F.);
#641 = PLANE('',#642);
#642 = AXIS2_PLACEMENT_3D('',#643,#644,#645);
#643 = CARTESIAN_POINT('',(0.,0.,63.));
#644 = DIRECTION('',(0.,0.,1.));
#645 = DIRECTION('',(1.,0.,0.));
#646 = ADVANCED_FACE('',(#647),#652,.F.);
#647 = FACE_BOUND('',#648,.F.);
#648 = EDGE_LOOP('',(#649,#650,#651));
#649 = ORIENTED_EDGE('',*,*,#541,.F.);
#650 = ORIENTED_EDGE('',*,*,#475,.T.);
#651 = ORIENTED_EDGE('',*,*,#566,.F.);
#652 = PLANE('',#653);
#653 = AXIS2_PLACEMENT_3D('',#654,#655,#656);
#654 = CARTESIAN_POINT('',(45.,0.,19.));
#655 = DIRECTION('',(0.,0.,1.));
#656 = DIRECTION('',(1.,0.,0.));
#657 = ADVANCED_FACE('',(#658),#662,.F.);
#658 = FACE_BOUND('',#659,.F.);
#659 = EDGE_LOOP('',(#660,#661));
#660 = ORIENTED_EDGE('',*,*,#596,.F.);
#661 = ORIENTED_EDGE('',*,*,#516,.T.);
#662 = PLANE('',#663);
#663 = AXIS2_PLACEMENT_3D('',#664,#665,#666);
#664 = CARTESIAN_POINT('',(9.992007221626E-15,45.,19.));
#665 = DIRECTION('',(0.,0.,1.));
#666 = DIRECTION('',(2.22044604925E-16,1.,0.));
#667 = MANIFOLD_SOLID_BREP('',#668);
#668 = CLOSED_SHELL('',(#669,#702,#799,#918,#959,#1000,#1042,#1066,#1090
    ,#1107,#1148,#1189,#1262,#1272,#1282,#1298,#1309));
#669 = ADVANCED_FACE('',(#670),#697,.T.);
#670 = FACE_BOUND('',#671,.F.);
#671 = EDGE_LOOP('',(#672,#682,#689,#690));
#672 = ORIENTED_EDGE('',*,*,#673,.T.);
#673 = EDGE_CURVE('',#674,#676,#678,.T.);
#674 = VERTEX_POINT('',#675);
#675 = CARTESIAN_POINT('',(-70.,-1.714505518806E-14,-8.572527594031E-15)
  );
#676 = VERTEX_POINT('',#677);
#677 = CARTESIAN_POINT('',(-70.,-1.714505518806E-14,-18.));
#678 = LINE('',#679,#680);
#679 = CARTESIAN_POINT('',(-70.,-1.714505518806E-14,-8.572527594031E-15)
  );
#680 = VECTOR('',#681,1.);
#681 = DIRECTION('',(1.224646799147E-16,0.,-1.));
#682 = ORIENTED_EDGE('',*,*,#683,.T.);
#683 = EDGE_CURVE('',#676,#676,#684,.T.);
#684 = CIRCLE('',#685,70.);
#685 = AXIS2_PLACEMENT_3D('',#686,#687,#688);
#686 = CARTESIAN_POINT('',(2.204364238465E-15,0.,-18.));
#687 = DIRECTION('',(1.224646799147E-16,0.,-1.));
#688 = DIRECTION('',(-1.,0.,-1.224646799147E-16));
#689 = ORIENTED_EDGE('',*,*,#673,.F.);
#690 = ORIENTED_EDGE('',*,*,#691,.F.);
#691 = EDGE_CURVE('',#674,#674,#692,.T.);
#692 = CIRCLE('',#693,70.);
#693 = AXIS2_PLACEMENT_3D('',#694,#695,#696);
#694 = CARTESIAN_POINT('',(0.,0.,0.));
#695 = DIRECTION('',(1.224646799147E-16,0.,-1.));
#696 = DIRECTION('',(-1.,0.,-1.224646799147E-16));
#697 = CYLINDRICAL_SURFACE('',#698,70.);
#698 = AXIS2_PLACEMENT_3D('',#699,#700,#701);
#699 = CARTESIAN_POINT('',(0.,0.,0.));
#700 = DIRECTION('',(-1.224646799147E-16,-0.,1.));
#701 = DIRECTION('',(-1.,0.,-1.224646799147E-16));
#702 = ADVANCED_FACE('',(#703,#706,#717,#728,#772,#783),#794,.F.);
#703 = FACE_BOUND('',#704,.F.);
#704 = EDGE_LOOP('',(#705));
#705 = ORIENTED_EDGE('',*,*,#691,.T.);
#706 = FACE_BOUND('',#707,.F.);
#707 = EDGE_LOOP('',(#708));
#708 = ORIENTED_EDGE('',*,*,#709,.T.);
#709 = EDGE_CURVE('',#710,#710,#712,.T.);
#710 = VERTEX_POINT('',#711);
#711 = CARTESIAN_POINT('',(1.256036402778E-14,-50.5,1.538200960274E-30)
  );
#712 = CIRCLE('',#713,5.5);
#713 = AXIS2_PLACEMENT_3D('',#714,#715,#716);
#714 = CARTESIAN_POINT('',(9.992007221626E-15,-45.,1.223667966102E-30));
#715 = DIRECTION('',(-1.224646799147E-16,0.,1.));
#716 = DIRECTION('',(2.22044604925E-16,-1.,2.719262146894E-32));
#717 = FACE_BOUND('',#718,.F.);
#718 = EDGE_LOOP('',(#719));
#719 = ORIENTED_EDGE('',*,*,#720,.T.);
#720 = EDGE_CURVE('',#721,#721,#723,.T.);
#721 = VERTEX_POINT('',#722);
#722 = CARTESIAN_POINT('',(50.5,7.531577814756E-15,6.184466335694E-15));
#723 = CIRCLE('',#724,5.5);
#724 = AXIS2_PLACEMENT_3D('',#725,#726,#727);
#725 = CARTESIAN_POINT('',(45.,5.510910596163E-15,5.510910596163E-15));
#726 = DIRECTION('',(-1.224646799147E-16,-6.016155777704E-49,1.));
#727 = DIRECTION('',(1.,1.224646799147E-16,1.224646799147E-16));
#728 = FACE_BOUND('',#729,.F.);
#729 = EDGE_LOOP('',(#730,#741,#750,#758,#766));
#730 = ORIENTED_EDGE('',*,*,#731,.T.);
#731 = EDGE_CURVE('',#732,#734,#736,.T.);
#732 = VERTEX_POINT('',#733);
#733 = CARTESIAN_POINT('',(-6.,19.078784028339,-7.347880794884E-16));
#734 = VERTEX_POINT('',#735);
#735 = CARTESIAN_POINT('',(-20.,-4.898587196589E-15,-2.449293598295E-15)
  );
#736 = CIRCLE('',#737,20.);
#737 = AXIS2_PLACEMENT_3D('',#738,#739,#740);
#738 = CARTESIAN_POINT('',(0.,0.,0.));
#739 = DIRECTION('',(-1.224646799147E-16,-0.,1.));
#740 = DIRECTION('',(-1.,0.,-1.224646799147E-16));
#741 = ORIENTED_EDGE('',*,*,#742,.T.);
#742 = EDGE_CURVE('',#734,#743,#745,.T.);
#743 = VERTEX_POINT('',#744);
#744 = CARTESIAN_POINT('',(6.,19.078784028339,7.347880794884E-16));
#745 = CIRCLE('',#746,20.);
#746 = AXIS2_PLACEMENT_3D('',#747,#748,#749);
#747 = CARTESIAN_POINT('',(0.,0.,0.));
#748 = DIRECTION('',(-1.224646799147E-16,-0.,1.));
#749 = DIRECTION('',(-1.,0.,-1.224646799147E-16));
#750 = ORIENTED_EDGE('',*,*,#751,.T.);
#751 = EDGE_CURVE('',#743,#752,#754,.T.);
#752 = VERTEX_POINT('',#753);
#753 = CARTESIAN_POINT('',(6.,23.3,7.347880794884E-16));
#754 = LINE('',#755,#756);
#755 = CARTESIAN_POINT('',(6.,0.,7.347880794884E-16));
#756 = VECTOR('',#757,1.);
#757 = DIRECTION('',(0.,1.,0.));
#758 = ORIENTED_EDGE('',*,*,#759,.F.);
#759 = EDGE_CURVE('',#760,#752,#762,.T.);
#760 = VERTEX_POINT('',#761);
#761 = CARTESIAN_POINT('',(-6.,23.3,-7.347880794884E-16));
#762 = LINE('',#763,#764);
#763 = CARTESIAN_POINT('',(3.,23.3,3.673940397442E-16));
#764 = VECTOR('',#765,1.);
#765 = DIRECTION('',(1.,0.,1.224646799147E-16));
#766 = ORIENTED_EDGE('',*,*,#767,.F.);
#767 = EDGE_CURVE('',#732,#760,#768,.T.);
#768 = LINE('',#769,#770);
#769 = CARTESIAN_POINT('',(-6.,0.,-7.347880794884E-16));
#770 = VECTOR('',#771,1.);
#771 = DIRECTION('',(0.,1.,0.));
#772 = FACE_BOUND('',#773,.F.);
#773 = EDGE_LOOP('',(#774));
#774 = ORIENTED_EDGE('',*,*,#775,.T.);
#775 = EDGE_CURVE('',#776,#776,#778,.T.);
#776 = VERTEX_POINT('',#777);
#777 = CARTESIAN_POINT('',(-50.5,-1.347111479062E-15,-6.184466335694E-15
    ));
#778 = CIRCLE('',#779,5.5);
#779 = AXIS2_PLACEMENT_3D('',#780,#781,#782);
#780 = CARTESIAN_POINT('',(-45.,0.,-5.510910596163E-15));
#781 = DIRECTION('',(-1.224646799147E-16,-0.,1.));
#782 = DIRECTION('',(-1.,0.,-1.224646799147E-16));
#783 = FACE_BOUND('',#784,.F.);
#784 = EDGE_LOOP('',(#785));
#785 = ORIENTED_EDGE('',*,*,#786,.T.);
#786 = EDGE_CURVE('',#787,#787,#789,.T.);
#787 = VERTEX_POINT('',#788);
#788 = CARTESIAN_POINT('',(-1.256036402778E-14,50.5,-1.538200960274E-30)
  );
#789 = CIRCLE('',#790,5.5);
#790 = AXIS2_PLACEMENT_3D('',#791,#792,#793);
#791 = CARTESIAN_POINT('',(-9.992007221626E-15,45.,-1.223667966102E-30)
  );
#792 = DIRECTION('',(-1.224646799147E-16,0.,1.));
#793 = DIRECTION('',(-2.22044604925E-16,1.,-2.719262146894E-32));
#794 = PLANE('',#795);
#795 = AXIS2_PLACEMENT_3D('',#796,#797,#798);
#796 = CARTESIAN_POINT('',(0.,0.,0.));
#797 = DIRECTION('',(1.224646799147E-16,0.,-1.));
#798 = DIRECTION('',(-1.,0.,-1.224646799147E-16));
#799 = ADVANCED_FACE('',(#800,#803),#913,.T.);
#800 = FACE_BOUND('',#801,.T.);
#801 = EDGE_LOOP('',(#802));
#802 = ORIENTED_EDGE('',*,*,#683,.T.);
#803 = FACE_BOUND('',#804,.T.);
#804 = EDGE_LOOP('',(#805,#816,#825,#834,#843,#852,#861,#870,#879,#888,
    #897,#906));
#805 = ORIENTED_EDGE('',*,*,#806,.F.);
#806 = EDGE_CURVE('',#807,#809,#811,.T.);
#807 = VERTEX_POINT('',#808);
#808 = CARTESIAN_POINT('',(-39.94166666666,2.15945916583,-18.));
#809 = VERTEX_POINT('',#810);
#810 = CARTESIAN_POINT('',(-2.15945916583,39.941666666667,-18.));
#811 = CIRCLE('',#812,40.);
#812 = AXIS2_PLACEMENT_3D('',#813,#814,#815);
#813 = CARTESIAN_POINT('',(2.204364238465E-15,0.,-18.));
#814 = DIRECTION('',(1.224646799147E-16,0.,-1.));
#815 = DIRECTION('',(-1.,0.,-1.224646799147E-16));
#816 = ORIENTED_EDGE('',*,*,#817,.T.);
#817 = EDGE_CURVE('',#807,#818,#820,.T.);
#818 = VERTEX_POINT('',#819);
#819 = CARTESIAN_POINT('',(-50.5,-1.347111479062E-15,-18.));
#820 = CIRCLE('',#821,5.5);
#821 = AXIS2_PLACEMENT_3D('',#822,#823,#824);
#822 = CARTESIAN_POINT('',(-45.,0.,-18.));
#823 = DIRECTION('',(-1.224646799147E-16,-0.,1.));
#824 = DIRECTION('',(-1.,0.,-1.224646799147E-16));
#825 = ORIENTED_EDGE('',*,*,#826,.T.);
#826 = EDGE_CURVE('',#818,#827,#829,.T.);
#827 = VERTEX_POINT('',#828);
#828 = CARTESIAN_POINT('',(-39.94166666666,-2.15945916583,-18.));
#829 = CIRCLE('',#830,5.5);
#830 = AXIS2_PLACEMENT_3D('',#831,#832,#833);
#831 = CARTESIAN_POINT('',(-45.,0.,-18.));
#832 = DIRECTION('',(-1.224646799147E-16,-0.,1.));
#833 = DIRECTION('',(-1.,0.,-1.224646799147E-16));
#834 = ORIENTED_EDGE('',*,*,#835,.F.);
#835 = EDGE_CURVE('',#836,#827,#838,.T.);
#836 = VERTEX_POINT('',#837);
#837 = CARTESIAN_POINT('',(-2.15945916583,-39.94166666666,-18.));
#838 = CIRCLE('',#839,40.);
#839 = AXIS2_PLACEMENT_3D('',#840,#841,#842);
#840 = CARTESIAN_POINT('',(2.204364238465E-15,0.,-18.));
#841 = DIRECTION('',(1.224646799147E-16,0.,-1.));
#842 = DIRECTION('',(-1.,0.,-1.224646799147E-16));
#843 = ORIENTED_EDGE('',*,*,#844,.T.);
#844 = EDGE_CURVE('',#836,#845,#847,.T.);
#845 = VERTEX_POINT('',#846);
#846 = CARTESIAN_POINT('',(1.476472826624E-14,-50.5,-18.));
#847 = CIRCLE('',#848,5.5);
#848 = AXIS2_PLACEMENT_3D('',#849,#850,#851);
#849 = CARTESIAN_POINT('',(1.219637146009E-14,-45.,-18.));
#850 = DIRECTION('',(-1.224646799147E-16,0.,1.));
#851 = DIRECTION('',(2.22044604925E-16,-1.,2.719262146894E-32));
#852 = ORIENTED_EDGE('',*,*,#853,.T.);
#853 = EDGE_CURVE('',#845,#854,#856,.T.);
#854 = VERTEX_POINT('',#855);
#855 = CARTESIAN_POINT('',(2.15945916583,-39.94166666666,-18.));
#856 = CIRCLE('',#857,5.5);
#857 = AXIS2_PLACEMENT_3D('',#858,#859,#860);
#858 = CARTESIAN_POINT('',(1.219637146009E-14,-45.,-18.));
#859 = DIRECTION('',(-1.224646799147E-16,0.,1.));
#860 = DIRECTION('',(2.22044604925E-16,-1.,2.719262146894E-32));
#861 = ORIENTED_EDGE('',*,*,#862,.F.);
#862 = EDGE_CURVE('',#863,#854,#865,.T.);
#863 = VERTEX_POINT('',#864);
#864 = CARTESIAN_POINT('',(39.941666666667,-2.15945916583,-18.));
#865 = CIRCLE('',#866,40.);
#866 = AXIS2_PLACEMENT_3D('',#867,#868,#869);
#867 = CARTESIAN_POINT('',(2.204364238465E-15,0.,-18.));
#868 = DIRECTION('',(1.224646799147E-16,0.,-1.));
#869 = DIRECTION('',(-1.,0.,-1.224646799147E-16));
#870 = ORIENTED_EDGE('',*,*,#871,.T.);
#871 = EDGE_CURVE('',#863,#872,#874,.T.);
#872 = VERTEX_POINT('',#873);
#873 = CARTESIAN_POINT('',(50.5,7.531577814756E-15,-18.));
#874 = CIRCLE('',#875,5.5);
#875 = AXIS2_PLACEMENT_3D('',#876,#877,#878);
#876 = CARTESIAN_POINT('',(45.,5.510910596163E-15,-18.));
#877 = DIRECTION('',(-1.224646799147E-16,-6.016155777704E-49,1.));
#878 = DIRECTION('',(1.,1.224646799147E-16,1.224646799147E-16));
#879 = ORIENTED_EDGE('',*,*,#880,.T.);
#880 = EDGE_CURVE('',#872,#881,#883,.T.);
#881 = VERTEX_POINT('',#882);
#882 = CARTESIAN_POINT('',(39.941666666667,2.15945916583,-18.));
#883 = CIRCLE('',#884,5.5);
#884 = AXIS2_PLACEMENT_3D('',#885,#886,#887);
#885 = CARTESIAN_POINT('',(45.,5.510910596163E-15,-18.));
#886 = DIRECTION('',(-1.224646799147E-16,-6.016155777704E-49,1.));
#887 = DIRECTION('',(1.,1.224646799147E-16,1.224646799147E-16));
#888 = ORIENTED_EDGE('',*,*,#889,.F.);
#889 = EDGE_CURVE('',#890,#881,#892,.T.);
#890 = VERTEX_POINT('',#891);
#891 = CARTESIAN_POINT('',(2.15945916583,39.941666666667,-18.));
#892 = CIRCLE('',#893,40.);
#893 = AXIS2_PLACEMENT_3D('',#894,#895,#896);
#894 = CARTESIAN_POINT('',(2.204364238465E-15,0.,-18.));
#895 = DIRECTION('',(1.224646799147E-16,0.,-1.));
#896 = DIRECTION('',(-1.,0.,-1.224646799147E-16));
#897 = ORIENTED_EDGE('',*,*,#898,.T.);
#898 = EDGE_CURVE('',#890,#899,#901,.T.);
#899 = VERTEX_POINT('',#900);
#900 = CARTESIAN_POINT('',(-1.035599978931E-14,50.5,-18.));
#901 = CIRCLE('',#902,5.5);
#902 = AXIS2_PLACEMENT_3D('',#903,#904,#905);
#903 = CARTESIAN_POINT('',(-7.787642983161E-15,45.,-18.));
#904 = DIRECTION('',(-1.224646799147E-16,0.,1.));
#905 = DIRECTION('',(-2.22044604925E-16,1.,-2.719262146894E-32));
#906 = ORIENTED_EDGE('',*,*,#907,.T.);
#907 = EDGE_CURVE('',#899,#809,#908,.T.);
#908 = CIRCLE('',#909,5.5);
#909 = AXIS2_PLACEMENT_3D('',#910,#911,#912);
#910 = CARTESIAN_POINT('',(-7.787642983161E-15,45.,-18.));
#911 = DIRECTION('',(-1.224646799147E-16,0.,1.));
#912 = DIRECTION('',(-2.22044604925E-16,1.,-2.719262146894E-32));
#913 = PLANE('',#914);
#914 = AXIS2_PLACEMENT_3D('',#915,#916,#917);
#915 = CARTESIAN_POINT('',(2.204364238465E-15,0.,-18.));
#916 = DIRECTION('',(1.224646799147E-16,0.,-1.));
#917 = DIRECTION('',(-1.,0.,-1.224646799147E-16));
#918 = ADVANCED_FACE('',(#919),#954,.F.);
#919 = FACE_BOUND('',#920,.T.);
#920 = EDGE_LOOP('',(#921,#922,#928,#929,#937,#946,#952,#953));
#921 = ORIENTED_EDGE('',*,*,#709,.T.);
#922 = ORIENTED_EDGE('',*,*,#923,.T.);
#923 = EDGE_CURVE('',#710,#845,#924,.T.);
#924 = LINE('',#925,#926);
#925 = CARTESIAN_POINT('',(1.243789934786E-14,-50.5,1.));
#926 = VECTOR('',#927,1.);
#927 = DIRECTION('',(1.224646799147E-16,0.,-1.));
#928 = ORIENTED_EDGE('',*,*,#844,.F.);
#929 = ORIENTED_EDGE('',*,*,#930,.F.);
#930 = EDGE_CURVE('',#931,#836,#933,.T.);
#931 = VERTEX_POINT('',#932);
#932 = CARTESIAN_POINT('',(-2.15945916583,-39.94166666666,-19.));
#933 = LINE('',#934,#935);
#934 = CARTESIAN_POINT('',(-2.15945916583,-39.94166666666,-18.));
#935 = VECTOR('',#936,1.);
#936 = DIRECTION('',(-1.224646799147E-16,-0.,1.));
#937 = ORIENTED_EDGE('',*,*,#938,.T.);
#938 = EDGE_CURVE('',#931,#939,#941,.T.);
#939 = VERTEX_POINT('',#940);
#940 = CARTESIAN_POINT('',(2.15945916583,-39.94166666666,-19.));
#941 = CIRCLE('',#942,5.5);
#942 = AXIS2_PLACEMENT_3D('',#943,#944,#945);
#943 = CARTESIAN_POINT('',(1.231883614001E-14,-45.,-19.));
#944 = DIRECTION('',(1.224646799147E-16,0.,-1.));
#945 = DIRECTION('',(2.22044604925E-16,-1.,2.719262146894E-32));
#946 = ORIENTED_EDGE('',*,*,#947,.T.);
#947 = EDGE_CURVE('',#939,#854,#948,.T.);
#948 = LINE('',#949,#950);
#949 = CARTESIAN_POINT('',(2.15945916583,-39.94166666666,-18.));
#950 = VECTOR('',#951,1.);
#951 = DIRECTION('',(-1.224646799147E-16,-0.,1.));
#952 = ORIENTED_EDGE('',*,*,#853,.F.);
#953 = ORIENTED_EDGE('',*,*,#923,.F.);
#954 = CYLINDRICAL_SURFACE('',#955,5.5);
#955 = AXIS2_PLACEMENT_3D('',#956,#957,#958);
#956 = CARTESIAN_POINT('',(9.869542541712E-15,-45.,1.));
#957 = DIRECTION('',(-1.224646799147E-16,0.,1.));
#958 = DIRECTION('',(2.22044604925E-16,-1.,2.719262146894E-32));
#959 = ADVANCED_FACE('',(#960),#995,.F.);
#960 = FACE_BOUND('',#961,.T.);
#961 = EDGE_LOOP('',(#962,#963,#969,#970,#978,#987,#993,#994));
#962 = ORIENTED_EDGE('',*,*,#720,.T.);
#963 = ORIENTED_EDGE('',*,*,#964,.T.);
#964 = EDGE_CURVE('',#721,#872,#965,.T.);
#965 = LINE('',#966,#967);
#966 = CARTESIAN_POINT('',(50.5,7.531577814756E-15,1.));
#967 = VECTOR('',#968,1.);
#968 = DIRECTION('',(1.224646799147E-16,0.,-1.));
#969 = ORIENTED_EDGE('',*,*,#871,.F.);
#970 = ORIENTED_EDGE('',*,*,#971,.F.);
#971 = EDGE_CURVE('',#972,#863,#974,.T.);
#972 = VERTEX_POINT('',#973);
#973 = CARTESIAN_POINT('',(39.941666666667,-2.15945916583,-19.));
#974 = LINE('',#975,#976);
#975 = CARTESIAN_POINT('',(39.941666666667,-2.15945916583,-18.));
#976 = VECTOR('',#977,1.);
#977 = DIRECTION('',(-1.224646799147E-16,-0.,1.));
#978 = ORIENTED_EDGE('',*,*,#979,.T.);
#979 = EDGE_CURVE('',#972,#980,#982,.T.);
#980 = VERTEX_POINT('',#981);
#981 = CARTESIAN_POINT('',(39.941666666667,2.15945916583,-19.));
#982 = CIRCLE('',#983,5.5);
#983 = AXIS2_PLACEMENT_3D('',#984,#985,#986);
#984 = CARTESIAN_POINT('',(45.,5.510910596163E-15,-19.));
#985 = DIRECTION('',(1.224646799147E-16,6.016155777704E-49,-1.));
#986 = DIRECTION('',(1.,1.224646799147E-16,1.224646799147E-16));
#987 = ORIENTED_EDGE('',*,*,#988,.T.);
#988 = EDGE_CURVE('',#980,#881,#989,.T.);
#989 = LINE('',#990,#991);
#990 = CARTESIAN_POINT('',(39.941666666667,2.15945916583,-18.));
#991 = VECTOR('',#992,1.);
#992 = DIRECTION('',(-1.224646799147E-16,-0.,1.));
#993 = ORIENTED_EDGE('',*,*,#880,.F.);
#994 = ORIENTED_EDGE('',*,*,#964,.F.);
#995 = CYLINDRICAL_SURFACE('',#996,5.5);
#996 = AXIS2_PLACEMENT_3D('',#997,#998,#999);
#997 = CARTESIAN_POINT('',(45.,5.510910596163E-15,1.));
#998 = DIRECTION('',(-1.224646799147E-16,0.,1.));
#999 = DIRECTION('',(1.,1.224646799147E-16,1.224646799147E-16));
#1000 = ADVANCED_FACE('',(#1001),#1037,.F.);
#1001 = FACE_BOUND('',#1002,.T.);
#1002 = EDGE_LOOP('',(#1003,#1004,#1012,#1021,#1030,#1036));
#1003 = ORIENTED_EDGE('',*,*,#742,.T.);
#1004 = ORIENTED_EDGE('',*,*,#1005,.F.);
#1005 = EDGE_CURVE('',#1006,#743,#1008,.T.);
#1006 = VERTEX_POINT('',#1007);
#1007 = CARTESIAN_POINT('',(6.,19.078784028339,-63.));
#1008 = LINE('',#1009,#1010);
#1009 = CARTESIAN_POINT('',(6.,19.078784028339,1.));
#1010 = VECTOR('',#1011,1.);
#1011 = DIRECTION('',(-1.224646799147E-16,-0.,1.));
#1012 = ORIENTED_EDGE('',*,*,#1013,.F.);
#1013 = EDGE_CURVE('',#1014,#1006,#1016,.T.);
#1014 = VERTEX_POINT('',#1015);
#1015 = CARTESIAN_POINT('',(-20.,-4.898587196589E-15,-63.));
#1016 = CIRCLE('',#1017,20.);
#1017 = AXIS2_PLACEMENT_3D('',#1018,#1019,#1020);
#1018 = CARTESIAN_POINT('',(7.715274834628E-15,0.,-63.));
#1019 = DIRECTION('',(-1.224646799147E-16,-0.,1.));
#1020 = DIRECTION('',(-1.,0.,-1.224646799147E-16));
#1021 = ORIENTED_EDGE('',*,*,#1022,.F.);
#1022 = EDGE_CURVE('',#1023,#1014,#1025,.T.);
#1023 = VERTEX_POINT('',#1024);
#1024 = CARTESIAN_POINT('',(-6.,19.078784028339,-63.));
#1025 = CIRCLE('',#1026,20.);
#1026 = AXIS2_PLACEMENT_3D('',#1027,#1028,#1029);
#1027 = CARTESIAN_POINT('',(7.715274834628E-15,0.,-63.));
#1028 = DIRECTION('',(-1.224646799147E-16,-0.,1.));
#1029 = DIRECTION('',(-1.,0.,-1.224646799147E-16));
#1030 = ORIENTED_EDGE('',*,*,#1031,.T.);
#1031 = EDGE_CURVE('',#1023,#732,#1032,.T.);
#1032 = LINE('',#1033,#1034);
#1033 = CARTESIAN_POINT('',(-6.,19.078784028339,1.));
#1034 = VECTOR('',#1035,1.);
#1035 = DIRECTION('',(-1.224646799147E-16,-0.,1.));
#1036 = ORIENTED_EDGE('',*,*,#731,.T.);
#1037 = CYLINDRICAL_SURFACE('',#1038,20.);
#1038 = AXIS2_PLACEMENT_3D('',#1039,#1040,#1041);
#1039 = CARTESIAN_POINT('',(-1.224646799147E-16,0.,1.));
#1040 = DIRECTION('',(-1.224646799147E-16,-0.,1.));
#1041 = DIRECTION('',(-1.,0.,-1.224646799147E-16));
#1042 = ADVANCED_FACE('',(#1043),#1061,.F.);
#1043 = FACE_BOUND('',#1044,.F.);
#1044 = EDGE_LOOP('',(#1045,#1053,#1059,#1060));
#1045 = ORIENTED_EDGE('',*,*,#1046,.T.);
#1046 = EDGE_CURVE('',#760,#1047,#1049,.T.);
#1047 = VERTEX_POINT('',#1048);
#1048 = CARTESIAN_POINT('',(-6.,23.3,-63.));
#1049 = LINE('',#1050,#1051);
#1050 = CARTESIAN_POINT('',(-6.,23.3,1.));
#1051 = VECTOR('',#1052,1.);
#1052 = DIRECTION('',(1.224646799147E-16,0.,-1.));
#1053 = ORIENTED_EDGE('',*,*,#1054,.F.);
#1054 = EDGE_CURVE('',#1023,#1047,#1055,.T.);
#1055 = LINE('',#1056,#1057);
#1056 = CARTESIAN_POINT('',(-6.,0.,-63.));
#1057 = VECTOR('',#1058,1.);
#1058 = DIRECTION('',(0.,1.,0.));
#1059 = ORIENTED_EDGE('',*,*,#1031,.T.);
#1060 = ORIENTED_EDGE('',*,*,#767,.T.);
#1061 = PLANE('',#1062);
#1062 = AXIS2_PLACEMENT_3D('',#1063,#1064,#1065);
#1063 = CARTESIAN_POINT('',(-6.,0.,1.));
#1064 = DIRECTION('',(-1.,0.,-1.224646799147E-16));
#1065 = DIRECTION('',(1.224646799147E-16,0.,-1.));
#1066 = ADVANCED_FACE('',(#1067),#1085,.F.);
#1067 = FACE_BOUND('',#1068,.F.);
#1068 = EDGE_LOOP('',(#1069,#1070,#1071,#1079));
#1069 = ORIENTED_EDGE('',*,*,#1046,.F.);
#1070 = ORIENTED_EDGE('',*,*,#759,.T.);
#1071 = ORIENTED_EDGE('',*,*,#1072,.T.);
#1072 = EDGE_CURVE('',#752,#1073,#1075,.T.);
#1073 = VERTEX_POINT('',#1074);
#1074 = CARTESIAN_POINT('',(6.,23.3,-63.));
#1075 = LINE('',#1076,#1077);
#1076 = CARTESIAN_POINT('',(6.,23.3,1.));
#1077 = VECTOR('',#1078,1.);
#1078 = DIRECTION('',(1.224646799147E-16,0.,-1.));
#1079 = ORIENTED_EDGE('',*,*,#1080,.F.);
#1080 = EDGE_CURVE('',#1047,#1073,#1081,.T.);
#1081 = LINE('',#1082,#1083);
#1082 = CARTESIAN_POINT('',(3.,23.3,-63.));
#1083 = VECTOR('',#1084,1.);
#1084 = DIRECTION('',(1.,0.,1.224646799147E-16));
#1085 = PLANE('',#1086);
#1086 = AXIS2_PLACEMENT_3D('',#1087,#1088,#1089);
#1087 = CARTESIAN_POINT('',(6.,23.3,1.));
#1088 = DIRECTION('',(0.,1.,0.));
#1089 = DIRECTION('',(1.224646799147E-16,0.,-1.));
#1090 = ADVANCED_FACE('',(#1091),#1102,.T.);
#1091 = FACE_BOUND('',#1092,.T.);
#1092 = EDGE_LOOP('',(#1093,#1094,#1100,#1101));
#1093 = ORIENTED_EDGE('',*,*,#1072,.T.);
#1094 = ORIENTED_EDGE('',*,*,#1095,.F.);
#1095 = EDGE_CURVE('',#1006,#1073,#1096,.T.);
#1096 = LINE('',#1097,#1098);
#1097 = CARTESIAN_POINT('',(6.,0.,-63.));
#1098 = VECTOR('',#1099,1.);
#1099 = DIRECTION('',(0.,1.,0.));
#1100 = ORIENTED_EDGE('',*,*,#1005,.T.);
#1101 = ORIENTED_EDGE('',*,*,#751,.T.);
#1102 = PLANE('',#1103);
#1103 = AXIS2_PLACEMENT_3D('',#1104,#1105,#1106);
#1104 = CARTESIAN_POINT('',(6.,0.,1.));
#1105 = DIRECTION('',(-1.,0.,-1.224646799147E-16));
#1106 = DIRECTION('',(1.224646799147E-16,0.,-1.));
#1107 = ADVANCED_FACE('',(#1108),#1143,.F.);
#1108 = FACE_BOUND('',#1109,.T.);
#1109 = EDGE_LOOP('',(#1110,#1111,#1117,#1118,#1126,#1135,#1141,#1142));
#1110 = ORIENTED_EDGE('',*,*,#775,.T.);
#1111 = ORIENTED_EDGE('',*,*,#1112,.T.);
#1112 = EDGE_CURVE('',#776,#818,#1113,.T.);
#1113 = LINE('',#1114,#1115);
#1114 = CARTESIAN_POINT('',(-50.5,-1.347111479062E-15,1.));
#1115 = VECTOR('',#1116,1.);
#1116 = DIRECTION('',(1.224646799147E-16,0.,-1.));
#1117 = ORIENTED_EDGE('',*,*,#817,.F.);
#1118 = ORIENTED_EDGE('',*,*,#1119,.F.);
#1119 = EDGE_CURVE('',#1120,#807,#1122,.T.);
#1120 = VERTEX_POINT('',#1121);
#1121 = CARTESIAN_POINT('',(-39.94166666666,2.15945916583,-19.));
#1122 = LINE('',#1123,#1124);
#1123 = CARTESIAN_POINT('',(-39.94166666666,2.15945916583,-18.));
#1124 = VECTOR('',#1125,1.);
#1125 = DIRECTION('',(-1.224646799147E-16,-0.,1.));
#1126 = ORIENTED_EDGE('',*,*,#1127,.T.);
#1127 = EDGE_CURVE('',#1120,#1128,#1130,.T.);
#1128 = VERTEX_POINT('',#1129);
#1129 = CARTESIAN_POINT('',(-39.94166666666,-2.15945916583,-19.));
#1130 = CIRCLE('',#1131,5.5);
#1131 = AXIS2_PLACEMENT_3D('',#1132,#1133,#1134);
#1132 = CARTESIAN_POINT('',(-45.,0.,-19.));
#1133 = DIRECTION('',(1.224646799147E-16,0.,-1.));
#1134 = DIRECTION('',(-1.,0.,-1.224646799147E-16));
#1135 = ORIENTED_EDGE('',*,*,#1136,.T.);
#1136 = EDGE_CURVE('',#1128,#827,#1137,.T.);
#1137 = LINE('',#1138,#1139);
#1138 = CARTESIAN_POINT('',(-39.94166666666,-2.15945916583,-18.));
#1139 = VECTOR('',#1140,1.);
#1140 = DIRECTION('',(-1.224646799147E-16,-0.,1.));
#1141 = ORIENTED_EDGE('',*,*,#826,.F.);
#1142 = ORIENTED_EDGE('',*,*,#1112,.F.);
#1143 = CYLINDRICAL_SURFACE('',#1144,5.5);
#1144 = AXIS2_PLACEMENT_3D('',#1145,#1146,#1147);
#1145 = CARTESIAN_POINT('',(-45.,0.,1.));
#1146 = DIRECTION('',(-1.224646799147E-16,-0.,1.));
#1147 = DIRECTION('',(-1.,0.,-1.224646799147E-16));
#1148 = ADVANCED_FACE('',(#1149),#1184,.F.);
#1149 = FACE_BOUND('',#1150,.T.);
#1150 = EDGE_LOOP('',(#1151,#1152,#1158,#1159,#1167,#1176,#1182,#1183));
#1151 = ORIENTED_EDGE('',*,*,#786,.T.);
#1152 = ORIENTED_EDGE('',*,*,#1153,.T.);
#1153 = EDGE_CURVE('',#787,#899,#1154,.T.);
#1154 = LINE('',#1155,#1156);
#1155 = CARTESIAN_POINT('',(-1.268282870769E-14,50.5,1.));
#1156 = VECTOR('',#1157,1.);
#1157 = DIRECTION('',(1.224646799147E-16,0.,-1.));
#1158 = ORIENTED_EDGE('',*,*,#898,.F.);
#1159 = ORIENTED_EDGE('',*,*,#1160,.F.);
#1160 = EDGE_CURVE('',#1161,#890,#1163,.T.);
#1161 = VERTEX_POINT('',#1162);
#1162 = CARTESIAN_POINT('',(2.15945916583,39.941666666667,-19.));
#1163 = LINE('',#1164,#1165);
#1164 = CARTESIAN_POINT('',(2.15945916583,39.941666666667,-18.));
#1165 = VECTOR('',#1166,1.);
#1166 = DIRECTION('',(-1.224646799147E-16,-0.,1.));
#1167 = ORIENTED_EDGE('',*,*,#1168,.T.);
#1168 = EDGE_CURVE('',#1161,#1169,#1171,.T.);
#1169 = VERTEX_POINT('',#1170);
#1170 = CARTESIAN_POINT('',(-2.15945916583,39.941666666667,-19.));
#1171 = CIRCLE('',#1172,5.5);
#1172 = AXIS2_PLACEMENT_3D('',#1173,#1174,#1175);
#1173 = CARTESIAN_POINT('',(-7.665178303246E-15,45.,-19.));
#1174 = DIRECTION('',(1.224646799147E-16,0.,-1.));
#1175 = DIRECTION('',(-2.22044604925E-16,1.,-2.719262146894E-32));
#1176 = ORIENTED_EDGE('',*,*,#1177,.T.);
#1177 = EDGE_CURVE('',#1169,#809,#1178,.T.);
#1178 = LINE('',#1179,#1180);
#1179 = CARTESIAN_POINT('',(-2.15945916583,39.941666666667,-18.));
#1180 = VECTOR('',#1181,1.);
#1181 = DIRECTION('',(-1.224646799147E-16,-0.,1.));
#1182 = ORIENTED_EDGE('',*,*,#907,.F.);
#1183 = ORIENTED_EDGE('',*,*,#1153,.F.);
#1184 = CYLINDRICAL_SURFACE('',#1185,5.5);
#1185 = AXIS2_PLACEMENT_3D('',#1186,#1187,#1188);
#1186 = CARTESIAN_POINT('',(-1.011447190154E-14,45.,1.));
#1187 = DIRECTION('',(-1.224646799147E-16,-0.,1.));
#1188 = DIRECTION('',(-2.22044604925E-16,1.,-2.719262146894E-32));
#1189 = ADVANCED_FACE('',(#1190),#1257,.T.);
#1190 = FACE_BOUND('',#1191,.F.);
#1191 = EDGE_LOOP('',(#1192,#1201,#1209,#1216,#1217,#1224,#1225,#1226,
    #1227,#1234,#1235,#1236,#1237,#1244,#1245,#1246,#1247,#1254,#1255,
    #1256));
#1192 = ORIENTED_EDGE('',*,*,#1193,.T.);
#1193 = EDGE_CURVE('',#1120,#1194,#1196,.T.);
#1194 = VERTEX_POINT('',#1195);
#1195 = CARTESIAN_POINT('',(-40.,-9.797174393179E-15,-19.));
#1196 = CIRCLE('',#1197,40.);
#1197 = AXIS2_PLACEMENT_3D('',#1198,#1199,#1200);
#1198 = CARTESIAN_POINT('',(2.32682891838E-15,0.,-19.));
#1199 = DIRECTION('',(-1.224646799147E-16,-0.,1.));
#1200 = DIRECTION('',(-1.,0.,-1.224646799147E-16));
#1201 = ORIENTED_EDGE('',*,*,#1202,.T.);
#1202 = EDGE_CURVE('',#1194,#1203,#1205,.T.);
#1203 = VERTEX_POINT('',#1204);
#1204 = CARTESIAN_POINT('',(-40.,-9.797174393179E-15,-63.));
#1205 = LINE('',#1206,#1207);
#1206 = CARTESIAN_POINT('',(-40.,-9.797174393179E-15,-18.));
#1207 = VECTOR('',#1208,1.);
#1208 = DIRECTION('',(1.224646799147E-16,0.,-1.));
#1209 = ORIENTED_EDGE('',*,*,#1210,.T.);
#1210 = EDGE_CURVE('',#1203,#1203,#1211,.T.);
#1211 = CIRCLE('',#1212,40.);
#1212 = AXIS2_PLACEMENT_3D('',#1213,#1214,#1215);
#1213 = CARTESIAN_POINT('',(7.715274834628E-15,0.,-63.));
#1214 = DIRECTION('',(1.224646799147E-16,0.,-1.));
#1215 = DIRECTION('',(-1.,0.,-1.224646799147E-16));
#1216 = ORIENTED_EDGE('',*,*,#1202,.F.);
#1217 = ORIENTED_EDGE('',*,*,#1218,.T.);
#1218 = EDGE_CURVE('',#1194,#1128,#1219,.T.);
#1219 = CIRCLE('',#1220,40.);
#1220 = AXIS2_PLACEMENT_3D('',#1221,#1222,#1223);
#1221 = CARTESIAN_POINT('',(2.32682891838E-15,0.,-19.));
#1222 = DIRECTION('',(-1.224646799147E-16,-0.,1.));
#1223 = DIRECTION('',(-1.,0.,-1.224646799147E-16));
#1224 = ORIENTED_EDGE('',*,*,#1136,.T.);
#1225 = ORIENTED_EDGE('',*,*,#835,.F.);
#1226 = ORIENTED_EDGE('',*,*,#930,.F.);
#1227 = ORIENTED_EDGE('',*,*,#1228,.T.);
#1228 = EDGE_CURVE('',#931,#939,#1229,.T.);
#1229 = CIRCLE('',#1230,40.);
#1230 = AXIS2_PLACEMENT_3D('',#1231,#1232,#1233);
#1231 = CARTESIAN_POINT('',(2.32682891838E-15,0.,-19.));
#1232 = DIRECTION('',(-1.224646799147E-16,-0.,1.));
#1233 = DIRECTION('',(-1.,0.,-1.224646799147E-16));
#1234 = ORIENTED_EDGE('',*,*,#947,.T.);
#1235 = ORIENTED_EDGE('',*,*,#862,.F.);
#1236 = ORIENTED_EDGE('',*,*,#971,.F.);
#1237 = ORIENTED_EDGE('',*,*,#1238,.T.);
#1238 = EDGE_CURVE('',#972,#980,#1239,.T.);
#1239 = CIRCLE('',#1240,40.);
#1240 = AXIS2_PLACEMENT_3D('',#1241,#1242,#1243);
#1241 = CARTESIAN_POINT('',(2.32682891838E-15,0.,-19.));
#1242 = DIRECTION('',(-1.224646799147E-16,-0.,1.));
#1243 = DIRECTION('',(-1.,0.,-1.224646799147E-16));
#1244 = ORIENTED_EDGE('',*,*,#988,.T.);
#1245 = ORIENTED_EDGE('',*,*,#889,.F.);
#1246 = ORIENTED_EDGE('',*,*,#1160,.F.);
#1247 = ORIENTED_EDGE('',*,*,#1248,.T.);
#1248 = EDGE_CURVE('',#1161,#1169,#1249,.T.);
#1249 = CIRCLE('',#1250,40.);
#1250 = AXIS2_PLACEMENT_3D('',#1251,#1252,#1253);
#1251 = CARTESIAN_POINT('',(2.32682891838E-15,0.,-19.));
#1252 = DIRECTION('',(-1.224646799147E-16,-0.,1.));
#1253 = DIRECTION('',(-1.,0.,-1.224646799147E-16));
#1254 = ORIENTED_EDGE('',*,*,#1177,.T.);
#1255 = ORIENTED_EDGE('',*,*,#806,.F.);
#1256 = ORIENTED_EDGE('',*,*,#1119,.F.);
#1257 = CYLINDRICAL_SURFACE('',#1258,40.);
#1258 = AXIS2_PLACEMENT_3D('',#1259,#1260,#1261);
#1259 = CARTESIAN_POINT('',(2.204364238465E-15,0.,-18.));
#1260 = DIRECTION('',(-1.224646799147E-16,-0.,1.));
#1261 = DIRECTION('',(-1.,0.,-1.224646799147E-16));
#1262 = ADVANCED_FACE('',(#1263),#1267,.F.);
#1263 = FACE_BOUND('',#1264,.F.);
#1264 = EDGE_LOOP('',(#1265,#1266));
#1265 = ORIENTED_EDGE('',*,*,#1228,.F.);
#1266 = ORIENTED_EDGE('',*,*,#938,.T.);
#1267 = PLANE('',#1268);
#1268 = AXIS2_PLACEMENT_3D('',#1269,#1270,#1271);
#1269 = CARTESIAN_POINT('',(1.231883614001E-14,-45.,-19.));
#1270 = DIRECTION('',(1.224646799147E-16,0.,-1.));
#1271 = DIRECTION('',(2.22044604925E-16,-1.,2.719262146894E-32));
#1272 = ADVANCED_FACE('',(#1273),#1277,.F.);
#1273 = FACE_BOUND('',#1274,.F.);
#1274 = EDGE_LOOP('',(#1275,#1276));
#1275 = ORIENTED_EDGE('',*,*,#1238,.F.);
#1276 = ORIENTED_EDGE('',*,*,#979,.T.);
#1277 = PLANE('',#1278);
#1278 = AXIS2_PLACEMENT_3D('',#1279,#1280,#1281);
#1279 = CARTESIAN_POINT('',(45.,5.510910596163E-15,-19.));
#1280 = DIRECTION('',(1.224646799147E-16,0.,-1.));
#1281 = DIRECTION('',(1.,1.224646799147E-16,1.224646799147E-16));
#1282 = ADVANCED_FACE('',(#1283,#1286),#1293,.T.);
#1283 = FACE_BOUND('',#1284,.T.);
#1284 = EDGE_LOOP('',(#1285));
#1285 = ORIENTED_EDGE('',*,*,#1210,.T.);
#1286 = FACE_BOUND('',#1287,.T.);
#1287 = EDGE_LOOP('',(#1288,#1289,#1290,#1291,#1292));
#1288 = ORIENTED_EDGE('',*,*,#1022,.T.);
#1289 = ORIENTED_EDGE('',*,*,#1013,.T.);
#1290 = ORIENTED_EDGE('',*,*,#1095,.T.);
#1291 = ORIENTED_EDGE('',*,*,#1080,.F.);
#1292 = ORIENTED_EDGE('',*,*,#1054,.F.);
#1293 = PLANE('',#1294);
#1294 = AXIS2_PLACEMENT_3D('',#1295,#1296,#1297);
#1295 = CARTESIAN_POINT('',(7.715274834628E-15,0.,-63.));
#1296 = DIRECTION('',(1.224646799147E-16,0.,-1.));
#1297 = DIRECTION('',(-1.,0.,-1.224646799147E-16));
#1298 = ADVANCED_FACE('',(#1299),#1304,.F.);
#1299 = FACE_BOUND('',#1300,.F.);
#1300 = EDGE_LOOP('',(#1301,#1302,#1303));
#1301 = ORIENTED_EDGE('',*,*,#1193,.F.);
#1302 = ORIENTED_EDGE('',*,*,#1127,.T.);
#1303 = ORIENTED_EDGE('',*,*,#1218,.F.);
#1304 = PLANE('',#1305);
#1305 = AXIS2_PLACEMENT_3D('',#1306,#1307,#1308);
#1306 = CARTESIAN_POINT('',(-45.,0.,-19.));
#1307 = DIRECTION('',(1.224646799147E-16,0.,-1.));
#1308 = DIRECTION('',(-1.,0.,-1.224646799147E-16));
#1309 = ADVANCED_FACE('',(#1310),#1314,.F.);
#1310 = FACE_BOUND('',#1311,.F.);
#1311 = EDGE_LOOP('',(#1312,#1313));
#1312 = ORIENTED_EDGE('',*,*,#1248,.F.);
#1313 = ORIENTED_EDGE('',*,*,#1168,.T.);
#1314 = PLANE('',#1315);
#1315 = AXIS2_PLACEMENT_3D('',#1316,#1317,#1318);
#1316 = CARTESIAN_POINT('',(-7.665178303246E-15,45.,-19.));
#1317 = DIRECTION('',(1.224646799147E-16,0.,-1.));
#1318 = DIRECTION('',(-2.22044604925E-16,1.,-2.719262146894E-32));
#1319 = MANIFOLD_SOLID_BREP('',#1320);
#1320 = CLOSED_SHELL('',(#1321,#1361,#1392,#1423,#1456,#1500,#1517,#1534
    ,#1546,#1571));
#1321 = ADVANCED_FACE('',(#1322),#1356,.F.);
#1322 = FACE_BOUND('',#1323,.F.);
#1323 = EDGE_LOOP('',(#1324,#1334,#1342,#1350));
#1324 = ORIENTED_EDGE('',*,*,#1325,.T.);
#1325 = EDGE_CURVE('',#1326,#1328,#1330,.T.);
#1326 = VERTEX_POINT('',#1327);
#1327 = CARTESIAN_POINT('',(53.5,-4.907477288112,24.4));
#1328 = VERTEX_POINT('',#1329);
#1329 = CARTESIAN_POINT('',(53.5,-4.907477288112,18.));
#1330 = LINE('',#1331,#1332);
#1331 = CARTESIAN_POINT('',(53.5,-4.907477288112,24.4));
#1332 = VECTOR('',#1333,1.);
#1333 = DIRECTION('',(5.029927092121E-17,-2.449293598295E-16,-1.));
#1334 = ORIENTED_EDGE('',*,*,#1335,.T.);
#1335 = EDGE_CURVE('',#1328,#1336,#1338,.T.);
#1336 = VERTEX_POINT('',#1337);
#1337 = CARTESIAN_POINT('',(45.,-9.814954576224,18.));
#1338 = LINE('',#1339,#1340);
#1339 = CARTESIAN_POINT('',(53.5,-4.907477288112,18.));
#1340 = VECTOR('',#1341,1.);
#1341 = DIRECTION('',(-0.866025403784,-0.5,7.890423350513E-17));
#1342 = ORIENTED_EDGE('',*,*,#1343,.F.);
#1343 = EDGE_CURVE('',#1344,#1336,#1346,.T.);
#1344 = VERTEX_POINT('',#1345);
#1345 = CARTESIAN_POINT('',(45.,-9.814954576224,24.4));
#1346 = LINE('',#1347,#1348);
#1347 = CARTESIAN_POINT('',(45.,-9.814954576224,24.4));
#1348 = VECTOR('',#1349,1.);
#1349 = DIRECTION('',(5.029927092121E-17,-2.449293598295E-16,-1.));
#1350 = ORIENTED_EDGE('',*,*,#1351,.F.);
#1351 = EDGE_CURVE('',#1326,#1344,#1352,.T.);
#1352 = LINE('',#1353,#1354);
#1353 = CARTESIAN_POINT('',(53.5,-4.907477288112,24.4));
#1354 = VECTOR('',#1355,1.);
#1355 = DIRECTION('',(-0.866025403784,-0.5,7.890423350513E-17));
#1356 = PLANE('',#1357);
#1357 = AXIS2_PLACEMENT_3D('',#1358,#1359,#1360);
#1358 = CARTESIAN_POINT('',(53.5,-4.907477288112,24.4));
#1359 = DIRECTION('',(-0.5,0.866025403784,-2.372646832056E-16));
#1360 = DIRECTION('',(-0.866025403784,-0.5,7.890423350513E-17));
#1361 = ADVANCED_FACE('',(#1362),#1387,.F.);
#1362 = FACE_BOUND('',#1363,.F.);
#1363 = EDGE_LOOP('',(#1364,#1374,#1380,#1381));
#1364 = ORIENTED_EDGE('',*,*,#1365,.T.);
#1365 = EDGE_CURVE('',#1366,#1368,#1370,.T.);
#1366 = VERTEX_POINT('',#1367);
#1367 = CARTESIAN_POINT('',(53.5,4.907477288112,24.4));
#1368 = VERTEX_POINT('',#1369);
#1369 = CARTESIAN_POINT('',(53.5,4.907477288112,18.));
#1370 = LINE('',#1371,#1372);
#1371 = CARTESIAN_POINT('',(53.5,4.907477288112,24.4));
#1372 = VECTOR('',#1373,1.);
#1373 = DIRECTION('',(5.029927092121E-17,-2.449293598295E-16,-1.));
#1374 = ORIENTED_EDGE('',*,*,#1375,.T.);
#1375 = EDGE_CURVE('',#1368,#1328,#1376,.T.);
#1376 = LINE('',#1377,#1378);
#1377 = CARTESIAN_POINT('',(53.5,4.907477288112,18.));
#1378 = VECTOR('',#1379,1.);
#1379 = DIRECTION('',(3.619694468487E-16,-1.,2.449293598295E-16));
#1380 = ORIENTED_EDGE('',*,*,#1325,.F.);
#1381 = ORIENTED_EDGE('',*,*,#1382,.F.);
#1382 = EDGE_CURVE('',#1366,#1326,#1383,.T.);
#1383 = LINE('',#1384,#1385);
#1384 = CARTESIAN_POINT('',(53.5,4.907477288112,24.4));
#1385 = VECTOR('',#1386,1.);
#1386 = DIRECTION('',(3.619694468487E-16,-1.,2.449293598295E-16));
#1387 = PLANE('',#1388);
#1388 = AXIS2_PLACEMENT_3D('',#1389,#1390,#1391);
#1389 = CARTESIAN_POINT('',(53.5,4.907477288112,24.4));
#1390 = DIRECTION('',(-1.,-3.619694468487E-16,-5.029927092121E-17));
#1391 = DIRECTION('',(3.619694468487E-16,-1.,2.449293598295E-16));
#1392 = ADVANCED_FACE('',(#1393),#1418,.F.);
#1393 = FACE_BOUND('',#1394,.F.);
#1394 = EDGE_LOOP('',(#1395,#1396,#1404,#1412));
#1395 = ORIENTED_EDGE('',*,*,#1343,.T.);
#1396 = ORIENTED_EDGE('',*,*,#1397,.T.);
#1397 = EDGE_CURVE('',#1336,#1398,#1400,.T.);
#1398 = VERTEX_POINT('',#1399);
#1399 = CARTESIAN_POINT('',(36.5,-4.907477288112,18.));
#1400 = LINE('',#1401,#1402);
#1401 = CARTESIAN_POINT('',(45.,-9.814954576224,18.));
#1402 = VECTOR('',#1403,1.);
#1403 = DIRECTION('',(-0.866025403784,0.5,-1.660251263243E-16));
#1404 = ORIENTED_EDGE('',*,*,#1405,.F.);
#1405 = EDGE_CURVE('',#1406,#1398,#1408,.T.);
#1406 = VERTEX_POINT('',#1407);
#1407 = CARTESIAN_POINT('',(36.5,-4.907477288112,24.4));
#1408 = LINE('',#1409,#1410);
#1409 = CARTESIAN_POINT('',(36.5,-4.907477288112,24.4));
#1410 = VECTOR('',#1411,1.);
#1411 = DIRECTION('',(5.029927092121E-17,-2.449293598295E-16,-1.));
#1412 = ORIENTED_EDGE('',*,*,#1413,.F.);
#1413 = EDGE_CURVE('',#1344,#1406,#1414,.T.);
#1414 = LINE('',#1415,#1416);
#1415 = CARTESIAN_POINT('',(45.,-9.814954576224,24.4));
#1416 = VECTOR('',#1417,1.);
#1417 = DIRECTION('',(-0.866025403784,0.5,-1.660251263243E-16));
#1418 = PLANE('',#1419);
#1419 = AXIS2_PLACEMENT_3D('',#1420,#1421,#1422);
#1420 = CARTESIAN_POINT('',(45.,-9.814954576224,24.4));
#1421 = DIRECTION('',(0.5,0.866025403784,-1.869654122844E-16));
#1422 = DIRECTION('',(-0.866025403784,0.5,-1.660251263243E-16));
#1423 = ADVANCED_FACE('',(#1424),#1451,.F.);
#1424 = FACE_BOUND('',#1425,.F.);
#1425 = EDGE_LOOP('',(#1426,#1427,#1428,#1436,#1444,#1450));
#1426 = ORIENTED_EDGE('',*,*,#1351,.T.);
#1427 = ORIENTED_EDGE('',*,*,#1413,.T.);
#1428 = ORIENTED_EDGE('',*,*,#1429,.T.);
#1429 = EDGE_CURVE('',#1406,#1430,#1432,.T.);
#1430 = VERTEX_POINT('',#1431);
#1431 = CARTESIAN_POINT('',(36.5,4.907477288112,24.4));
#1432 = LINE('',#1433,#1434);
#1433 = CARTESIAN_POINT('',(36.5,-4.907477288112,24.4));
#1434 = VECTOR('',#1435,1.);
#1435 = DIRECTION('',(6.159884113311E-33,1.,-2.449293598295E-16));
#1436 = ORIENTED_EDGE('',*,*,#1437,.T.);
#1437 = EDGE_CURVE('',#1430,#1438,#1440,.T.);
#1438 = VERTEX_POINT('',#1439);
#1439 = CARTESIAN_POINT('',(45.,9.814954576224,24.4));
#1440 = LINE('',#1441,#1442);
#1441 = CARTESIAN_POINT('',(36.5,4.907477288112,24.4));
#1442 = VECTOR('',#1443,1.);
#1443 = DIRECTION('',(0.866025403784,0.5,-7.890423350513E-17));
#1444 = ORIENTED_EDGE('',*,*,#1445,.T.);
#1445 = EDGE_CURVE('',#1438,#1366,#1446,.T.);
#1446 = LINE('',#1447,#1448);
#1447 = CARTESIAN_POINT('',(45.,9.814954576224,24.4));
#1448 = VECTOR('',#1449,1.);
#1449 = DIRECTION('',(0.866025403784,-0.5,1.660251263243E-16));
#1450 = ORIENTED_EDGE('',*,*,#1382,.T.);
#1451 = PLANE('',#1452);
#1452 = AXIS2_PLACEMENT_3D('',#1453,#1454,#1455);
#1453 = CARTESIAN_POINT('',(45.,6.636106525559E-16,24.4));
#1454 = DIRECTION('',(5.029927092121E-17,-2.449293598295E-16,-1.));
#1455 = DIRECTION('',(1.,6.159884113311E-33,5.029927092121E-17));
#1456 = ADVANCED_FACE('',(#1457,#1484),#1495,.T.);
#1457 = FACE_BOUND('',#1458,.T.);
#1458 = EDGE_LOOP('',(#1459,#1460,#1461,#1469,#1477,#1483));
#1459 = ORIENTED_EDGE('',*,*,#1335,.T.);
#1460 = ORIENTED_EDGE('',*,*,#1397,.T.);
#1461 = ORIENTED_EDGE('',*,*,#1462,.T.);
#1462 = EDGE_CURVE('',#1398,#1463,#1465,.T.);
#1463 = VERTEX_POINT('',#1464);
#1464 = CARTESIAN_POINT('',(36.5,4.907477288112,18.));
#1465 = LINE('',#1466,#1467);
#1466 = CARTESIAN_POINT('',(36.5,-4.907477288112,18.));
#1467 = VECTOR('',#1468,1.);
#1468 = DIRECTION('',(6.159884113311E-33,1.,-2.449293598295E-16));
#1469 = ORIENTED_EDGE('',*,*,#1470,.T.);
#1470 = EDGE_CURVE('',#1463,#1471,#1473,.T.);
#1471 = VERTEX_POINT('',#1472);
#1472 = CARTESIAN_POINT('',(45.,9.814954576224,18.));
#1473 = LINE('',#1474,#1475);
#1474 = CARTESIAN_POINT('',(36.5,4.907477288112,18.));
#1475 = VECTOR('',#1476,1.);
#1476 = DIRECTION('',(0.866025403784,0.5,-7.890423350513E-17));
#1477 = ORIENTED_EDGE('',*,*,#1478,.T.);
#1478 = EDGE_CURVE('',#1471,#1368,#1479,.T.);
#1479 = LINE('',#1480,#1481);
#1480 = CARTESIAN_POINT('',(45.,9.814954576224,18.));
#1481 = VECTOR('',#1482,1.);
#1482 = DIRECTION('',(0.866025403784,-0.5,1.660251263243E-16));
#1483 = ORIENTED_EDGE('',*,*,#1375,.T.);
#1484 = FACE_BOUND('',#1485,.T.);
#1485 = EDGE_LOOP('',(#1486));
#1486 = ORIENTED_EDGE('',*,*,#1487,.F.);
#1487 = EDGE_CURVE('',#1488,#1488,#1490,.T.);
#1488 = VERTEX_POINT('',#1489);
#1489 = CARTESIAN_POINT('',(50.,-3.429011037613E-16,18.));
#1490 = CIRCLE('',#1491,5.);
#1491 = AXIS2_PLACEMENT_3D('',#1492,#1493,#1494);
#1492 = CARTESIAN_POINT('',(45.,-1.567547902909E-15,18.));
#1493 = DIRECTION('',(5.029927092121E-17,-2.449293598295E-16,-1.));
#1494 = DIRECTION('',(1.,6.159884113311E-33,5.029927092121E-17));
#1495 = PLANE('',#1496);
#1496 = AXIS2_PLACEMENT_3D('',#1497,#1498,#1499);
#1497 = CARTESIAN_POINT('',(45.,-9.039372503527E-16,18.));
#1498 = DIRECTION('',(5.029927092121E-17,-2.449293598295E-16,-1.));
#1499 = DIRECTION('',(1.,6.159884113311E-33,5.029927092121E-17));
#1500 = ADVANCED_FACE('',(#1501),#1512,.F.);
#1501 = FACE_BOUND('',#1502,.F.);
#1502 = EDGE_LOOP('',(#1503,#1509,#1510,#1511));
#1503 = ORIENTED_EDGE('',*,*,#1504,.T.);
#1504 = EDGE_CURVE('',#1438,#1471,#1505,.T.);
#1505 = LINE('',#1506,#1507);
#1506 = CARTESIAN_POINT('',(45.,9.814954576224,24.4));
#1507 = VECTOR('',#1508,1.);
#1508 = DIRECTION('',(5.029927092121E-17,-2.449293598295E-16,-1.));
#1509 = ORIENTED_EDGE('',*,*,#1478,.T.);
#1510 = ORIENTED_EDGE('',*,*,#1365,.F.);
#1511 = ORIENTED_EDGE('',*,*,#1445,.F.);
#1512 = PLANE('',#1513);
#1513 = AXIS2_PLACEMENT_3D('',#1514,#1515,#1516);
#1514 = CARTESIAN_POINT('',(45.,9.814954576224,24.4));
#1515 = DIRECTION('',(-0.5,-0.866025403784,1.869654122844E-16));
#1516 = DIRECTION('',(0.866025403784,-0.5,1.660251263243E-16));
#1517 = ADVANCED_FACE('',(#1518),#1529,.F.);
#1518 = FACE_BOUND('',#1519,.F.);
#1519 = EDGE_LOOP('',(#1520,#1521,#1522,#1528));
#1520 = ORIENTED_EDGE('',*,*,#1405,.T.);
#1521 = ORIENTED_EDGE('',*,*,#1462,.T.);
#1522 = ORIENTED_EDGE('',*,*,#1523,.F.);
#1523 = EDGE_CURVE('',#1430,#1463,#1524,.T.);
#1524 = LINE('',#1525,#1526);
#1525 = CARTESIAN_POINT('',(36.5,4.907477288112,24.4));
#1526 = VECTOR('',#1527,1.);
#1527 = DIRECTION('',(5.029927092121E-17,-2.449293598295E-16,-1.));
#1528 = ORIENTED_EDGE('',*,*,#1429,.F.);
#1529 = PLANE('',#1530);
#1530 = AXIS2_PLACEMENT_3D('',#1531,#1532,#1533);
#1531 = CARTESIAN_POINT('',(36.5,-4.907477288112,24.4));
#1532 = DIRECTION('',(1.,6.159884113311E-33,5.029927092121E-17));
#1533 = DIRECTION('',(6.159884113311E-33,1.,-2.449293598295E-16));
#1534 = ADVANCED_FACE('',(#1535),#1541,.F.);
#1535 = FACE_BOUND('',#1536,.F.);
#1536 = EDGE_LOOP('',(#1537,#1538,#1539,#1540));
#1537 = ORIENTED_EDGE('',*,*,#1523,.T.);
#1538 = ORIENTED_EDGE('',*,*,#1470,.T.);
#1539 = ORIENTED_EDGE('',*,*,#1504,.F.);
#1540 = ORIENTED_EDGE('',*,*,#1437,.F.);
#1541 = PLANE('',#1542);
#1542 = AXIS2_PLACEMENT_3D('',#1543,#1544,#1545);
#1543 = CARTESIAN_POINT('',(36.5,4.907477288112,24.4));
#1544 = DIRECTION('',(0.5,-0.866025403784,2.372646832056E-16));
#1545 = DIRECTION('',(0.866025403784,0.5,-7.890423350513E-17));
#1546 = ADVANCED_FACE('',(#1547),#1566,.T.);
#1547 = FACE_BOUND('',#1548,.T.);
#1548 = EDGE_LOOP('',(#1549,#1558,#1564,#1565));
#1549 = ORIENTED_EDGE('',*,*,#1550,.F.);
#1550 = EDGE_CURVE('',#1551,#1551,#1553,.T.);
#1551 = VERTEX_POINT('',#1552);
#1552 = CARTESIAN_POINT('',(50.,-1.258936909523E-14,-32.));
#1553 = CIRCLE('',#1554,5.);
#1554 = AXIS2_PLACEMENT_3D('',#1555,#1556,#1557);
#1555 = CARTESIAN_POINT('',(45.,-1.381401589438E-14,-32.));
#1556 = DIRECTION('',(5.029927092121E-17,-2.449293598295E-16,-1.));
#1557 = DIRECTION('',(1.,6.159884113311E-33,5.029927092121E-17));
#1558 = ORIENTED_EDGE('',*,*,#1559,.F.);
#1559 = EDGE_CURVE('',#1488,#1551,#1560,.T.);
#1560 = LINE('',#1561,#1562);
#1561 = CARTESIAN_POINT('',(50.,-3.429011037613E-16,18.));
#1562 = VECTOR('',#1563,1.);
#1563 = DIRECTION('',(5.029927092121E-17,-2.449293598295E-16,-1.));
#1564 = ORIENTED_EDGE('',*,*,#1487,.T.);
#1565 = ORIENTED_EDGE('',*,*,#1559,.T.);
#1566 = CYLINDRICAL_SURFACE('',#1567,5.);
#1567 = AXIS2_PLACEMENT_3D('',#1568,#1569,#1570);
#1568 = CARTESIAN_POINT('',(45.,-1.567547902909E-15,18.));
#1569 = DIRECTION('',(5.029927092121E-17,-2.449293598295E-16,-1.));
#1570 = DIRECTION('',(1.,6.159884113311E-33,5.029927092121E-17));
#1571 = ADVANCED_FACE('',(#1572),#1575,.T.);
#1572 = FACE_BOUND('',#1573,.T.);
#1573 = EDGE_LOOP('',(#1574));
#1574 = ORIENTED_EDGE('',*,*,#1550,.T.);
#1575 = PLANE('',#1576);
#1576 = AXIS2_PLACEMENT_3D('',#1577,#1578,#1579);
#1577 = CARTESIAN_POINT('',(45.,-1.381401589438E-14,-32.));
#1578 = DIRECTION('',(5.029927092121E-17,-2.449293598295E-16,-1.));
#1579 = DIRECTION('',(1.,6.159884113311E-33,5.029927092121E-17));
#1580 = MANIFOLD_SOLID_BREP('',#1581);
#1581 = CLOSED_SHELL('',(#1582,#1622,#1653,#1684,#1717,#1761,#1778,#1795
    ,#1807,#1832));
#1582 = ADVANCED_FACE('',(#1583),#1617,.F.);
#1583 = FACE_BOUND('',#1584,.F.);
#1584 = EDGE_LOOP('',(#1585,#1595,#1603,#1611));
#1585 = ORIENTED_EDGE('',*,*,#1586,.T.);
#1586 = EDGE_CURVE('',#1587,#1589,#1591,.T.);
#1587 = VERTEX_POINT('',#1588);
#1588 = CARTESIAN_POINT('',(4.907477288112,53.5,24.4));
#1589 = VERTEX_POINT('',#1590);
#1590 = CARTESIAN_POINT('',(4.907477288112,53.5,18.));
#1591 = LINE('',#1592,#1593);
#1592 = CARTESIAN_POINT('',(4.907477288112,53.5,24.4));
#1593 = VECTOR('',#1594,1.);
#1594 = DIRECTION('',(2.449293598295E-16,5.029927092121E-17,-1.));
#1595 = ORIENTED_EDGE('',*,*,#1596,.T.);
#1596 = EDGE_CURVE('',#1589,#1597,#1599,.T.);
#1597 = VERTEX_POINT('',#1598);
#1598 = CARTESIAN_POINT('',(9.814954576224,45.,18.));
#1599 = LINE('',#1600,#1601);
#1600 = CARTESIAN_POINT('',(4.907477288112,53.5,18.));
#1601 = VECTOR('',#1602,1.);
#1602 = DIRECTION('',(0.5,-0.866025403784,7.890423350513E-17));
#1603 = ORIENTED_EDGE('',*,*,#1604,.F.);
#1604 = EDGE_CURVE('',#1605,#1597,#1607,.T.);
#1605 = VERTEX_POINT('',#1606);
#1606 = CARTESIAN_POINT('',(9.814954576224,45.,24.4));
#1607 = LINE('',#1608,#1609);
#1608 = CARTESIAN_POINT('',(9.814954576224,45.,24.4));
#1609 = VECTOR('',#1610,1.);
#1610 = DIRECTION('',(2.449293598295E-16,5.029927092121E-17,-1.));
#1611 = ORIENTED_EDGE('',*,*,#1612,.F.);
#1612 = EDGE_CURVE('',#1587,#1605,#1613,.T.);
#1613 = LINE('',#1614,#1615);
#1614 = CARTESIAN_POINT('',(4.907477288112,53.5,24.4));
#1615 = VECTOR('',#1616,1.);
#1616 = DIRECTION('',(0.5,-0.866025403784,7.890423350513E-17));
#1617 = PLANE('',#1618);
#1618 = AXIS2_PLACEMENT_3D('',#1619,#1620,#1621);
#1619 = CARTESIAN_POINT('',(4.907477288112,53.5,24.4));
#1620 = DIRECTION('',(-0.866025403784,-0.5,-2.372646832056E-16));
#1621 = DIRECTION('',(0.5,-0.866025403784,7.890423350513E-17));
#1622 = ADVANCED_FACE('',(#1623),#1648,.F.);
#1623 = FACE_BOUND('',#1624,.F.);
#1624 = EDGE_LOOP('',(#1625,#1635,#1641,#1642));
#1625 = ORIENTED_EDGE('',*,*,#1626,.T.);
#1626 = EDGE_CURVE('',#1627,#1629,#1631,.T.);
#1627 = VERTEX_POINT('',#1628);
#1628 = CARTESIAN_POINT('',(-4.907477288112,53.5,24.4));
#1629 = VERTEX_POINT('',#1630);
#1630 = CARTESIAN_POINT('',(-4.907477288112,53.5,18.));
#1631 = LINE('',#1632,#1633);
#1632 = CARTESIAN_POINT('',(-4.907477288112,53.5,24.4));
#1633 = VECTOR('',#1634,1.);
#1634 = DIRECTION('',(2.449293598295E-16,5.029927092121E-17,-1.));
#1635 = ORIENTED_EDGE('',*,*,#1636,.T.);
#1636 = EDGE_CURVE('',#1629,#1589,#1637,.T.);
#1637 = LINE('',#1638,#1639);
#1638 = CARTESIAN_POINT('',(-4.907477288112,53.5,18.));
#1639 = VECTOR('',#1640,1.);
#1640 = DIRECTION('',(1.,1.399248419236E-16,2.449293598295E-16));
#1641 = ORIENTED_EDGE('',*,*,#1586,.F.);
#1642 = ORIENTED_EDGE('',*,*,#1643,.F.);
#1643 = EDGE_CURVE('',#1627,#1587,#1644,.T.);
#1644 = LINE('',#1645,#1646);
#1645 = CARTESIAN_POINT('',(-4.907477288112,53.5,24.4));
#1646 = VECTOR('',#1647,1.);
#1647 = DIRECTION('',(1.,1.399248419236E-16,2.449293598295E-16));
#1648 = PLANE('',#1649);
#1649 = AXIS2_PLACEMENT_3D('',#1650,#1651,#1652);
#1650 = CARTESIAN_POINT('',(-4.907477288112,53.5,24.4));
#1651 = DIRECTION('',(1.399248419236E-16,-1.,-5.029927092121E-17));
#1652 = DIRECTION('',(1.,1.399248419236E-16,2.449293598295E-16));
#1653 = ADVANCED_FACE('',(#1654),#1679,.F.);
#1654 = FACE_BOUND('',#1655,.F.);
#1655 = EDGE_LOOP('',(#1656,#1657,#1665,#1673));
#1656 = ORIENTED_EDGE('',*,*,#1604,.T.);
#1657 = ORIENTED_EDGE('',*,*,#1658,.T.);
#1658 = EDGE_CURVE('',#1597,#1659,#1661,.T.);
#1659 = VERTEX_POINT('',#1660);
#1660 = CARTESIAN_POINT('',(4.907477288112,36.5,18.));
#1661 = LINE('',#1662,#1663);
#1662 = CARTESIAN_POINT('',(9.814954576224,45.,18.));
#1663 = VECTOR('',#1664,1.);
#1664 = DIRECTION('',(-0.5,-0.866025403784,-1.660251263243E-16));
#1665 = ORIENTED_EDGE('',*,*,#1666,.F.);
#1666 = EDGE_CURVE('',#1667,#1659,#1669,.T.);
#1667 = VERTEX_POINT('',#1668);
#1668 = CARTESIAN_POINT('',(4.907477288112,36.5,24.4));
#1669 = LINE('',#1670,#1671);
#1670 = CARTESIAN_POINT('',(4.907477288112,36.5,24.4));
#1671 = VECTOR('',#1672,1.);
#1672 = DIRECTION('',(2.449293598295E-16,5.029927092121E-17,-1.));
#1673 = ORIENTED_EDGE('',*,*,#1674,.F.);
#1674 = EDGE_CURVE('',#1605,#1667,#1675,.T.);
#1675 = LINE('',#1676,#1677);
#1676 = CARTESIAN_POINT('',(9.814954576224,45.,24.4));
#1677 = VECTOR('',#1678,1.);
#1678 = DIRECTION('',(-0.5,-0.866025403784,-1.660251263243E-16));
#1679 = PLANE('',#1680);
#1680 = AXIS2_PLACEMENT_3D('',#1681,#1682,#1683);
#1681 = CARTESIAN_POINT('',(9.814954576224,45.,24.4));
#1682 = DIRECTION('',(-0.866025403784,0.5,-1.869654122844E-16));
#1683 = DIRECTION('',(-0.5,-0.866025403784,-1.660251263243E-16));
#1684 = ADVANCED_FACE('',(#1685),#1712,.F.);
#1685 = FACE_BOUND('',#1686,.F.);
#1686 = EDGE_LOOP('',(#1687,#1688,#1689,#1697,#1705,#1711));
#1687 = ORIENTED_EDGE('',*,*,#1612,.T.);
#1688 = ORIENTED_EDGE('',*,*,#1674,.T.);
#1689 = ORIENTED_EDGE('',*,*,#1690,.T.);
#1690 = EDGE_CURVE('',#1667,#1691,#1693,.T.);
#1691 = VERTEX_POINT('',#1692);
#1692 = CARTESIAN_POINT('',(-4.907477288112,36.5,24.4));
#1693 = LINE('',#1694,#1695);
#1694 = CARTESIAN_POINT('',(4.907477288112,36.5,24.4));
#1695 = VECTOR('',#1696,1.);
#1696 = DIRECTION('',(-1.,2.22044604925E-16,-2.449293598295E-16));
#1697 = ORIENTED_EDGE('',*,*,#1698,.T.);
#1698 = EDGE_CURVE('',#1691,#1699,#1701,.T.);
#1699 = VERTEX_POINT('',#1700);
#1700 = CARTESIAN_POINT('',(-9.814954576224,45.,24.4));
#1701 = LINE('',#1702,#1703);
#1702 = CARTESIAN_POINT('',(-4.907477288112,36.5,24.4));
#1703 = VECTOR('',#1704,1.);
#1704 = DIRECTION('',(-0.5,0.866025403784,-7.890423350513E-17));
#1705 = ORIENTED_EDGE('',*,*,#1706,.T.);
#1706 = EDGE_CURVE('',#1699,#1627,#1707,.T.);
#1707 = LINE('',#1708,#1709);
#1708 = CARTESIAN_POINT('',(-9.814954576224,45.,24.4));
#1709 = VECTOR('',#1710,1.);
#1710 = DIRECTION('',(0.5,0.866025403784,1.660251263243E-16));
#1711 = ORIENTED_EDGE('',*,*,#1643,.T.);
#1712 = PLANE('',#1713);
#1713 = AXIS2_PLACEMENT_3D('',#1714,#1715,#1716);
#1714 = CARTESIAN_POINT('',(9.328396569071E-15,45.,24.4));
#1715 = DIRECTION('',(2.449293598295E-16,5.029927092121E-17,-1.));
#1716 = DIRECTION('',(2.22044604925E-16,1.,5.029927092121E-17));
#1717 = ADVANCED_FACE('',(#1718,#1745),#1756,.T.);
#1718 = FACE_BOUND('',#1719,.T.);
#1719 = EDGE_LOOP('',(#1720,#1721,#1722,#1730,#1738,#1744));
#1720 = ORIENTED_EDGE('',*,*,#1596,.T.);
#1721 = ORIENTED_EDGE('',*,*,#1658,.T.);
#1722 = ORIENTED_EDGE('',*,*,#1723,.T.);
#1723 = EDGE_CURVE('',#1659,#1724,#1726,.T.);
#1724 = VERTEX_POINT('',#1725);
#1725 = CARTESIAN_POINT('',(-4.907477288112,36.5,18.));
#1726 = LINE('',#1727,#1728);
#1727 = CARTESIAN_POINT('',(4.907477288112,36.5,18.));
#1728 = VECTOR('',#1729,1.);
#1729 = DIRECTION('',(-1.,2.22044604925E-16,-2.449293598295E-16));
#1730 = ORIENTED_EDGE('',*,*,#1731,.T.);
#1731 = EDGE_CURVE('',#1724,#1732,#1734,.T.);
#1732 = VERTEX_POINT('',#1733);
#1733 = CARTESIAN_POINT('',(-9.814954576224,45.,18.));
#1734 = LINE('',#1735,#1736);
#1735 = CARTESIAN_POINT('',(-4.907477288112,36.5,18.));
#1736 = VECTOR('',#1737,1.);
#1737 = DIRECTION('',(-0.5,0.866025403784,-7.890423350513E-17));
#1738 = ORIENTED_EDGE('',*,*,#1739,.T.);
#1739 = EDGE_CURVE('',#1732,#1629,#1740,.T.);
#1740 = LINE('',#1741,#1742);
#1741 = CARTESIAN_POINT('',(-9.814954576224,45.,18.));
#1742 = VECTOR('',#1743,1.);
#1743 = DIRECTION('',(0.5,0.866025403784,1.660251263243E-16));
#1744 = ORIENTED_EDGE('',*,*,#1636,.T.);
#1745 = FACE_BOUND('',#1746,.T.);
#1746 = EDGE_LOOP('',(#1747));
#1747 = ORIENTED_EDGE('',*,*,#1748,.F.);
#1748 = EDGE_CURVE('',#1749,#1749,#1751,.T.);
#1749 = VERTEX_POINT('',#1750);
#1750 = CARTESIAN_POINT('',(1.144513135001E-14,50.,18.));
#1751 = CIRCLE('',#1752,5.);
#1752 = AXIS2_PLACEMENT_3D('',#1753,#1754,#1755);
#1753 = CARTESIAN_POINT('',(1.155955512454E-14,45.,18.));
#1754 = DIRECTION('',(2.449293598295E-16,5.029927092121E-17,-1.));
#1755 = DIRECTION('',(2.22044604925E-16,1.,5.029927092121E-17));
#1756 = PLANE('',#1757);
#1757 = AXIS2_PLACEMENT_3D('',#1758,#1759,#1760);
#1758 = CARTESIAN_POINT('',(1.089594447198E-14,45.,18.));
#1759 = DIRECTION('',(2.449293598295E-16,5.029927092121E-17,-1.));
#1760 = DIRECTION('',(2.22044604925E-16,1.,5.029927092121E-17));
#1761 = ADVANCED_FACE('',(#1762),#1773,.F.);
#1762 = FACE_BOUND('',#1763,.F.);
#1763 = EDGE_LOOP('',(#1764,#1770,#1771,#1772));
#1764 = ORIENTED_EDGE('',*,*,#1765,.T.);
#1765 = EDGE_CURVE('',#1699,#1732,#1766,.T.);
#1766 = LINE('',#1767,#1768);
#1767 = CARTESIAN_POINT('',(-9.814954576224,45.,24.4));
#1768 = VECTOR('',#1769,1.);
#1769 = DIRECTION('',(2.449293598295E-16,5.029927092121E-17,-1.));
#1770 = ORIENTED_EDGE('',*,*,#1739,.T.);
#1771 = ORIENTED_EDGE('',*,*,#1626,.F.);
#1772 = ORIENTED_EDGE('',*,*,#1706,.F.);
#1773 = PLANE('',#1774);
#1774 = AXIS2_PLACEMENT_3D('',#1775,#1776,#1777);
#1775 = CARTESIAN_POINT('',(-9.814954576224,45.,24.4));
#1776 = DIRECTION('',(0.866025403784,-0.5,1.869654122844E-16));
#1777 = DIRECTION('',(0.5,0.866025403784,1.660251263243E-16));
#1778 = ADVANCED_FACE('',(#1779),#1790,.F.);
#1779 = FACE_BOUND('',#1780,.F.);
#1780 = EDGE_LOOP('',(#1781,#1782,#1783,#1789));
#1781 = ORIENTED_EDGE('',*,*,#1666,.T.);
#1782 = ORIENTED_EDGE('',*,*,#1723,.T.);
#1783 = ORIENTED_EDGE('',*,*,#1784,.F.);
#1784 = EDGE_CURVE('',#1691,#1724,#1785,.T.);
#1785 = LINE('',#1786,#1787);
#1786 = CARTESIAN_POINT('',(-4.907477288112,36.5,24.4));
#1787 = VECTOR('',#1788,1.);
#1788 = DIRECTION('',(2.449293598295E-16,5.029927092121E-17,-1.));
#1789 = ORIENTED_EDGE('',*,*,#1690,.F.);
#1790 = PLANE('',#1791);
#1791 = AXIS2_PLACEMENT_3D('',#1792,#1793,#1794);
#1792 = CARTESIAN_POINT('',(4.907477288112,36.5,24.4));
#1793 = DIRECTION('',(2.22044604925E-16,1.,5.029927092121E-17));
#1794 = DIRECTION('',(-1.,2.22044604925E-16,-2.449293598295E-16));
#1795 = ADVANCED_FACE('',(#1796),#1802,.F.);
#1796 = FACE_BOUND('',#1797,.F.);
#1797 = EDGE_LOOP('',(#1798,#1799,#1800,#1801));
#1798 = ORIENTED_EDGE('',*,*,#1784,.T.);
#1799 = ORIENTED_EDGE('',*,*,#1731,.T.);
#1800 = ORIENTED_EDGE('',*,*,#1765,.F.);
#1801 = ORIENTED_EDGE('',*,*,#1698,.F.);
#1802 = PLANE('',#1803);
#1803 = AXIS2_PLACEMENT_3D('',#1804,#1805,#1806);
#1804 = CARTESIAN_POINT('',(-4.907477288112,36.5,24.4));
#1805 = DIRECTION('',(0.866025403784,0.5,2.372646832056E-16));
#1806 = DIRECTION('',(-0.5,0.866025403784,-7.890423350513E-17));
#1807 = ADVANCED_FACE('',(#1808),#1827,.T.);
#1808 = FACE_BOUND('',#1809,.T.);
#1809 = EDGE_LOOP('',(#1810,#1819,#1825,#1826));
#1810 = ORIENTED_EDGE('',*,*,#1811,.F.);
#1811 = EDGE_CURVE('',#1812,#1812,#1814,.T.);
#1812 = VERTEX_POINT('',#1813);
#1813 = CARTESIAN_POINT('',(2.369159934149E-14,50.,-32.));
#1814 = CIRCLE('',#1815,5.);
#1815 = AXIS2_PLACEMENT_3D('',#1816,#1817,#1818);
#1816 = CARTESIAN_POINT('',(2.380602311601E-14,45.,-32.));
#1817 = DIRECTION('',(2.449293598295E-16,5.029927092121E-17,-1.));
#1818 = DIRECTION('',(2.22044604925E-16,1.,5.029927092121E-17));
#1819 = ORIENTED_EDGE('',*,*,#1820,.F.);
#1820 = EDGE_CURVE('',#1749,#1812,#1821,.T.);
#1821 = LINE('',#1822,#1823);
#1822 = CARTESIAN_POINT('',(1.144513135001E-14,50.,18.));
#1823 = VECTOR('',#1824,1.);
#1824 = DIRECTION('',(2.449293598295E-16,5.029927092121E-17,-1.));
#1825 = ORIENTED_EDGE('',*,*,#1748,.T.);
#1826 = ORIENTED_EDGE('',*,*,#1820,.T.);
#1827 = CYLINDRICAL_SURFACE('',#1828,5.);
#1828 = AXIS2_PLACEMENT_3D('',#1829,#1830,#1831);
#1829 = CARTESIAN_POINT('',(1.155955512454E-14,45.,18.));
#1830 = DIRECTION('',(2.449293598295E-16,5.029927092121E-17,-1.));
#1831 = DIRECTION('',(2.22044604925E-16,1.,5.029927092121E-17));
#1832 = ADVANCED_FACE('',(#1833),#1836,.T.);
#1833 = FACE_BOUND('',#1834,.T.);
#1834 = EDGE_LOOP('',(#1835));
#1835 = ORIENTED_EDGE('',*,*,#1811,.T.);
#1836 = PLANE('',#1837);
#1837 = AXIS2_PLACEMENT_3D('',#1838,#1839,#1840);
#1838 = CARTESIAN_POINT('',(2.380602311601E-14,45.,-32.));
#1839 = DIRECTION('',(2.449293598295E-16,5.029927092121E-17,-1.));
#1840 = DIRECTION('',(2.22044604925E-16,1.,5.029927092121E-17));
#1841 = MANIFOLD_SOLID_BREP('',#1842);
#1842 = CLOSED_SHELL('',(#1843,#1883,#1914,#1945,#1978,#2022,#2039,#2056
    ,#2068,#2093));
#1843 = ADVANCED_FACE('',(#1844),#1878,.F.);
#1844 = FACE_BOUND('',#1845,.F.);
#1845 = EDGE_LOOP('',(#1846,#1856,#1864,#1872));
#1846 = ORIENTED_EDGE('',*,*,#1847,.T.);
#1847 = EDGE_CURVE('',#1848,#1850,#1852,.T.);
#1848 = VERTEX_POINT('',#1849);
#1849 = CARTESIAN_POINT('',(-53.5,4.907477288112,24.4));
#1850 = VERTEX_POINT('',#1851);
#1851 = CARTESIAN_POINT('',(-53.5,4.907477288112,18.));
#1852 = LINE('',#1853,#1854);
#1853 = CARTESIAN_POINT('',(-53.5,4.907477288112,24.4));
#1854 = VECTOR('',#1855,1.);
#1855 = DIRECTION('',(-5.029927092121E-17,2.449293598295E-16,-1.));
#1856 = ORIENTED_EDGE('',*,*,#1857,.T.);
#1857 = EDGE_CURVE('',#1850,#1858,#1860,.T.);
#1858 = VERTEX_POINT('',#1859);
#1859 = CARTESIAN_POINT('',(-45.,9.814954576224,18.));
#1860 = LINE('',#1861,#1862);
#1861 = CARTESIAN_POINT('',(-53.5,4.907477288112,18.));
#1862 = VECTOR('',#1863,1.);
#1863 = DIRECTION('',(0.866025403784,0.5,7.890423350513E-17));
#1864 = ORIENTED_EDGE('',*,*,#1865,.F.);
#1865 = EDGE_CURVE('',#1866,#1858,#1868,.T.);
#1866 = VERTEX_POINT('',#1867);
#1867 = CARTESIAN_POINT('',(-45.,9.814954576224,24.4));
#1868 = LINE('',#1869,#1870);
#1869 = CARTESIAN_POINT('',(-45.,9.814954576224,24.4));
#1870 = VECTOR('',#1871,1.);
#1871 = DIRECTION('',(-5.029927092121E-17,2.449293598295E-16,-1.));
#1872 = ORIENTED_EDGE('',*,*,#1873,.F.);
#1873 = EDGE_CURVE('',#1848,#1866,#1874,.T.);
#1874 = LINE('',#1875,#1876);
#1875 = CARTESIAN_POINT('',(-53.5,4.907477288112,24.4));
#1876 = VECTOR('',#1877,1.);
#1877 = DIRECTION('',(0.866025403784,0.5,7.890423350513E-17));
#1878 = PLANE('',#1879);
#1879 = AXIS2_PLACEMENT_3D('',#1880,#1881,#1882);
#1880 = CARTESIAN_POINT('',(-53.5,4.907477288112,24.4));
#1881 = DIRECTION('',(0.5,-0.866025403784,-2.372646832056E-16));
#1882 = DIRECTION('',(0.866025403784,0.5,7.890423350513E-17));
#1883 = ADVANCED_FACE('',(#1884),#1909,.F.);
#1884 = FACE_BOUND('',#1885,.F.);
#1885 = EDGE_LOOP('',(#1886,#1896,#1902,#1903));
#1886 = ORIENTED_EDGE('',*,*,#1887,.T.);
#1887 = EDGE_CURVE('',#1888,#1890,#1892,.T.);
#1888 = VERTEX_POINT('',#1889);
#1889 = CARTESIAN_POINT('',(-53.5,-4.907477288112,24.4));
#1890 = VERTEX_POINT('',#1891);
#1891 = CARTESIAN_POINT('',(-53.5,-4.907477288112,18.));
#1892 = LINE('',#1893,#1894);
#1893 = CARTESIAN_POINT('',(-53.5,-4.907477288112,24.4));
#1894 = VECTOR('',#1895,1.);
#1895 = DIRECTION('',(-5.029927092121E-17,2.449293598295E-16,-1.));
#1896 = ORIENTED_EDGE('',*,*,#1897,.T.);
#1897 = EDGE_CURVE('',#1890,#1850,#1898,.T.);
#1898 = LINE('',#1899,#1900);
#1899 = CARTESIAN_POINT('',(-53.5,-4.907477288112,18.));
#1900 = VECTOR('',#1901,1.);
#1901 = DIRECTION('',(-2.395047669339E-16,1.,2.449293598295E-16));
#1902 = ORIENTED_EDGE('',*,*,#1847,.F.);
#1903 = ORIENTED_EDGE('',*,*,#1904,.F.);
#1904 = EDGE_CURVE('',#1888,#1848,#1905,.T.);
#1905 = LINE('',#1906,#1907);
#1906 = CARTESIAN_POINT('',(-53.5,-4.907477288112,24.4));
#1907 = VECTOR('',#1908,1.);
#1908 = DIRECTION('',(-2.395047669339E-16,1.,2.449293598295E-16));
#1909 = PLANE('',#1910);
#1910 = AXIS2_PLACEMENT_3D('',#1911,#1912,#1913);
#1911 = CARTESIAN_POINT('',(-53.5,-4.907477288112,24.4));
#1912 = DIRECTION('',(1.,2.395047669339E-16,-5.029927092121E-17));
#1913 = DIRECTION('',(-2.395047669339E-16,1.,2.449293598295E-16));
#1914 = ADVANCED_FACE('',(#1915),#1940,.F.);
#1915 = FACE_BOUND('',#1916,.F.);
#1916 = EDGE_LOOP('',(#1917,#1918,#1926,#1934));
#1917 = ORIENTED_EDGE('',*,*,#1865,.T.);
#1918 = ORIENTED_EDGE('',*,*,#1919,.T.);
#1919 = EDGE_CURVE('',#1858,#1920,#1922,.T.);
#1920 = VERTEX_POINT('',#1921);
#1921 = CARTESIAN_POINT('',(-36.5,4.907477288112,18.));
#1922 = LINE('',#1923,#1924);
#1923 = CARTESIAN_POINT('',(-45.,9.814954576224,18.));
#1924 = VECTOR('',#1925,1.);
#1925 = DIRECTION('',(0.866025403784,-0.5,-1.660251263243E-16));
#1926 = ORIENTED_EDGE('',*,*,#1927,.F.);
#1927 = EDGE_CURVE('',#1928,#1920,#1930,.T.);
#1928 = VERTEX_POINT('',#1929);
#1929 = CARTESIAN_POINT('',(-36.5,4.907477288112,24.4));
#1930 = LINE('',#1931,#1932);
#1931 = CARTESIAN_POINT('',(-36.5,4.907477288112,24.4));
#1932 = VECTOR('',#1933,1.);
#1933 = DIRECTION('',(-5.029927092121E-17,2.449293598295E-16,-1.));
#1934 = ORIENTED_EDGE('',*,*,#1935,.F.);
#1935 = EDGE_CURVE('',#1866,#1928,#1936,.T.);
#1936 = LINE('',#1937,#1938);
#1937 = CARTESIAN_POINT('',(-45.,9.814954576224,24.4));
#1938 = VECTOR('',#1939,1.);
#1939 = DIRECTION('',(0.866025403784,-0.5,-1.660251263243E-16));
#1940 = PLANE('',#1941);
#1941 = AXIS2_PLACEMENT_3D('',#1942,#1943,#1944);
#1942 = CARTESIAN_POINT('',(-45.,9.814954576224,24.4));
#1943 = DIRECTION('',(-0.5,-0.866025403784,-1.869654122844E-16));
#1944 = DIRECTION('',(0.866025403784,-0.5,-1.660251263243E-16));
#1945 = ADVANCED_FACE('',(#1946),#1973,.F.);
#1946 = FACE_BOUND('',#1947,.F.);
#1947 = EDGE_LOOP('',(#1948,#1949,#1950,#1958,#1966,#1972));
#1948 = ORIENTED_EDGE('',*,*,#1873,.T.);
#1949 = ORIENTED_EDGE('',*,*,#1935,.T.);
#1950 = ORIENTED_EDGE('',*,*,#1951,.T.);
#1951 = EDGE_CURVE('',#1928,#1952,#1954,.T.);
#1952 = VERTEX_POINT('',#1953);
#1953 = CARTESIAN_POINT('',(-36.5,-4.907477288112,24.4));
#1954 = LINE('',#1955,#1956);
#1955 = CARTESIAN_POINT('',(-36.5,4.907477288112,24.4));
#1956 = VECTOR('',#1957,1.);
#1957 = DIRECTION('',(-1.224646799147E-16,-1.,-2.449293598295E-16));
#1958 = ORIENTED_EDGE('',*,*,#1959,.T.);
#1959 = EDGE_CURVE('',#1952,#1960,#1962,.T.);
#1960 = VERTEX_POINT('',#1961);
#1961 = CARTESIAN_POINT('',(-45.,-9.814954576224,24.4));
#1962 = LINE('',#1963,#1964);
#1963 = CARTESIAN_POINT('',(-36.5,-4.907477288112,24.4));
#1964 = VECTOR('',#1965,1.);
#1965 = DIRECTION('',(-0.866025403784,-0.5,-7.890423350513E-17));
#1966 = ORIENTED_EDGE('',*,*,#1967,.T.);
#1967 = EDGE_CURVE('',#1960,#1888,#1968,.T.);
#1968 = LINE('',#1969,#1970);
#1969 = CARTESIAN_POINT('',(-45.,-9.814954576224,24.4));
#1970 = VECTOR('',#1971,1.);
#1971 = DIRECTION('',(-0.866025403784,0.5,1.660251263243E-16));
#1972 = ORIENTED_EDGE('',*,*,#1904,.T.);
#1973 = PLANE('',#1974);
#1974 = AXIS2_PLACEMENT_3D('',#1975,#1976,#1977);
#1975 = CARTESIAN_POINT('',(-45.,4.847299943607E-15,24.4));
#1976 = DIRECTION('',(-5.029927092121E-17,2.449293598295E-16,-1.));
#1977 = DIRECTION('',(-1.,1.224646799147E-16,5.029927092121E-17));
#1978 = ADVANCED_FACE('',(#1979,#2006),#2017,.T.);
#1979 = FACE_BOUND('',#1980,.T.);
#1980 = EDGE_LOOP('',(#1981,#1982,#1983,#1991,#1999,#2005));
#1981 = ORIENTED_EDGE('',*,*,#1857,.T.);
#1982 = ORIENTED_EDGE('',*,*,#1919,.T.);
#1983 = ORIENTED_EDGE('',*,*,#1984,.T.);
#1984 = EDGE_CURVE('',#1920,#1985,#1987,.T.);
#1985 = VERTEX_POINT('',#1986);
#1986 = CARTESIAN_POINT('',(-36.5,-4.907477288112,18.));
#1987 = LINE('',#1988,#1989);
#1988 = CARTESIAN_POINT('',(-36.5,4.907477288112,18.));
#1989 = VECTOR('',#1990,1.);
#1990 = DIRECTION('',(-1.224646799147E-16,-1.,-2.449293598295E-16));
#1991 = ORIENTED_EDGE('',*,*,#1992,.T.);
#1992 = EDGE_CURVE('',#1985,#1993,#1995,.T.);
#1993 = VERTEX_POINT('',#1994);
#1994 = CARTESIAN_POINT('',(-45.,-9.814954576224,18.));
#1995 = LINE('',#1996,#1997);
#1996 = CARTESIAN_POINT('',(-36.5,-4.907477288112,18.));
#1997 = VECTOR('',#1998,1.);
#1998 = DIRECTION('',(-0.866025403784,-0.5,-7.890423350513E-17));
#1999 = ORIENTED_EDGE('',*,*,#2000,.T.);
#2000 = EDGE_CURVE('',#1993,#1890,#2001,.T.);
#2001 = LINE('',#2002,#2003);
#2002 = CARTESIAN_POINT('',(-45.,-9.814954576224,18.));
#2003 = VECTOR('',#2004,1.);
#2004 = DIRECTION('',(-0.866025403784,0.5,1.660251263243E-16));
#2005 = ORIENTED_EDGE('',*,*,#1897,.T.);
#2006 = FACE_BOUND('',#2007,.T.);
#2007 = EDGE_LOOP('',(#2008));
#2008 = ORIENTED_EDGE('',*,*,#2009,.F.);
#2009 = EDGE_CURVE('',#2010,#2010,#2012,.T.);
#2010 = VERTEX_POINT('',#2011);
#2011 = CARTESIAN_POINT('',(-50.,6.466135099498E-15,18.));
#2012 = CIRCLE('',#2013,5.);
#2013 = AXIS2_PLACEMENT_3D('',#2014,#2015,#2016);
#2014 = CARTESIAN_POINT('',(-45.,7.078458499072E-15,18.));
#2015 = DIRECTION('',(-5.029927092121E-17,2.449293598295E-16,-1.));
#2016 = DIRECTION('',(-1.,1.224646799147E-16,5.029927092121E-17));
#2017 = PLANE('',#2018);
#2018 = AXIS2_PLACEMENT_3D('',#2019,#2020,#2021);
#2019 = CARTESIAN_POINT('',(-45.,6.414847846516E-15,18.));
#2020 = DIRECTION('',(-5.029927092121E-17,2.449293598295E-16,-1.));
#2021 = DIRECTION('',(-1.,1.224646799147E-16,5.029927092121E-17));
#2022 = ADVANCED_FACE('',(#2023),#2034,.F.);
#2023 = FACE_BOUND('',#2024,.F.);
#2024 = EDGE_LOOP('',(#2025,#2031,#2032,#2033));
#2025 = ORIENTED_EDGE('',*,*,#2026,.T.);
#2026 = EDGE_CURVE('',#1960,#1993,#2027,.T.);
#2027 = LINE('',#2028,#2029);
#2028 = CARTESIAN_POINT('',(-45.,-9.814954576224,24.4));
#2029 = VECTOR('',#2030,1.);
#2030 = DIRECTION('',(-5.029927092121E-17,2.449293598295E-16,-1.));
#2031 = ORIENTED_EDGE('',*,*,#2000,.T.);
#2032 = ORIENTED_EDGE('',*,*,#1887,.F.);
#2033 = ORIENTED_EDGE('',*,*,#1967,.F.);
#2034 = PLANE('',#2035);
#2035 = AXIS2_PLACEMENT_3D('',#2036,#2037,#2038);
#2036 = CARTESIAN_POINT('',(-45.,-9.814954576224,24.4));
#2037 = DIRECTION('',(0.5,0.866025403784,1.869654122844E-16));
#2038 = DIRECTION('',(-0.866025403784,0.5,1.660251263243E-16));
#2039 = ADVANCED_FACE('',(#2040),#2051,.F.);
#2040 = FACE_BOUND('',#2041,.F.);
#2041 = EDGE_LOOP('',(#2042,#2043,#2044,#2050));
#2042 = ORIENTED_EDGE('',*,*,#1927,.T.);
#2043 = ORIENTED_EDGE('',*,*,#1984,.T.);
#2044 = ORIENTED_EDGE('',*,*,#2045,.F.);
#2045 = EDGE_CURVE('',#1952,#1985,#2046,.T.);
#2046 = LINE('',#2047,#2048);
#2047 = CARTESIAN_POINT('',(-36.5,-4.907477288112,24.4));
#2048 = VECTOR('',#2049,1.);
#2049 = DIRECTION('',(-5.029927092121E-17,2.449293598295E-16,-1.));
#2050 = ORIENTED_EDGE('',*,*,#1951,.F.);
#2051 = PLANE('',#2052);
#2052 = AXIS2_PLACEMENT_3D('',#2053,#2054,#2055);
#2053 = CARTESIAN_POINT('',(-36.5,4.907477288112,24.4));
#2054 = DIRECTION('',(-1.,1.224646799147E-16,5.029927092121E-17));
#2055 = DIRECTION('',(-1.224646799147E-16,-1.,-2.449293598295E-16));
#2056 = ADVANCED_FACE('',(#2057),#2063,.F.);
#2057 = FACE_BOUND('',#2058,.F.);
#2058 = EDGE_LOOP('',(#2059,#2060,#2061,#2062));
#2059 = ORIENTED_EDGE('',*,*,#2045,.T.);
#2060 = ORIENTED_EDGE('',*,*,#1992,.T.);
#2061 = ORIENTED_EDGE('',*,*,#2026,.F.);
#2062 = ORIENTED_EDGE('',*,*,#1959,.F.);
#2063 = PLANE('',#2064);
#2064 = AXIS2_PLACEMENT_3D('',#2065,#2066,#2067);
#2065 = CARTESIAN_POINT('',(-36.5,-4.907477288112,24.4));
#2066 = DIRECTION('',(-0.5,0.866025403784,2.372646832056E-16));
#2067 = DIRECTION('',(-0.866025403784,-0.5,-7.890423350513E-17));
#2068 = ADVANCED_FACE('',(#2069),#2088,.T.);
#2069 = FACE_BOUND('',#2070,.T.);
#2070 = EDGE_LOOP('',(#2071,#2080,#2086,#2087));
#2071 = ORIENTED_EDGE('',*,*,#2072,.F.);
#2072 = EDGE_CURVE('',#2073,#2073,#2075,.T.);
#2073 = VERTEX_POINT('',#2074);
#2074 = CARTESIAN_POINT('',(-50.,1.871260309097E-14,-32.));
#2075 = CIRCLE('',#2076,5.);
#2076 = AXIS2_PLACEMENT_3D('',#2077,#2078,#2079);
#2077 = CARTESIAN_POINT('',(-45.,1.932492649055E-14,-32.));
#2078 = DIRECTION('',(-5.029927092121E-17,2.449293598295E-16,-1.));
#2079 = DIRECTION('',(-1.,1.224646799147E-16,5.029927092121E-17));
#2080 = ORIENTED_EDGE('',*,*,#2081,.F.);
#2081 = EDGE_CURVE('',#2010,#2073,#2082,.T.);
#2082 = LINE('',#2083,#2084);
#2083 = CARTESIAN_POINT('',(-50.,6.466135099498E-15,18.));
#2084 = VECTOR('',#2085,1.);
#2085 = DIRECTION('',(-5.029927092121E-17,2.449293598295E-16,-1.));
#2086 = ORIENTED_EDGE('',*,*,#2009,.T.);
#2087 = ORIENTED_EDGE('',*,*,#2081,.T.);
#2088 = CYLINDRICAL_SURFACE('',#2089,5.);
#2089 = AXIS2_PLACEMENT_3D('',#2090,#2091,#2092);
#2090 = CARTESIAN_POINT('',(-45.,7.078458499072E-15,18.));
#2091 = DIRECTION('',(-5.029927092121E-17,2.449293598295E-16,-1.));
#2092 = DIRECTION('',(-1.,1.224646799147E-16,5.029927092121E-17));
#2093 = ADVANCED_FACE('',(#2094),#2097,.T.);
#2094 = FACE_BOUND('',#2095,.T.);
#2095 = EDGE_LOOP('',(#2096));
#2096 = ORIENTED_EDGE('',*,*,#2072,.T.);
#2097 = PLANE('',#2098);
#2098 = AXIS2_PLACEMENT_3D('',#2099,#2100,#2101);
#2099 = CARTESIAN_POINT('',(-45.,1.932492649055E-14,-32.));
#2100 = DIRECTION('',(-5.029927092121E-17,2.449293598295E-16,-1.));
#2101 = DIRECTION('',(-1.,1.224646799147E-16,5.029927092121E-17));
#2102 = MANIFOLD_SOLID_BREP('',#2103);
#2103 = CLOSED_SHELL('',(#2104,#2144,#2175,#2206,#2239,#2283,#2300,#2317
    ,#2329,#2354));
#2104 = ADVANCED_FACE('',(#2105),#2139,.F.);
#2105 = FACE_BOUND('',#2106,.F.);
#2106 = EDGE_LOOP('',(#2107,#2117,#2125,#2133));
#2107 = ORIENTED_EDGE('',*,*,#2108,.T.);
#2108 = EDGE_CURVE('',#2109,#2111,#2113,.T.);
#2109 = VERTEX_POINT('',#2110);
#2110 = CARTESIAN_POINT('',(-4.907477288112,-53.5,24.4));
#2111 = VERTEX_POINT('',#2112);
#2112 = CARTESIAN_POINT('',(-4.907477288112,-53.5,18.));
#2113 = LINE('',#2114,#2115);
#2114 = CARTESIAN_POINT('',(-4.907477288112,-53.5,24.4));
#2115 = VECTOR('',#2116,1.);
#2116 = DIRECTION('',(-2.449293598295E-16,-5.029927092121E-17,-1.));
#2117 = ORIENTED_EDGE('',*,*,#2118,.T.);
#2118 = EDGE_CURVE('',#2111,#2119,#2121,.T.);
#2119 = VERTEX_POINT('',#2120);
#2120 = CARTESIAN_POINT('',(-9.814954576224,-45.,18.));
#2121 = LINE('',#2122,#2123);
#2122 = CARTESIAN_POINT('',(-4.907477288112,-53.5,18.));
#2123 = VECTOR('',#2124,1.);
#2124 = DIRECTION('',(-0.5,0.866025403784,7.890423350513E-17));
#2125 = ORIENTED_EDGE('',*,*,#2126,.F.);
#2126 = EDGE_CURVE('',#2127,#2119,#2129,.T.);
#2127 = VERTEX_POINT('',#2128);
#2128 = CARTESIAN_POINT('',(-9.814954576224,-45.,24.4));
#2129 = LINE('',#2130,#2131);
#2130 = CARTESIAN_POINT('',(-9.814954576224,-45.,24.4));
#2131 = VECTOR('',#2132,1.);
#2132 = DIRECTION('',(-2.449293598295E-16,-5.029927092121E-17,-1.));
#2133 = ORIENTED_EDGE('',*,*,#2134,.F.);
#2134 = EDGE_CURVE('',#2109,#2127,#2135,.T.);
#2135 = LINE('',#2136,#2137);
#2136 = CARTESIAN_POINT('',(-4.907477288112,-53.5,24.4));
#2137 = VECTOR('',#2138,1.);
#2138 = DIRECTION('',(-0.5,0.866025403784,7.890423350513E-17));
#2139 = PLANE('',#2140);
#2140 = AXIS2_PLACEMENT_3D('',#2141,#2142,#2143);
#2141 = CARTESIAN_POINT('',(-4.907477288112,-53.5,24.4));
#2142 = DIRECTION('',(0.866025403784,0.5,-2.372646832056E-16));
#2143 = DIRECTION('',(-0.5,0.866025403784,7.890423350513E-17));
#2144 = ADVANCED_FACE('',(#2145),#2170,.F.);
#2145 = FACE_BOUND('',#2146,.F.);
#2146 = EDGE_LOOP('',(#2147,#2157,#2163,#2164));
#2147 = ORIENTED_EDGE('',*,*,#2148,.T.);
#2148 = EDGE_CURVE('',#2149,#2151,#2153,.T.);
#2149 = VERTEX_POINT('',#2150);
#2150 = CARTESIAN_POINT('',(4.907477288112,-53.5,24.4));
#2151 = VERTEX_POINT('',#2152);
#2152 = CARTESIAN_POINT('',(4.907477288112,-53.5,18.));
#2153 = LINE('',#2154,#2155);
#2154 = CARTESIAN_POINT('',(4.907477288112,-53.5,24.4));
#2155 = VECTOR('',#2156,1.);
#2156 = DIRECTION('',(-2.449293598295E-16,-5.029927092121E-17,-1.));
#2157 = ORIENTED_EDGE('',*,*,#2158,.T.);
#2158 = EDGE_CURVE('',#2151,#2111,#2159,.T.);
#2159 = LINE('',#2160,#2161);
#2160 = CARTESIAN_POINT('',(4.907477288112,-53.5,18.));
#2161 = VECTOR('',#2162,1.);
#2162 = DIRECTION('',(-1.,-1.399248419236E-16,2.449293598295E-16));
#2163 = ORIENTED_EDGE('',*,*,#2108,.F.);
#2164 = ORIENTED_EDGE('',*,*,#2165,.F.);
#2165 = EDGE_CURVE('',#2149,#2109,#2166,.T.);
#2166 = LINE('',#2167,#2168);
#2167 = CARTESIAN_POINT('',(4.907477288112,-53.5,24.4));
#2168 = VECTOR('',#2169,1.);
#2169 = DIRECTION('',(-1.,-1.399248419236E-16,2.449293598295E-16));
#2170 = PLANE('',#2171);
#2171 = AXIS2_PLACEMENT_3D('',#2172,#2173,#2174);
#2172 = CARTESIAN_POINT('',(4.907477288112,-53.5,24.4));
#2173 = DIRECTION('',(-1.399248419236E-16,1.,-5.029927092121E-17));
#2174 = DIRECTION('',(-1.,-1.399248419236E-16,2.449293598295E-16));
#2175 = ADVANCED_FACE('',(#2176),#2201,.F.);
#2176 = FACE_BOUND('',#2177,.F.);
#2177 = EDGE_LOOP('',(#2178,#2179,#2187,#2195));
#2178 = ORIENTED_EDGE('',*,*,#2126,.T.);
#2179 = ORIENTED_EDGE('',*,*,#2180,.T.);
#2180 = EDGE_CURVE('',#2119,#2181,#2183,.T.);
#2181 = VERTEX_POINT('',#2182);
#2182 = CARTESIAN_POINT('',(-4.907477288112,-36.5,18.));
#2183 = LINE('',#2184,#2185);
#2184 = CARTESIAN_POINT('',(-9.814954576224,-45.,18.));
#2185 = VECTOR('',#2186,1.);
#2186 = DIRECTION('',(0.5,0.866025403784,-1.660251263243E-16));
#2187 = ORIENTED_EDGE('',*,*,#2188,.F.);
#2188 = EDGE_CURVE('',#2189,#2181,#2191,.T.);
#2189 = VERTEX_POINT('',#2190);
#2190 = CARTESIAN_POINT('',(-4.907477288112,-36.5,24.4));
#2191 = LINE('',#2192,#2193);
#2192 = CARTESIAN_POINT('',(-4.907477288112,-36.5,24.4));
#2193 = VECTOR('',#2194,1.);
#2194 = DIRECTION('',(-2.449293598295E-16,-5.029927092121E-17,-1.));
#2195 = ORIENTED_EDGE('',*,*,#2196,.F.);
#2196 = EDGE_CURVE('',#2127,#2189,#2197,.T.);
#2197 = LINE('',#2198,#2199);
#2198 = CARTESIAN_POINT('',(-9.814954576224,-45.,24.4));
#2199 = VECTOR('',#2200,1.);
#2200 = DIRECTION('',(0.5,0.866025403784,-1.660251263243E-16));
#2201 = PLANE('',#2202);
#2202 = AXIS2_PLACEMENT_3D('',#2203,#2204,#2205);
#2203 = CARTESIAN_POINT('',(-9.814954576224,-45.,24.4));
#2204 = DIRECTION('',(0.866025403784,-0.5,-1.869654122844E-16));
#2205 = DIRECTION('',(0.5,0.866025403784,-1.660251263243E-16));
#2206 = ADVANCED_FACE('',(#2207),#2234,.F.);
#2207 = FACE_BOUND('',#2208,.F.);
#2208 = EDGE_LOOP('',(#2209,#2210,#2211,#2219,#2227,#2233));
#2209 = ORIENTED_EDGE('',*,*,#2134,.T.);
#2210 = ORIENTED_EDGE('',*,*,#2196,.T.);
#2211 = ORIENTED_EDGE('',*,*,#2212,.T.);
#2212 = EDGE_CURVE('',#2189,#2213,#2215,.T.);
#2213 = VERTEX_POINT('',#2214);
#2214 = CARTESIAN_POINT('',(4.907477288112,-36.5,24.4));
#2215 = LINE('',#2216,#2217);
#2216 = CARTESIAN_POINT('',(-4.907477288112,-36.5,24.4));
#2217 = VECTOR('',#2218,1.);
#2218 = DIRECTION('',(1.,-2.22044604925E-16,-2.449293598295E-16));
#2219 = ORIENTED_EDGE('',*,*,#2220,.T.);
#2220 = EDGE_CURVE('',#2213,#2221,#2223,.T.);
#2221 = VERTEX_POINT('',#2222);
#2222 = CARTESIAN_POINT('',(9.814954576224,-45.,24.4));
#2223 = LINE('',#2224,#2225);
#2224 = CARTESIAN_POINT('',(4.907477288112,-36.5,24.4));
#2225 = VECTOR('',#2226,1.);
#2226 = DIRECTION('',(0.5,-0.866025403784,-7.890423350513E-17));
#2227 = ORIENTED_EDGE('',*,*,#2228,.T.);
#2228 = EDGE_CURVE('',#2221,#2149,#2229,.T.);
#2229 = LINE('',#2230,#2231);
#2230 = CARTESIAN_POINT('',(9.814954576224,-45.,24.4));
#2231 = VECTOR('',#2232,1.);
#2232 = DIRECTION('',(-0.5,-0.866025403784,1.660251263243E-16));
#2233 = ORIENTED_EDGE('',*,*,#2165,.T.);
#2234 = PLANE('',#2235);
#2235 = AXIS2_PLACEMENT_3D('',#2236,#2237,#2238);
#2236 = CARTESIAN_POINT('',(-9.328396569071E-15,-45.,24.4));
#2237 = DIRECTION('',(-2.449293598295E-16,-5.029927092121E-17,-1.));
#2238 = DIRECTION('',(-2.22044604925E-16,-1.,5.029927092121E-17));
#2239 = ADVANCED_FACE('',(#2240,#2267),#2278,.T.);
#2240 = FACE_BOUND('',#2241,.T.);
#2241 = EDGE_LOOP('',(#2242,#2243,#2244,#2252,#2260,#2266));
#2242 = ORIENTED_EDGE('',*,*,#2118,.T.);
#2243 = ORIENTED_EDGE('',*,*,#2180,.T.);
#2244 = ORIENTED_EDGE('',*,*,#2245,.T.);
#2245 = EDGE_CURVE('',#2181,#2246,#2248,.T.);
#2246 = VERTEX_POINT('',#2247);
#2247 = CARTESIAN_POINT('',(4.907477288112,-36.5,18.));
#2248 = LINE('',#2249,#2250);
#2249 = CARTESIAN_POINT('',(-4.907477288112,-36.5,18.));
#2250 = VECTOR('',#2251,1.);
#2251 = DIRECTION('',(1.,-2.22044604925E-16,-2.449293598295E-16));
#2252 = ORIENTED_EDGE('',*,*,#2253,.T.);
#2253 = EDGE_CURVE('',#2246,#2254,#2256,.T.);
#2254 = VERTEX_POINT('',#2255);
#2255 = CARTESIAN_POINT('',(9.814954576224,-45.,18.));
#2256 = LINE('',#2257,#2258);
#2257 = CARTESIAN_POINT('',(4.907477288112,-36.5,18.));
#2258 = VECTOR('',#2259,1.);
#2259 = DIRECTION('',(0.5,-0.866025403784,-7.890423350513E-17));
#2260 = ORIENTED_EDGE('',*,*,#2261,.T.);
#2261 = EDGE_CURVE('',#2254,#2151,#2262,.T.);
#2262 = LINE('',#2263,#2264);
#2263 = CARTESIAN_POINT('',(9.814954576224,-45.,18.));
#2264 = VECTOR('',#2265,1.);
#2265 = DIRECTION('',(-0.5,-0.866025403784,1.660251263243E-16));
#2266 = ORIENTED_EDGE('',*,*,#2158,.T.);
#2267 = FACE_BOUND('',#2268,.T.);
#2268 = EDGE_LOOP('',(#2269));
#2269 = ORIENTED_EDGE('',*,*,#2270,.F.);
#2270 = EDGE_CURVE('',#2271,#2271,#2273,.T.);
#2271 = VERTEX_POINT('',#2272);
#2272 = CARTESIAN_POINT('',(-1.144513135001E-14,-50.,18.));
#2273 = CIRCLE('',#2274,5.);
#2274 = AXIS2_PLACEMENT_3D('',#2275,#2276,#2277);
#2275 = CARTESIAN_POINT('',(-1.155955512454E-14,-45.,18.));
#2276 = DIRECTION('',(-2.449293598295E-16,-5.029927092121E-17,-1.));
#2277 = DIRECTION('',(-2.22044604925E-16,-1.,5.029927092121E-17));
#2278 = PLANE('',#2279);
#2279 = AXIS2_PLACEMENT_3D('',#2280,#2281,#2282);
#2280 = CARTESIAN_POINT('',(-1.089594447198E-14,-45.,18.));
#2281 = DIRECTION('',(-2.449293598295E-16,-5.029927092121E-17,-1.));
#2282 = DIRECTION('',(-2.22044604925E-16,-1.,5.029927092121E-17));
#2283 = ADVANCED_FACE('',(#2284),#2295,.F.);
#2284 = FACE_BOUND('',#2285,.F.);
#2285 = EDGE_LOOP('',(#2286,#2292,#2293,#2294));
#2286 = ORIENTED_EDGE('',*,*,#2287,.T.);
#2287 = EDGE_CURVE('',#2221,#2254,#2288,.T.);
#2288 = LINE('',#2289,#2290);
#2289 = CARTESIAN_POINT('',(9.814954576224,-45.,24.4));
#2290 = VECTOR('',#2291,1.);
#2291 = DIRECTION('',(-2.449293598295E-16,-5.029927092121E-17,-1.));
#2292 = ORIENTED_EDGE('',*,*,#2261,.T.);
#2293 = ORIENTED_EDGE('',*,*,#2148,.F.);
#2294 = ORIENTED_EDGE('',*,*,#2228,.F.);
#2295 = PLANE('',#2296);
#2296 = AXIS2_PLACEMENT_3D('',#2297,#2298,#2299);
#2297 = CARTESIAN_POINT('',(9.814954576224,-45.,24.4));
#2298 = DIRECTION('',(-0.866025403784,0.5,1.869654122844E-16));
#2299 = DIRECTION('',(-0.5,-0.866025403784,1.660251263243E-16));
#2300 = ADVANCED_FACE('',(#2301),#2312,.F.);
#2301 = FACE_BOUND('',#2302,.F.);
#2302 = EDGE_LOOP('',(#2303,#2304,#2305,#2311));
#2303 = ORIENTED_EDGE('',*,*,#2188,.T.);
#2304 = ORIENTED_EDGE('',*,*,#2245,.T.);
#2305 = ORIENTED_EDGE('',*,*,#2306,.F.);
#2306 = EDGE_CURVE('',#2213,#2246,#2307,.T.);
#2307 = LINE('',#2308,#2309);
#2308 = CARTESIAN_POINT('',(4.907477288112,-36.5,24.4));
#2309 = VECTOR('',#2310,1.);
#2310 = DIRECTION('',(-2.449293598295E-16,-5.029927092121E-17,-1.));
#2311 = ORIENTED_EDGE('',*,*,#2212,.F.);
#2312 = PLANE('',#2313);
#2313 = AXIS2_PLACEMENT_3D('',#2314,#2315,#2316);
#2314 = CARTESIAN_POINT('',(-4.907477288112,-36.5,24.4));
#2315 = DIRECTION('',(-2.22044604925E-16,-1.,5.029927092121E-17));
#2316 = DIRECTION('',(1.,-2.22044604925E-16,-2.449293598295E-16));
#2317 = ADVANCED_FACE('',(#2318),#2324,.F.);
#2318 = FACE_BOUND('',#2319,.F.);
#2319 = EDGE_LOOP('',(#2320,#2321,#2322,#2323));
#2320 = ORIENTED_EDGE('',*,*,#2306,.T.);
#2321 = ORIENTED_EDGE('',*,*,#2253,.T.);
#2322 = ORIENTED_EDGE('',*,*,#2287,.F.);
#2323 = ORIENTED_EDGE('',*,*,#2220,.F.);
#2324 = PLANE('',#2325);
#2325 = AXIS2_PLACEMENT_3D('',#2326,#2327,#2328);
#2326 = CARTESIAN_POINT('',(4.907477288112,-36.5,24.4));
#2327 = DIRECTION('',(-0.866025403784,-0.5,2.372646832056E-16));
#2328 = DIRECTION('',(0.5,-0.866025403784,-7.890423350513E-17));
#2329 = ADVANCED_FACE('',(#2330),#2349,.T.);
#2330 = FACE_BOUND('',#2331,.T.);
#2331 = EDGE_LOOP('',(#2332,#2341,#2347,#2348));
#2332 = ORIENTED_EDGE('',*,*,#2333,.F.);
#2333 = EDGE_CURVE('',#2334,#2334,#2336,.T.);
#2334 = VERTEX_POINT('',#2335);
#2335 = CARTESIAN_POINT('',(-2.369159934149E-14,-50.,-32.));
#2336 = CIRCLE('',#2337,5.);
#2337 = AXIS2_PLACEMENT_3D('',#2338,#2339,#2340);
#2338 = CARTESIAN_POINT('',(-2.380602311601E-14,-45.,-32.));
#2339 = DIRECTION('',(-2.449293598295E-16,-5.029927092121E-17,-1.));
#2340 = DIRECTION('',(-2.22044604925E-16,-1.,5.029927092121E-17));
#2341 = ORIENTED_EDGE('',*,*,#2342,.F.);
#2342 = EDGE_CURVE('',#2271,#2334,#2343,.T.);
#2343 = LINE('',#2344,#2345);
#2344 = CARTESIAN_POINT('',(-1.144513135001E-14,-50.,18.));
#2345 = VECTOR('',#2346,1.);
#2346 = DIRECTION('',(-2.449293598295E-16,-5.029927092121E-17,-1.));
#2347 = ORIENTED_EDGE('',*,*,#2270,.T.);
#2348 = ORIENTED_EDGE('',*,*,#2342,.T.);
#2349 = CYLINDRICAL_SURFACE('',#2350,5.);
#2350 = AXIS2_PLACEMENT_3D('',#2351,#2352,#2353);
#2351 = CARTESIAN_POINT('',(-1.155955512454E-14,-45.,18.));
#2352 = DIRECTION('',(-2.449293598295E-16,-5.029927092121E-17,-1.));
#2353 = DIRECTION('',(-2.22044604925E-16,-1.,5.029927092121E-17));
#2354 = ADVANCED_FACE('',(#2355),#2358,.T.);
#2355 = FACE_BOUND('',#2356,.T.);
#2356 = EDGE_LOOP('',(#2357));
#2357 = ORIENTED_EDGE('',*,*,#2333,.T.);
#2358 = PLANE('',#2359);
#2359 = AXIS2_PLACEMENT_3D('',#2360,#2361,#2362);
#2360 = CARTESIAN_POINT('',(-2.380602311601E-14,-45.,-32.));
#2361 = DIRECTION('',(-2.449293598295E-16,-5.029927092121E-17,-1.));
#2362 = DIRECTION('',(-2.22044604925E-16,-1.,5.029927092121E-17));
#2363 = MANIFOLD_SOLID_BREP('',#2364);
#2364 = CLOSED_SHELL('',(#2365,#2405,#2436,#2467,#2511,#2555,#2572,#2589
    ,#2601));
#2365 = ADVANCED_FACE('',(#2366),#2400,.F.);
#2366 = FACE_BOUND('',#2367,.F.);
#2367 = EDGE_LOOP('',(#2368,#2378,#2386,#2394));
#2368 = ORIENTED_EDGE('',*,*,#2369,.T.);
#2369 = EDGE_CURVE('',#2370,#2372,#2374,.T.);
#2370 = VERTEX_POINT('',#2371);
#2371 = CARTESIAN_POINT('',(53.5,4.907477288112,-26.));
#2372 = VERTEX_POINT('',#2373);
#2373 = CARTESIAN_POINT('',(53.5,4.907477288112,-18.));
#2374 = LINE('',#2375,#2376);
#2375 = CARTESIAN_POINT('',(53.5,4.907477288112,-26.));
#2376 = VECTOR('',#2377,1.);
#2377 = DIRECTION('',(4.42547233427E-17,0.,1.));
#2378 = ORIENTED_EDGE('',*,*,#2379,.T.);
#2379 = EDGE_CURVE('',#2372,#2380,#2382,.T.);
#2380 = VERTEX_POINT('',#2381);
#2381 = CARTESIAN_POINT('',(45.,9.814954576224,-18.));
#2382 = LINE('',#2383,#2384);
#2383 = CARTESIAN_POINT('',(53.5,4.907477288112,-18.));
#2384 = VECTOR('',#2385,1.);
#2385 = DIRECTION('',(-0.866025403784,0.5,3.832571465223E-17));
#2386 = ORIENTED_EDGE('',*,*,#2387,.F.);
#2387 = EDGE_CURVE('',#2388,#2380,#2390,.T.);
#2388 = VERTEX_POINT('',#2389);
#2389 = CARTESIAN_POINT('',(45.,9.814954576224,-26.));
#2390 = LINE('',#2391,#2392);
#2391 = CARTESIAN_POINT('',(45.,9.814954576224,-26.));
#2392 = VECTOR('',#2393,1.);
#2393 = DIRECTION('',(4.42547233427E-17,0.,1.));
#2394 = ORIENTED_EDGE('',*,*,#2395,.F.);
#2395 = EDGE_CURVE('',#2370,#2388,#2396,.T.);
#2396 = LINE('',#2397,#2398);
#2397 = CARTESIAN_POINT('',(53.5,4.907477288112,-26.));
#2398 = VECTOR('',#2399,1.);
#2399 = DIRECTION('',(-0.866025403784,0.5,3.832571465223E-17));
#2400 = PLANE('',#2401);
#2401 = AXIS2_PLACEMENT_3D('',#2402,#2403,#2404);
#2402 = CARTESIAN_POINT('',(53.5,4.907477288112,-26.));
#2403 = DIRECTION('',(-0.5,-0.866025403784,2.212736167135E-17));
#2404 = DIRECTION('',(-0.866025403784,0.5,3.832571465223E-17));
#2405 = ADVANCED_FACE('',(#2406),#2431,.F.);
#2406 = FACE_BOUND('',#2407,.F.);
#2407 = EDGE_LOOP('',(#2408,#2418,#2424,#2425));
#2408 = ORIENTED_EDGE('',*,*,#2409,.T.);
#2409 = EDGE_CURVE('',#2410,#2412,#2414,.T.);
#2410 = VERTEX_POINT('',#2411);
#2411 = CARTESIAN_POINT('',(53.5,-4.907477288112,-26.));
#2412 = VERTEX_POINT('',#2413);
#2413 = CARTESIAN_POINT('',(53.5,-4.907477288112,-18.));
#2414 = LINE('',#2415,#2416);
#2415 = CARTESIAN_POINT('',(53.5,-4.907477288112,-26.));
#2416 = VECTOR('',#2417,1.);
#2417 = DIRECTION('',(4.42547233427E-17,0.,1.));
#2418 = ORIENTED_EDGE('',*,*,#2419,.T.);
#2419 = EDGE_CURVE('',#2412,#2372,#2420,.T.);
#2420 = LINE('',#2421,#2422);
#2421 = CARTESIAN_POINT('',(53.5,-4.907477288112,-18.));
#2422 = VECTOR('',#2423,1.);
#2423 = DIRECTION('',(3.619694468487E-16,1.,-1.60188577288E-32));
#2424 = ORIENTED_EDGE('',*,*,#2369,.F.);
#2425 = ORIENTED_EDGE('',*,*,#2426,.F.);
#2426 = EDGE_CURVE('',#2410,#2370,#2427,.T.);
#2427 = LINE('',#2428,#2429);
#2428 = CARTESIAN_POINT('',(53.5,-4.907477288112,-26.));
#2429 = VECTOR('',#2430,1.);
#2430 = DIRECTION('',(3.619694468487E-16,1.,-1.60188577288E-32));
#2431 = PLANE('',#2432);
#2432 = AXIS2_PLACEMENT_3D('',#2433,#2434,#2435);
#2433 = CARTESIAN_POINT('',(53.5,-4.907477288112,-26.));
#2434 = DIRECTION('',(-1.,3.619694468487E-16,4.42547233427E-17));
#2435 = DIRECTION('',(3.619694468487E-16,1.,-1.60188577288E-32));
#2436 = ADVANCED_FACE('',(#2437),#2462,.F.);
#2437 = FACE_BOUND('',#2438,.F.);
#2438 = EDGE_LOOP('',(#2439,#2440,#2448,#2456));
#2439 = ORIENTED_EDGE('',*,*,#2387,.T.);
#2440 = ORIENTED_EDGE('',*,*,#2441,.T.);
#2441 = EDGE_CURVE('',#2380,#2442,#2444,.T.);
#2442 = VERTEX_POINT('',#2443);
#2443 = CARTESIAN_POINT('',(36.5,4.907477288112,-18.));
#2444 = LINE('',#2445,#2446);
#2445 = CARTESIAN_POINT('',(45.,9.814954576224,-18.));
#2446 = VECTOR('',#2447,1.);
#2447 = DIRECTION('',(-0.866025403784,-0.5,3.832571465223E-17));
#2448 = ORIENTED_EDGE('',*,*,#2449,.F.);
#2449 = EDGE_CURVE('',#2450,#2442,#2452,.T.);
#2450 = VERTEX_POINT('',#2451);
#2451 = CARTESIAN_POINT('',(36.5,4.907477288112,-26.));
#2452 = LINE('',#2453,#2454);
#2453 = CARTESIAN_POINT('',(36.5,4.907477288112,-26.));
#2454 = VECTOR('',#2455,1.);
#2455 = DIRECTION('',(4.42547233427E-17,0.,1.));
#2456 = ORIENTED_EDGE('',*,*,#2457,.F.);
#2457 = EDGE_CURVE('',#2388,#2450,#2458,.T.);
#2458 = LINE('',#2459,#2460);
#2459 = CARTESIAN_POINT('',(45.,9.814954576224,-26.));
#2460 = VECTOR('',#2461,1.);
#2461 = DIRECTION('',(-0.866025403784,-0.5,3.832571465223E-17));
#2462 = PLANE('',#2463);
#2463 = AXIS2_PLACEMENT_3D('',#2464,#2465,#2466);
#2464 = CARTESIAN_POINT('',(45.,9.814954576224,-26.));
#2465 = DIRECTION('',(0.5,-0.866025403784,-2.212736167135E-17));
#2466 = DIRECTION('',(-0.866025403784,-0.5,3.832571465223E-17));
#2467 = ADVANCED_FACE('',(#2468,#2495),#2506,.F.);
#2468 = FACE_BOUND('',#2469,.F.);
#2469 = EDGE_LOOP('',(#2470,#2471,#2472,#2480,#2488,#2494));
#2470 = ORIENTED_EDGE('',*,*,#2395,.T.);
#2471 = ORIENTED_EDGE('',*,*,#2457,.T.);
#2472 = ORIENTED_EDGE('',*,*,#2473,.T.);
#2473 = EDGE_CURVE('',#2450,#2474,#2476,.T.);
#2474 = VERTEX_POINT('',#2475);
#2475 = CARTESIAN_POINT('',(36.5,-4.907477288112,-26.));
#2476 = LINE('',#2477,#2478);
#2477 = CARTESIAN_POINT('',(36.5,4.907477288112,-26.));
#2478 = VECTOR('',#2479,1.);
#2479 = DIRECTION('',(0.,-1.,0.));
#2480 = ORIENTED_EDGE('',*,*,#2481,.T.);
#2481 = EDGE_CURVE('',#2474,#2482,#2484,.T.);
#2482 = VERTEX_POINT('',#2483);
#2483 = CARTESIAN_POINT('',(45.,-9.814954576224,-26.));
#2484 = LINE('',#2485,#2486);
#2485 = CARTESIAN_POINT('',(36.5,-4.907477288112,-26.));
#2486 = VECTOR('',#2487,1.);
#2487 = DIRECTION('',(0.866025403784,-0.5,-3.832571465223E-17));
#2488 = ORIENTED_EDGE('',*,*,#2489,.T.);
#2489 = EDGE_CURVE('',#2482,#2410,#2490,.T.);
#2490 = LINE('',#2491,#2492);
#2491 = CARTESIAN_POINT('',(45.,-9.814954576224,-26.));
#2492 = VECTOR('',#2493,1.);
#2493 = DIRECTION('',(0.866025403784,0.5,-3.832571465223E-17));
#2494 = ORIENTED_EDGE('',*,*,#2426,.T.);
#2495 = FACE_BOUND('',#2496,.F.);
#2496 = EDGE_LOOP('',(#2497));
#2497 = ORIENTED_EDGE('',*,*,#2498,.F.);
#2498 = EDGE_CURVE('',#2499,#2499,#2501,.T.);
#2499 = VERTEX_POINT('',#2500);
#2500 = CARTESIAN_POINT('',(50.,-1.224646799147E-15,-26.));
#2501 = CIRCLE('',#2502,5.);
#2502 = AXIS2_PLACEMENT_3D('',#2503,#2504,#2505);
#2503 = CARTESIAN_POINT('',(45.,0.,-26.));
#2504 = DIRECTION('',(4.42547233427E-17,-0.,1.));
#2505 = DIRECTION('',(1.,0.,-4.42547233427E-17));
#2506 = PLANE('',#2507);
#2507 = AXIS2_PLACEMENT_3D('',#2508,#2509,#2510);
#2508 = CARTESIAN_POINT('',(45.,-6.636106525559E-16,-26.));
#2509 = DIRECTION('',(4.42547233427E-17,0.,1.));
#2510 = DIRECTION('',(1.,0.,-4.42547233427E-17));
#2511 = ADVANCED_FACE('',(#2512,#2539),#2550,.T.);
#2512 = FACE_BOUND('',#2513,.T.);
#2513 = EDGE_LOOP('',(#2514,#2515,#2516,#2524,#2532,#2538));
#2514 = ORIENTED_EDGE('',*,*,#2379,.T.);
#2515 = ORIENTED_EDGE('',*,*,#2441,.T.);
#2516 = ORIENTED_EDGE('',*,*,#2517,.T.);
#2517 = EDGE_CURVE('',#2442,#2518,#2520,.T.);
#2518 = VERTEX_POINT('',#2519);
#2519 = CARTESIAN_POINT('',(36.5,-4.907477288112,-18.));
#2520 = LINE('',#2521,#2522);
#2521 = CARTESIAN_POINT('',(36.5,4.907477288112,-18.));
#2522 = VECTOR('',#2523,1.);
#2523 = DIRECTION('',(0.,-1.,0.));
#2524 = ORIENTED_EDGE('',*,*,#2525,.T.);
#2525 = EDGE_CURVE('',#2518,#2526,#2528,.T.);
#2526 = VERTEX_POINT('',#2527);
#2527 = CARTESIAN_POINT('',(45.,-9.814954576224,-18.));
#2528 = LINE('',#2529,#2530);
#2529 = CARTESIAN_POINT('',(36.5,-4.907477288112,-18.));
#2530 = VECTOR('',#2531,1.);
#2531 = DIRECTION('',(0.866025403784,-0.5,-3.832571465223E-17));
#2532 = ORIENTED_EDGE('',*,*,#2533,.T.);
#2533 = EDGE_CURVE('',#2526,#2412,#2534,.T.);
#2534 = LINE('',#2535,#2536);
#2535 = CARTESIAN_POINT('',(45.,-9.814954576224,-18.));
#2536 = VECTOR('',#2537,1.);
#2537 = DIRECTION('',(0.866025403784,0.5,-3.832571465223E-17));
#2538 = ORIENTED_EDGE('',*,*,#2419,.T.);
#2539 = FACE_BOUND('',#2540,.T.);
#2540 = EDGE_LOOP('',(#2541));
#2541 = ORIENTED_EDGE('',*,*,#2542,.F.);
#2542 = EDGE_CURVE('',#2543,#2543,#2545,.T.);
#2543 = VERTEX_POINT('',#2544);
#2544 = CARTESIAN_POINT('',(50.,-1.224646799147E-15,-18.));
#2545 = CIRCLE('',#2546,5.);
#2546 = AXIS2_PLACEMENT_3D('',#2547,#2548,#2549);
#2547 = CARTESIAN_POINT('',(45.,0.,-18.));
#2548 = DIRECTION('',(4.42547233427E-17,-0.,1.));
#2549 = DIRECTION('',(1.,0.,-4.42547233427E-17));
#2550 = PLANE('',#2551);
#2551 = AXIS2_PLACEMENT_3D('',#2552,#2553,#2554);
#2552 = CARTESIAN_POINT('',(45.,-6.636106525559E-16,-18.));
#2553 = DIRECTION('',(4.42547233427E-17,0.,1.));
#2554 = DIRECTION('',(1.,0.,-4.42547233427E-17));
#2555 = ADVANCED_FACE('',(#2556),#2567,.F.);
#2556 = FACE_BOUND('',#2557,.F.);
#2557 = EDGE_LOOP('',(#2558,#2564,#2565,#2566));
#2558 = ORIENTED_EDGE('',*,*,#2559,.T.);
#2559 = EDGE_CURVE('',#2482,#2526,#2560,.T.);
#2560 = LINE('',#2561,#2562);
#2561 = CARTESIAN_POINT('',(45.,-9.814954576224,-26.));
#2562 = VECTOR('',#2563,1.);
#2563 = DIRECTION('',(4.42547233427E-17,0.,1.));
#2564 = ORIENTED_EDGE('',*,*,#2533,.T.);
#2565 = ORIENTED_EDGE('',*,*,#2409,.F.);
#2566 = ORIENTED_EDGE('',*,*,#2489,.F.);
#2567 = PLANE('',#2568);
#2568 = AXIS2_PLACEMENT_3D('',#2569,#2570,#2571);
#2569 = CARTESIAN_POINT('',(45.,-9.814954576224,-26.));
#2570 = DIRECTION('',(-0.5,0.866025403784,2.212736167135E-17));
#2571 = DIRECTION('',(0.866025403784,0.5,-3.832571465223E-17));
#2572 = ADVANCED_FACE('',(#2573),#2584,.F.);
#2573 = FACE_BOUND('',#2574,.F.);
#2574 = EDGE_LOOP('',(#2575,#2576,#2577,#2583));
#2575 = ORIENTED_EDGE('',*,*,#2449,.T.);
#2576 = ORIENTED_EDGE('',*,*,#2517,.T.);
#2577 = ORIENTED_EDGE('',*,*,#2578,.F.);
#2578 = EDGE_CURVE('',#2474,#2518,#2579,.T.);
#2579 = LINE('',#2580,#2581);
#2580 = CARTESIAN_POINT('',(36.5,-4.907477288112,-26.));
#2581 = VECTOR('',#2582,1.);
#2582 = DIRECTION('',(4.42547233427E-17,0.,1.));
#2583 = ORIENTED_EDGE('',*,*,#2473,.F.);
#2584 = PLANE('',#2585);
#2585 = AXIS2_PLACEMENT_3D('',#2586,#2587,#2588);
#2586 = CARTESIAN_POINT('',(36.5,4.907477288112,-26.));
#2587 = DIRECTION('',(1.,0.,-4.42547233427E-17));
#2588 = DIRECTION('',(0.,-1.,0.));
#2589 = ADVANCED_FACE('',(#2590),#2596,.F.);
#2590 = FACE_BOUND('',#2591,.F.);
#2591 = EDGE_LOOP('',(#2592,#2593,#2594,#2595));
#2592 = ORIENTED_EDGE('',*,*,#2578,.T.);
#2593 = ORIENTED_EDGE('',*,*,#2525,.T.);
#2594 = ORIENTED_EDGE('',*,*,#2559,.F.);
#2595 = ORIENTED_EDGE('',*,*,#2481,.F.);
#2596 = PLANE('',#2597);
#2597 = AXIS2_PLACEMENT_3D('',#2598,#2599,#2600);
#2598 = CARTESIAN_POINT('',(36.5,-4.907477288112,-26.));
#2599 = DIRECTION('',(0.5,0.866025403784,-2.212736167135E-17));
#2600 = DIRECTION('',(0.866025403784,-0.5,-3.832571465223E-17));
#2601 = ADVANCED_FACE('',(#2602),#2613,.F.);
#2602 = FACE_BOUND('',#2603,.F.);
#2603 = EDGE_LOOP('',(#2604,#2605,#2611,#2612));
#2604 = ORIENTED_EDGE('',*,*,#2542,.F.);
#2605 = ORIENTED_EDGE('',*,*,#2606,.F.);
#2606 = EDGE_CURVE('',#2499,#2543,#2607,.T.);
#2607 = LINE('',#2608,#2609);
#2608 = CARTESIAN_POINT('',(50.,-1.224646799147E-15,-27.));
#2609 = VECTOR('',#2610,1.);
#2610 = DIRECTION('',(4.42547233427E-17,0.,1.));
#2611 = ORIENTED_EDGE('',*,*,#2498,.T.);
#2612 = ORIENTED_EDGE('',*,*,#2606,.T.);
#2613 = CYLINDRICAL_SURFACE('',#2614,5.);
#2614 = AXIS2_PLACEMENT_3D('',#2615,#2616,#2617);
#2615 = CARTESIAN_POINT('',(45.,0.,-27.));
#2616 = DIRECTION('',(4.42547233427E-17,0.,1.));
#2617 = DIRECTION('',(1.,0.,-4.42547233427E-17));
#2618 = MANIFOLD_SOLID_BREP('',#2619);
#2619 = CLOSED_SHELL('',(#2620,#2660,#2691,#2722,#2766,#2810,#2827,#2844
    ,#2856));
#2620 = ADVANCED_FACE('',(#2621),#2655,.F.);
#2621 = FACE_BOUND('',#2622,.F.);
#2622 = EDGE_LOOP('',(#2623,#2633,#2641,#2649));
#2623 = ORIENTED_EDGE('',*,*,#2624,.T.);
#2624 = EDGE_CURVE('',#2625,#2627,#2629,.T.);
#2625 = VERTEX_POINT('',#2626);
#2626 = CARTESIAN_POINT('',(-4.907477288112,53.5,-26.));
#2627 = VERTEX_POINT('',#2628);
#2628 = CARTESIAN_POINT('',(-4.907477288112,53.5,-18.));
#2629 = LINE('',#2630,#2631);
#2630 = CARTESIAN_POINT('',(-4.907477288112,53.5,-26.));
#2631 = VECTOR('',#2632,1.);
#2632 = DIRECTION('',(9.826522560696E-33,4.42547233427E-17,1.));
#2633 = ORIENTED_EDGE('',*,*,#2634,.T.);
#2634 = EDGE_CURVE('',#2627,#2635,#2637,.T.);
#2635 = VERTEX_POINT('',#2636);
#2636 = CARTESIAN_POINT('',(-9.814954576224,45.,-18.));
#2637 = LINE('',#2638,#2639);
#2638 = CARTESIAN_POINT('',(-4.907477288112,53.5,-18.));
#2639 = VECTOR('',#2640,1.);
#2640 = DIRECTION('',(-0.5,-0.866025403784,3.832571465223E-17));
#2641 = ORIENTED_EDGE('',*,*,#2642,.F.);
#2642 = EDGE_CURVE('',#2643,#2635,#2645,.T.);
#2643 = VERTEX_POINT('',#2644);
#2644 = CARTESIAN_POINT('',(-9.814954576224,45.,-26.));
#2645 = LINE('',#2646,#2647);
#2646 = CARTESIAN_POINT('',(-9.814954576224,45.,-26.));
#2647 = VECTOR('',#2648,1.);
#2648 = DIRECTION('',(9.826522560696E-33,4.42547233427E-17,1.));
#2649 = ORIENTED_EDGE('',*,*,#2650,.F.);
#2650 = EDGE_CURVE('',#2625,#2643,#2651,.T.);
#2651 = LINE('',#2652,#2653);
#2652 = CARTESIAN_POINT('',(-4.907477288112,53.5,-26.));
#2653 = VECTOR('',#2654,1.);
#2654 = DIRECTION('',(-0.5,-0.866025403784,3.832571465223E-17));
#2655 = PLANE('',#2656);
#2656 = AXIS2_PLACEMENT_3D('',#2657,#2658,#2659);
#2657 = CARTESIAN_POINT('',(-4.907477288112,53.5,-26.));
#2658 = DIRECTION('',(0.866025403784,-0.5,2.212736167135E-17));
#2659 = DIRECTION('',(-0.5,-0.866025403784,3.832571465223E-17));
#2660 = ADVANCED_FACE('',(#2661),#2686,.F.);
#2661 = FACE_BOUND('',#2662,.F.);
#2662 = EDGE_LOOP('',(#2663,#2673,#2679,#2680));
#2663 = ORIENTED_EDGE('',*,*,#2664,.T.);
#2664 = EDGE_CURVE('',#2665,#2667,#2669,.T.);
#2665 = VERTEX_POINT('',#2666);
#2666 = CARTESIAN_POINT('',(4.907477288112,53.5,-26.));
#2667 = VERTEX_POINT('',#2668);
#2668 = CARTESIAN_POINT('',(4.907477288112,53.5,-18.));
#2669 = LINE('',#2670,#2671);
#2670 = CARTESIAN_POINT('',(4.907477288112,53.5,-26.));
#2671 = VECTOR('',#2672,1.);
#2672 = DIRECTION('',(9.826522560696E-33,4.42547233427E-17,1.));
#2673 = ORIENTED_EDGE('',*,*,#2674,.T.);
#2674 = EDGE_CURVE('',#2667,#2627,#2675,.T.);
#2675 = LINE('',#2676,#2677);
#2676 = CARTESIAN_POINT('',(4.907477288112,53.5,-18.));
#2677 = VECTOR('',#2678,1.);
#2678 = DIRECTION('',(-1.,5.840140517737E-16,-1.60188577288E-32));
#2679 = ORIENTED_EDGE('',*,*,#2624,.F.);
#2680 = ORIENTED_EDGE('',*,*,#2681,.F.);
#2681 = EDGE_CURVE('',#2665,#2625,#2682,.T.);
#2682 = LINE('',#2683,#2684);
#2683 = CARTESIAN_POINT('',(4.907477288112,53.5,-26.));
#2684 = VECTOR('',#2685,1.);
#2685 = DIRECTION('',(-1.,5.840140517737E-16,-1.60188577288E-32));
#2686 = PLANE('',#2687);
#2687 = AXIS2_PLACEMENT_3D('',#2688,#2689,#2690);
#2688 = CARTESIAN_POINT('',(4.907477288112,53.5,-26.));
#2689 = DIRECTION('',(-5.840140517737E-16,-1.,4.42547233427E-17));
#2690 = DIRECTION('',(-1.,5.840140517737E-16,-1.60188577288E-32));
#2691 = ADVANCED_FACE('',(#2692),#2717,.F.);
#2692 = FACE_BOUND('',#2693,.F.);
#2693 = EDGE_LOOP('',(#2694,#2695,#2703,#2711));
#2694 = ORIENTED_EDGE('',*,*,#2642,.T.);
#2695 = ORIENTED_EDGE('',*,*,#2696,.T.);
#2696 = EDGE_CURVE('',#2635,#2697,#2699,.T.);
#2697 = VERTEX_POINT('',#2698);
#2698 = CARTESIAN_POINT('',(-4.907477288112,36.5,-18.));
#2699 = LINE('',#2700,#2701);
#2700 = CARTESIAN_POINT('',(-9.814954576224,45.,-18.));
#2701 = VECTOR('',#2702,1.);
#2702 = DIRECTION('',(0.5,-0.866025403784,3.832571465223E-17));
#2703 = ORIENTED_EDGE('',*,*,#2704,.F.);
#2704 = EDGE_CURVE('',#2705,#2697,#2707,.T.);
#2705 = VERTEX_POINT('',#2706);
#2706 = CARTESIAN_POINT('',(-4.907477288112,36.5,-26.));
#2707 = LINE('',#2708,#2709);
#2708 = CARTESIAN_POINT('',(-4.907477288112,36.5,-26.));
#2709 = VECTOR('',#2710,1.);
#2710 = DIRECTION('',(9.826522560696E-33,4.42547233427E-17,1.));
#2711 = ORIENTED_EDGE('',*,*,#2712,.F.);
#2712 = EDGE_CURVE('',#2643,#2705,#2713,.T.);
#2713 = LINE('',#2714,#2715);
#2714 = CARTESIAN_POINT('',(-9.814954576224,45.,-26.));
#2715 = VECTOR('',#2716,1.);
#2716 = DIRECTION('',(0.5,-0.866025403784,3.832571465223E-17));
#2717 = PLANE('',#2718);
#2718 = AXIS2_PLACEMENT_3D('',#2719,#2720,#2721);
#2719 = CARTESIAN_POINT('',(-9.814954576224,45.,-26.));
#2720 = DIRECTION('',(0.866025403784,0.5,-2.212736167135E-17));
#2721 = DIRECTION('',(0.5,-0.866025403784,3.832571465223E-17));
#2722 = ADVANCED_FACE('',(#2723,#2750),#2761,.F.);
#2723 = FACE_BOUND('',#2724,.F.);
#2724 = EDGE_LOOP('',(#2725,#2726,#2727,#2735,#2743,#2749));
#2725 = ORIENTED_EDGE('',*,*,#2650,.T.);
#2726 = ORIENTED_EDGE('',*,*,#2712,.T.);
#2727 = ORIENTED_EDGE('',*,*,#2728,.T.);
#2728 = EDGE_CURVE('',#2705,#2729,#2731,.T.);
#2729 = VERTEX_POINT('',#2730);
#2730 = CARTESIAN_POINT('',(4.907477288112,36.5,-26.));
#2731 = LINE('',#2732,#2733);
#2732 = CARTESIAN_POINT('',(-4.907477288112,36.5,-26.));
#2733 = VECTOR('',#2734,1.);
#2734 = DIRECTION('',(1.,-2.22044604925E-16,0.));
#2735 = ORIENTED_EDGE('',*,*,#2736,.T.);
#2736 = EDGE_CURVE('',#2729,#2737,#2739,.T.);
#2737 = VERTEX_POINT('',#2738);
#2738 = CARTESIAN_POINT('',(9.814954576224,45.,-26.));
#2739 = LINE('',#2740,#2741);
#2740 = CARTESIAN_POINT('',(4.907477288112,36.5,-26.));
#2741 = VECTOR('',#2742,1.);
#2742 = DIRECTION('',(0.5,0.866025403784,-3.832571465223E-17));
#2743 = ORIENTED_EDGE('',*,*,#2744,.T.);
#2744 = EDGE_CURVE('',#2737,#2665,#2745,.T.);
#2745 = LINE('',#2746,#2747);
#2746 = CARTESIAN_POINT('',(9.814954576224,45.,-26.));
#2747 = VECTOR('',#2748,1.);
#2748 = DIRECTION('',(-0.5,0.866025403784,-3.832571465223E-17));
#2749 = ORIENTED_EDGE('',*,*,#2681,.T.);
#2750 = FACE_BOUND('',#2751,.F.);
#2751 = EDGE_LOOP('',(#2752));
#2752 = ORIENTED_EDGE('',*,*,#2753,.F.);
#2753 = EDGE_CURVE('',#2754,#2754,#2756,.T.);
#2754 = VERTEX_POINT('',#2755);
#2755 = CARTESIAN_POINT('',(1.23268770454E-14,50.,-26.));
#2756 = CIRCLE('',#2757,5.);
#2757 = AXIS2_PLACEMENT_3D('',#2758,#2759,#2760);
#2758 = CARTESIAN_POINT('',(9.992007221626E-15,45.,-26.));
#2759 = DIRECTION('',(9.826522560696E-33,4.42547233427E-17,1.));
#2760 = DIRECTION('',(2.22044604925E-16,1.,-4.42547233427E-17));
#2761 = PLANE('',#2762);
#2762 = AXIS2_PLACEMENT_3D('',#2763,#2764,#2765);
#2763 = CARTESIAN_POINT('',(1.065561787418E-14,45.,-26.));
#2764 = DIRECTION('',(9.826522560696E-33,4.42547233427E-17,1.));
#2765 = DIRECTION('',(2.22044604925E-16,1.,-4.42547233427E-17));
#2766 = ADVANCED_FACE('',(#2767,#2794),#2805,.T.);
#2767 = FACE_BOUND('',#2768,.T.);
#2768 = EDGE_LOOP('',(#2769,#2770,#2771,#2779,#2787,#2793));
#2769 = ORIENTED_EDGE('',*,*,#2634,.T.);
#2770 = ORIENTED_EDGE('',*,*,#2696,.T.);
#2771 = ORIENTED_EDGE('',*,*,#2772,.T.);
#2772 = EDGE_CURVE('',#2697,#2773,#2775,.T.);
#2773 = VERTEX_POINT('',#2774);
#2774 = CARTESIAN_POINT('',(4.907477288112,36.5,-18.));
#2775 = LINE('',#2776,#2777);
#2776 = CARTESIAN_POINT('',(-4.907477288112,36.5,-18.));
#2777 = VECTOR('',#2778,1.);
#2778 = DIRECTION('',(1.,-2.22044604925E-16,0.));
#2779 = ORIENTED_EDGE('',*,*,#2780,.T.);
#2780 = EDGE_CURVE('',#2773,#2781,#2783,.T.);
#2781 = VERTEX_POINT('',#2782);
#2782 = CARTESIAN_POINT('',(9.814954576224,45.,-18.));
#2783 = LINE('',#2784,#2785);
#2784 = CARTESIAN_POINT('',(4.907477288112,36.5,-18.));
#2785 = VECTOR('',#2786,1.);
#2786 = DIRECTION('',(0.5,0.866025403784,-3.832571465223E-17));
#2787 = ORIENTED_EDGE('',*,*,#2788,.T.);
#2788 = EDGE_CURVE('',#2781,#2667,#2789,.T.);
#2789 = LINE('',#2790,#2791);
#2790 = CARTESIAN_POINT('',(9.814954576224,45.,-18.));
#2791 = VECTOR('',#2792,1.);
#2792 = DIRECTION('',(-0.5,0.866025403784,-3.832571465223E-17));
#2793 = ORIENTED_EDGE('',*,*,#2674,.T.);
#2794 = FACE_BOUND('',#2795,.T.);
#2795 = EDGE_LOOP('',(#2796));
#2796 = ORIENTED_EDGE('',*,*,#2797,.F.);
#2797 = EDGE_CURVE('',#2798,#2798,#2800,.T.);
#2798 = VERTEX_POINT('',#2799);
#2799 = CARTESIAN_POINT('',(1.23268770454E-14,50.,-18.));
#2800 = CIRCLE('',#2801,5.);
#2801 = AXIS2_PLACEMENT_3D('',#2802,#2803,#2804);
#2802 = CARTESIAN_POINT('',(9.992007221626E-15,45.,-18.));
#2803 = DIRECTION('',(9.826522560696E-33,4.42547233427E-17,1.));
#2804 = DIRECTION('',(2.22044604925E-16,1.,-4.42547233427E-17));
#2805 = PLANE('',#2806);
#2806 = AXIS2_PLACEMENT_3D('',#2807,#2808,#2809);
#2807 = CARTESIAN_POINT('',(1.065561787418E-14,45.,-18.));
#2808 = DIRECTION('',(9.826522560696E-33,4.42547233427E-17,1.));
#2809 = DIRECTION('',(2.22044604925E-16,1.,-4.42547233427E-17));
#2810 = ADVANCED_FACE('',(#2811),#2822,.F.);
#2811 = FACE_BOUND('',#2812,.F.);
#2812 = EDGE_LOOP('',(#2813,#2819,#2820,#2821));
#2813 = ORIENTED_EDGE('',*,*,#2814,.T.);
#2814 = EDGE_CURVE('',#2737,#2781,#2815,.T.);
#2815 = LINE('',#2816,#2817);
#2816 = CARTESIAN_POINT('',(9.814954576224,45.,-26.));
#2817 = VECTOR('',#2818,1.);
#2818 = DIRECTION('',(9.826522560696E-33,4.42547233427E-17,1.));
#2819 = ORIENTED_EDGE('',*,*,#2788,.T.);
#2820 = ORIENTED_EDGE('',*,*,#2664,.F.);
#2821 = ORIENTED_EDGE('',*,*,#2744,.F.);
#2822 = PLANE('',#2823);
#2823 = AXIS2_PLACEMENT_3D('',#2824,#2825,#2826);
#2824 = CARTESIAN_POINT('',(9.814954576224,45.,-26.));
#2825 = DIRECTION('',(-0.866025403784,-0.5,2.212736167135E-17));
#2826 = DIRECTION('',(-0.5,0.866025403784,-3.832571465223E-17));
#2827 = ADVANCED_FACE('',(#2828),#2839,.F.);
#2828 = FACE_BOUND('',#2829,.F.);
#2829 = EDGE_LOOP('',(#2830,#2831,#2832,#2838));
#2830 = ORIENTED_EDGE('',*,*,#2704,.T.);
#2831 = ORIENTED_EDGE('',*,*,#2772,.T.);
#2832 = ORIENTED_EDGE('',*,*,#2833,.F.);
#2833 = EDGE_CURVE('',#2729,#2773,#2834,.T.);
#2834 = LINE('',#2835,#2836);
#2835 = CARTESIAN_POINT('',(4.907477288112,36.5,-26.));
#2836 = VECTOR('',#2837,1.);
#2837 = DIRECTION('',(9.826522560696E-33,4.42547233427E-17,1.));
#2838 = ORIENTED_EDGE('',*,*,#2728,.F.);
#2839 = PLANE('',#2840);
#2840 = AXIS2_PLACEMENT_3D('',#2841,#2842,#2843);
#2841 = CARTESIAN_POINT('',(-4.907477288112,36.5,-26.));
#2842 = DIRECTION('',(2.22044604925E-16,1.,-4.42547233427E-17));
#2843 = DIRECTION('',(1.,-2.22044604925E-16,0.));
#2844 = ADVANCED_FACE('',(#2845),#2851,.F.);
#2845 = FACE_BOUND('',#2846,.F.);
#2846 = EDGE_LOOP('',(#2847,#2848,#2849,#2850));
#2847 = ORIENTED_EDGE('',*,*,#2833,.T.);
#2848 = ORIENTED_EDGE('',*,*,#2780,.T.);
#2849 = ORIENTED_EDGE('',*,*,#2814,.F.);
#2850 = ORIENTED_EDGE('',*,*,#2736,.F.);
#2851 = PLANE('',#2852);
#2852 = AXIS2_PLACEMENT_3D('',#2853,#2854,#2855);
#2853 = CARTESIAN_POINT('',(4.907477288112,36.5,-26.));
#2854 = DIRECTION('',(-0.866025403784,0.5,-2.212736167135E-17));
#2855 = DIRECTION('',(0.5,0.866025403784,-3.832571465223E-17));
#2856 = ADVANCED_FACE('',(#2857),#2868,.F.);
#2857 = FACE_BOUND('',#2858,.F.);
#2858 = EDGE_LOOP('',(#2859,#2860,#2866,#2867));
#2859 = ORIENTED_EDGE('',*,*,#2797,.F.);
#2860 = ORIENTED_EDGE('',*,*,#2861,.F.);
#2861 = EDGE_CURVE('',#2754,#2798,#2862,.T.);
#2862 = LINE('',#2863,#2864);
#2863 = CARTESIAN_POINT('',(1.23268770454E-14,50.,-27.));
#2864 = VECTOR('',#2865,1.);
#2865 = DIRECTION('',(9.826522560696E-33,4.42547233427E-17,1.));
#2866 = ORIENTED_EDGE('',*,*,#2753,.T.);
#2867 = ORIENTED_EDGE('',*,*,#2861,.T.);
#2868 = CYLINDRICAL_SURFACE('',#2869,5.);
#2869 = AXIS2_PLACEMENT_3D('',#2870,#2871,#2872);
#2870 = CARTESIAN_POINT('',(9.992007221626E-15,45.,-27.));
#2871 = DIRECTION('',(9.826522560696E-33,4.42547233427E-17,1.));
#2872 = DIRECTION('',(2.22044604925E-16,1.,-4.42547233427E-17));
#2873 = MANIFOLD_SOLID_BREP('',#2874);
#2874 = CLOSED_SHELL('',(#2875,#2915,#2946,#2977,#3021,#3065,#3082,#3099
    ,#3111));
#2875 = ADVANCED_FACE('',(#2876),#2910,.F.);
#2876 = FACE_BOUND('',#2877,.F.);
#2877 = EDGE_LOOP('',(#2878,#2888,#2896,#2904));
#2878 = ORIENTED_EDGE('',*,*,#2879,.T.);
#2879 = EDGE_CURVE('',#2880,#2882,#2884,.T.);
#2880 = VERTEX_POINT('',#2881);
#2881 = CARTESIAN_POINT('',(-53.5,-4.907477288112,-26.));
#2882 = VERTEX_POINT('',#2883);
#2883 = CARTESIAN_POINT('',(-53.5,-4.907477288112,-18.));
#2884 = LINE('',#2885,#2886);
#2885 = CARTESIAN_POINT('',(-53.5,-4.907477288112,-26.));
#2886 = VECTOR('',#2887,1.);
#2887 = DIRECTION('',(-4.42547233427E-17,5.419640528879E-33,1.));
#2888 = ORIENTED_EDGE('',*,*,#2889,.T.);
#2889 = EDGE_CURVE('',#2882,#2890,#2892,.T.);
#2890 = VERTEX_POINT('',#2891);
#2891 = CARTESIAN_POINT('',(-45.,-9.814954576224,-18.));
#2892 = LINE('',#2893,#2894);
#2893 = CARTESIAN_POINT('',(-53.5,-4.907477288112,-18.));
#2894 = VECTOR('',#2895,1.);
#2895 = DIRECTION('',(0.866025403784,-0.5,3.832571465223E-17));
#2896 = ORIENTED_EDGE('',*,*,#2897,.F.);
#2897 = EDGE_CURVE('',#2898,#2890,#2900,.T.);
#2898 = VERTEX_POINT('',#2899);
#2899 = CARTESIAN_POINT('',(-45.,-9.814954576224,-26.));
#2900 = LINE('',#2901,#2902);
#2901 = CARTESIAN_POINT('',(-45.,-9.814954576224,-26.));
#2902 = VECTOR('',#2903,1.);
#2903 = DIRECTION('',(-4.42547233427E-17,5.419640528879E-33,1.));
#2904 = ORIENTED_EDGE('',*,*,#2905,.F.);
#2905 = EDGE_CURVE('',#2880,#2898,#2906,.T.);
#2906 = LINE('',#2907,#2908);
#2907 = CARTESIAN_POINT('',(-53.5,-4.907477288112,-26.));
#2908 = VECTOR('',#2909,1.);
#2909 = DIRECTION('',(0.866025403784,-0.5,3.832571465223E-17));
#2910 = PLANE('',#2911);
#2911 = AXIS2_PLACEMENT_3D('',#2912,#2913,#2914);
#2912 = CARTESIAN_POINT('',(-53.5,-4.907477288112,-26.));
#2913 = DIRECTION('',(0.5,0.866025403784,2.212736167135E-17));
#2914 = DIRECTION('',(0.866025403784,-0.5,3.832571465223E-17));
#2915 = ADVANCED_FACE('',(#2916),#2941,.F.);
#2916 = FACE_BOUND('',#2917,.F.);
#2917 = EDGE_LOOP('',(#2918,#2928,#2934,#2935));
#2918 = ORIENTED_EDGE('',*,*,#2919,.T.);
#2919 = EDGE_CURVE('',#2920,#2922,#2924,.T.);
#2920 = VERTEX_POINT('',#2921);
#2921 = CARTESIAN_POINT('',(-53.5,4.907477288112,-26.));
#2922 = VERTEX_POINT('',#2923);
#2923 = CARTESIAN_POINT('',(-53.5,4.907477288112,-18.));
#2924 = LINE('',#2925,#2926);
#2925 = CARTESIAN_POINT('',(-53.5,4.907477288112,-26.));
#2926 = VECTOR('',#2927,1.);
#2927 = DIRECTION('',(-4.42547233427E-17,5.419640528879E-33,1.));
#2928 = ORIENTED_EDGE('',*,*,#2929,.T.);
#2929 = EDGE_CURVE('',#2922,#2882,#2930,.T.);
#2930 = LINE('',#2931,#2932);
#2931 = CARTESIAN_POINT('',(-53.5,4.907477288112,-18.));
#2932 = VECTOR('',#2933,1.);
#2933 = DIRECTION('',(-4.844341267634E-16,-1.,-1.60188577288E-32));
#2934 = ORIENTED_EDGE('',*,*,#2879,.F.);
#2935 = ORIENTED_EDGE('',*,*,#2936,.F.);
#2936 = EDGE_CURVE('',#2920,#2880,#2937,.T.);
#2937 = LINE('',#2938,#2939);
#2938 = CARTESIAN_POINT('',(-53.5,4.907477288112,-26.));
#2939 = VECTOR('',#2940,1.);
#2940 = DIRECTION('',(-4.844341267634E-16,-1.,-1.60188577288E-32));
#2941 = PLANE('',#2942);
#2942 = AXIS2_PLACEMENT_3D('',#2943,#2944,#2945);
#2943 = CARTESIAN_POINT('',(-53.5,4.907477288112,-26.));
#2944 = DIRECTION('',(1.,-4.844341267634E-16,4.42547233427E-17));
#2945 = DIRECTION('',(-4.844341267634E-16,-1.,-1.60188577288E-32));
#2946 = ADVANCED_FACE('',(#2947),#2972,.F.);
#2947 = FACE_BOUND('',#2948,.F.);
#2948 = EDGE_LOOP('',(#2949,#2950,#2958,#2966));
#2949 = ORIENTED_EDGE('',*,*,#2897,.T.);
#2950 = ORIENTED_EDGE('',*,*,#2951,.T.);
#2951 = EDGE_CURVE('',#2890,#2952,#2954,.T.);
#2952 = VERTEX_POINT('',#2953);
#2953 = CARTESIAN_POINT('',(-36.5,-4.907477288112,-18.));
#2954 = LINE('',#2955,#2956);
#2955 = CARTESIAN_POINT('',(-45.,-9.814954576224,-18.));
#2956 = VECTOR('',#2957,1.);
#2957 = DIRECTION('',(0.866025403784,0.5,3.832571465223E-17));
#2958 = ORIENTED_EDGE('',*,*,#2959,.F.);
#2959 = EDGE_CURVE('',#2960,#2952,#2962,.T.);
#2960 = VERTEX_POINT('',#2961);
#2961 = CARTESIAN_POINT('',(-36.5,-4.907477288112,-26.));
#2962 = LINE('',#2963,#2964);
#2963 = CARTESIAN_POINT('',(-36.5,-4.907477288112,-26.));
#2964 = VECTOR('',#2965,1.);
#2965 = DIRECTION('',(-4.42547233427E-17,5.419640528879E-33,1.));
#2966 = ORIENTED_EDGE('',*,*,#2967,.F.);
#2967 = EDGE_CURVE('',#2898,#2960,#2968,.T.);
#2968 = LINE('',#2969,#2970);
#2969 = CARTESIAN_POINT('',(-45.,-9.814954576224,-26.));
#2970 = VECTOR('',#2971,1.);
#2971 = DIRECTION('',(0.866025403784,0.5,3.832571465223E-17));
#2972 = PLANE('',#2973);
#2973 = AXIS2_PLACEMENT_3D('',#2974,#2975,#2976);
#2974 = CARTESIAN_POINT('',(-45.,-9.814954576224,-26.));
#2975 = DIRECTION('',(-0.5,0.866025403784,-2.212736167135E-17));
#2976 = DIRECTION('',(0.866025403784,0.5,3.832571465223E-17));
#2977 = ADVANCED_FACE('',(#2978,#3005),#3016,.F.);
#2978 = FACE_BOUND('',#2979,.F.);
#2979 = EDGE_LOOP('',(#2980,#2981,#2982,#2990,#2998,#3004));
#2980 = ORIENTED_EDGE('',*,*,#2905,.T.);
#2981 = ORIENTED_EDGE('',*,*,#2967,.T.);
#2982 = ORIENTED_EDGE('',*,*,#2983,.T.);
#2983 = EDGE_CURVE('',#2960,#2984,#2986,.T.);
#2984 = VERTEX_POINT('',#2985);
#2985 = CARTESIAN_POINT('',(-36.5,4.907477288112,-26.));
#2986 = LINE('',#2987,#2988);
#2987 = CARTESIAN_POINT('',(-36.5,-4.907477288112,-26.));
#2988 = VECTOR('',#2989,1.);
#2989 = DIRECTION('',(1.224646799147E-16,1.,0.));
#2990 = ORIENTED_EDGE('',*,*,#2991,.T.);
#2991 = EDGE_CURVE('',#2984,#2992,#2994,.T.);
#2992 = VERTEX_POINT('',#2993);
#2993 = CARTESIAN_POINT('',(-45.,9.814954576224,-26.));
#2994 = LINE('',#2995,#2996);
#2995 = CARTESIAN_POINT('',(-36.5,4.907477288112,-26.));
#2996 = VECTOR('',#2997,1.);
#2997 = DIRECTION('',(-0.866025403784,0.5,-3.832571465223E-17));
#2998 = ORIENTED_EDGE('',*,*,#2999,.T.);
#2999 = EDGE_CURVE('',#2992,#2920,#3000,.T.);
#3000 = LINE('',#3001,#3002);
#3001 = CARTESIAN_POINT('',(-45.,9.814954576224,-26.));
#3002 = VECTOR('',#3003,1.);
#3003 = DIRECTION('',(-0.866025403784,-0.5,-3.832571465223E-17));
#3004 = ORIENTED_EDGE('',*,*,#2936,.T.);
#3005 = FACE_BOUND('',#3006,.F.);
#3006 = EDGE_LOOP('',(#3007));
#3007 = ORIENTED_EDGE('',*,*,#3008,.F.);
#3008 = EDGE_CURVE('',#3009,#3009,#3011,.T.);
#3009 = VERTEX_POINT('',#3010);
#3010 = CARTESIAN_POINT('',(-50.,7.347880794884E-15,-26.));
#3011 = CIRCLE('',#3012,5.);
#3012 = AXIS2_PLACEMENT_3D('',#3013,#3014,#3015);
#3013 = CARTESIAN_POINT('',(-45.,5.510910596163E-15,-26.));
#3014 = DIRECTION('',(-4.42547233427E-17,5.419640528879E-33,1.));
#3015 = DIRECTION('',(-1.,1.224646799147E-16,-4.42547233427E-17));
#3016 = PLANE('',#3017);
#3017 = AXIS2_PLACEMENT_3D('',#3018,#3019,#3020);
#3018 = CARTESIAN_POINT('',(-45.,6.174521248719E-15,-26.));
#3019 = DIRECTION('',(-4.42547233427E-17,5.419640528879E-33,1.));
#3020 = DIRECTION('',(-1.,1.224646799147E-16,-4.42547233427E-17));
#3021 = ADVANCED_FACE('',(#3022,#3049),#3060,.T.);
#3022 = FACE_BOUND('',#3023,.T.);
#3023 = EDGE_LOOP('',(#3024,#3025,#3026,#3034,#3042,#3048));
#3024 = ORIENTED_EDGE('',*,*,#2889,.T.);
#3025 = ORIENTED_EDGE('',*,*,#2951,.T.);
#3026 = ORIENTED_EDGE('',*,*,#3027,.T.);
#3027 = EDGE_CURVE('',#2952,#3028,#3030,.T.);
#3028 = VERTEX_POINT('',#3029);
#3029 = CARTESIAN_POINT('',(-36.5,4.907477288112,-18.));
#3030 = LINE('',#3031,#3032);
#3031 = CARTESIAN_POINT('',(-36.5,-4.907477288112,-18.));
#3032 = VECTOR('',#3033,1.);
#3033 = DIRECTION('',(1.224646799147E-16,1.,0.));
#3034 = ORIENTED_EDGE('',*,*,#3035,.T.);
#3035 = EDGE_CURVE('',#3028,#3036,#3038,.T.);
#3036 = VERTEX_POINT('',#3037);
#3037 = CARTESIAN_POINT('',(-45.,9.814954576224,-18.));
#3038 = LINE('',#3039,#3040);
#3039 = CARTESIAN_POINT('',(-36.5,4.907477288112,-18.));
#3040 = VECTOR('',#3041,1.);
#3041 = DIRECTION('',(-0.866025403784,0.5,-3.832571465223E-17));
#3042 = ORIENTED_EDGE('',*,*,#3043,.T.);
#3043 = EDGE_CURVE('',#3036,#2922,#3044,.T.);
#3044 = LINE('',#3045,#3046);
#3045 = CARTESIAN_POINT('',(-45.,9.814954576224,-18.));
#3046 = VECTOR('',#3047,1.);
#3047 = DIRECTION('',(-0.866025403784,-0.5,-3.832571465223E-17));
#3048 = ORIENTED_EDGE('',*,*,#2929,.T.);
#3049 = FACE_BOUND('',#3050,.T.);
#3050 = EDGE_LOOP('',(#3051));
#3051 = ORIENTED_EDGE('',*,*,#3052,.F.);
#3052 = EDGE_CURVE('',#3053,#3053,#3055,.T.);
#3053 = VERTEX_POINT('',#3054);
#3054 = CARTESIAN_POINT('',(-50.,7.347880794884E-15,-18.));
#3055 = CIRCLE('',#3056,5.);
#3056 = AXIS2_PLACEMENT_3D('',#3057,#3058,#3059);
#3057 = CARTESIAN_POINT('',(-45.,5.510910596163E-15,-18.));
#3058 = DIRECTION('',(-4.42547233427E-17,5.419640528879E-33,1.));
#3059 = DIRECTION('',(-1.,1.224646799147E-16,-4.42547233427E-17));
#3060 = PLANE('',#3061);
#3061 = AXIS2_PLACEMENT_3D('',#3062,#3063,#3064);
#3062 = CARTESIAN_POINT('',(-45.,6.174521248719E-15,-18.));
#3063 = DIRECTION('',(-4.42547233427E-17,5.419640528879E-33,1.));
#3064 = DIRECTION('',(-1.,1.224646799147E-16,-4.42547233427E-17));
#3065 = ADVANCED_FACE('',(#3066),#3077,.F.);
#3066 = FACE_BOUND('',#3067,.F.);
#3067 = EDGE_LOOP('',(#3068,#3074,#3075,#3076));
#3068 = ORIENTED_EDGE('',*,*,#3069,.T.);
#3069 = EDGE_CURVE('',#2992,#3036,#3070,.T.);
#3070 = LINE('',#3071,#3072);
#3071 = CARTESIAN_POINT('',(-45.,9.814954576224,-26.));
#3072 = VECTOR('',#3073,1.);
#3073 = DIRECTION('',(-4.42547233427E-17,5.419640528879E-33,1.));
#3074 = ORIENTED_EDGE('',*,*,#3043,.T.);
#3075 = ORIENTED_EDGE('',*,*,#2919,.F.);
#3076 = ORIENTED_EDGE('',*,*,#2999,.F.);
#3077 = PLANE('',#3078);
#3078 = AXIS2_PLACEMENT_3D('',#3079,#3080,#3081);
#3079 = CARTESIAN_POINT('',(-45.,9.814954576224,-26.));
#3080 = DIRECTION('',(0.5,-0.866025403784,2.212736167135E-17));
#3081 = DIRECTION('',(-0.866025403784,-0.5,-3.832571465223E-17));
#3082 = ADVANCED_FACE('',(#3083),#3094,.F.);
#3083 = FACE_BOUND('',#3084,.F.);
#3084 = EDGE_LOOP('',(#3085,#3086,#3087,#3093));
#3085 = ORIENTED_EDGE('',*,*,#2959,.T.);
#3086 = ORIENTED_EDGE('',*,*,#3027,.T.);
#3087 = ORIENTED_EDGE('',*,*,#3088,.F.);
#3088 = EDGE_CURVE('',#2984,#3028,#3089,.T.);
#3089 = LINE('',#3090,#3091);
#3090 = CARTESIAN_POINT('',(-36.5,4.907477288112,-26.));
#3091 = VECTOR('',#3092,1.);
#3092 = DIRECTION('',(-4.42547233427E-17,5.419640528879E-33,1.));
#3093 = ORIENTED_EDGE('',*,*,#2983,.F.);
#3094 = PLANE('',#3095);
#3095 = AXIS2_PLACEMENT_3D('',#3096,#3097,#3098);
#3096 = CARTESIAN_POINT('',(-36.5,-4.907477288112,-26.));
#3097 = DIRECTION('',(-1.,1.224646799147E-16,-4.42547233427E-17));
#3098 = DIRECTION('',(1.224646799147E-16,1.,0.));
#3099 = ADVANCED_FACE('',(#3100),#3106,.F.);
#3100 = FACE_BOUND('',#3101,.F.);
#3101 = EDGE_LOOP('',(#3102,#3103,#3104,#3105));
#3102 = ORIENTED_EDGE('',*,*,#3088,.T.);
#3103 = ORIENTED_EDGE('',*,*,#3035,.T.);
#3104 = ORIENTED_EDGE('',*,*,#3069,.F.);
#3105 = ORIENTED_EDGE('',*,*,#2991,.F.);
#3106 = PLANE('',#3107);
#3107 = AXIS2_PLACEMENT_3D('',#3108,#3109,#3110);
#3108 = CARTESIAN_POINT('',(-36.5,4.907477288112,-26.));
#3109 = DIRECTION('',(-0.5,-0.866025403784,-2.212736167135E-17));
#3110 = DIRECTION('',(-0.866025403784,0.5,-3.832571465223E-17));
#3111 = ADVANCED_FACE('',(#3112),#3123,.F.);
#3112 = FACE_BOUND('',#3113,.F.);
#3113 = EDGE_LOOP('',(#3114,#3115,#3121,#3122));
#3114 = ORIENTED_EDGE('',*,*,#3052,.F.);
#3115 = ORIENTED_EDGE('',*,*,#3116,.F.);
#3116 = EDGE_CURVE('',#3009,#3053,#3117,.T.);
#3117 = LINE('',#3118,#3119);
#3118 = CARTESIAN_POINT('',(-50.,7.347880794884E-15,-27.));
#3119 = VECTOR('',#3120,1.);
#3120 = DIRECTION('',(-4.42547233427E-17,5.419640528879E-33,1.));
#3121 = ORIENTED_EDGE('',*,*,#3008,.T.);
#3122 = ORIENTED_EDGE('',*,*,#3116,.T.);
#3123 = CYLINDRICAL_SURFACE('',#3124,5.);
#3124 = AXIS2_PLACEMENT_3D('',#3125,#3126,#3127);
#3125 = CARTESIAN_POINT('',(-45.,5.510910596163E-15,-27.));
#3126 = DIRECTION('',(-4.42547233427E-17,5.419640528879E-33,1.));
#3127 = DIRECTION('',(-1.,1.224646799147E-16,-4.42547233427E-17));
#3128 = MANIFOLD_SOLID_BREP('',#3129);
#3129 = CLOSED_SHELL('',(#3130,#3170,#3201,#3232,#3276,#3320,#3337,#3354
    ,#3366));
#3130 = ADVANCED_FACE('',(#3131),#3165,.F.);
#3131 = FACE_BOUND('',#3132,.F.);
#3132 = EDGE_LOOP('',(#3133,#3143,#3151,#3159));
#3133 = ORIENTED_EDGE('',*,*,#3134,.T.);
#3134 = EDGE_CURVE('',#3135,#3137,#3139,.T.);
#3135 = VERTEX_POINT('',#3136);
#3136 = CARTESIAN_POINT('',(4.907477288112,-53.5,-26.));
#3137 = VERTEX_POINT('',#3138);
#3138 = CARTESIAN_POINT('',(4.907477288112,-53.5,-18.));
#3139 = LINE('',#3140,#3141);
#3140 = CARTESIAN_POINT('',(4.907477288112,-53.5,-26.));
#3141 = VECTOR('',#3142,1.);
#3142 = DIRECTION('',(-9.826522560696E-33,-4.42547233427E-17,1.));
#3143 = ORIENTED_EDGE('',*,*,#3144,.T.);
#3144 = EDGE_CURVE('',#3137,#3145,#3147,.T.);
#3145 = VERTEX_POINT('',#3146);
#3146 = CARTESIAN_POINT('',(9.814954576224,-45.,-18.));
#3147 = LINE('',#3148,#3149);
#3148 = CARTESIAN_POINT('',(4.907477288112,-53.5,-18.));
#3149 = VECTOR('',#3150,1.);
#3150 = DIRECTION('',(0.5,0.866025403784,3.832571465223E-17));
#3151 = ORIENTED_EDGE('',*,*,#3152,.F.);
#3152 = EDGE_CURVE('',#3153,#3145,#3155,.T.);
#3153 = VERTEX_POINT('',#3154);
#3154 = CARTESIAN_POINT('',(9.814954576224,-45.,-26.));
#3155 = LINE('',#3156,#3157);
#3156 = CARTESIAN_POINT('',(9.814954576224,-45.,-26.));
#3157 = VECTOR('',#3158,1.);
#3158 = DIRECTION('',(-9.826522560696E-33,-4.42547233427E-17,1.));
#3159 = ORIENTED_EDGE('',*,*,#3160,.F.);
#3160 = EDGE_CURVE('',#3135,#3153,#3161,.T.);
#3161 = LINE('',#3162,#3163);
#3162 = CARTESIAN_POINT('',(4.907477288112,-53.5,-26.));
#3163 = VECTOR('',#3164,1.);
#3164 = DIRECTION('',(0.5,0.866025403784,3.832571465223E-17));
#3165 = PLANE('',#3166);
#3166 = AXIS2_PLACEMENT_3D('',#3167,#3168,#3169);
#3167 = CARTESIAN_POINT('',(4.907477288112,-53.5,-26.));
#3168 = DIRECTION('',(-0.866025403784,0.5,2.212736167135E-17));
#3169 = DIRECTION('',(0.5,0.866025403784,3.832571465223E-17));
#3170 = ADVANCED_FACE('',(#3171),#3196,.F.);
#3171 = FACE_BOUND('',#3172,.F.);
#3172 = EDGE_LOOP('',(#3173,#3183,#3189,#3190));
#3173 = ORIENTED_EDGE('',*,*,#3174,.T.);
#3174 = EDGE_CURVE('',#3175,#3177,#3179,.T.);
#3175 = VERTEX_POINT('',#3176);
#3176 = CARTESIAN_POINT('',(-4.907477288112,-53.5,-26.));
#3177 = VERTEX_POINT('',#3178);
#3178 = CARTESIAN_POINT('',(-4.907477288112,-53.5,-18.));
#3179 = LINE('',#3180,#3181);
#3180 = CARTESIAN_POINT('',(-4.907477288112,-53.5,-26.));
#3181 = VECTOR('',#3182,1.);
#3182 = DIRECTION('',(-9.826522560696E-33,-4.42547233427E-17,1.));
#3183 = ORIENTED_EDGE('',*,*,#3184,.T.);
#3184 = EDGE_CURVE('',#3177,#3137,#3185,.T.);
#3185 = LINE('',#3186,#3187);
#3186 = CARTESIAN_POINT('',(-4.907477288112,-53.5,-18.));
#3187 = VECTOR('',#3188,1.);
#3188 = DIRECTION('',(1.,-5.840140517737E-16,-1.60188577288E-32));
#3189 = ORIENTED_EDGE('',*,*,#3134,.F.);
#3190 = ORIENTED_EDGE('',*,*,#3191,.F.);
#3191 = EDGE_CURVE('',#3175,#3135,#3192,.T.);
#3192 = LINE('',#3193,#3194);
#3193 = CARTESIAN_POINT('',(-4.907477288112,-53.5,-26.));
#3194 = VECTOR('',#3195,1.);
#3195 = DIRECTION('',(1.,-5.840140517737E-16,-1.60188577288E-32));
#3196 = PLANE('',#3197);
#3197 = AXIS2_PLACEMENT_3D('',#3198,#3199,#3200);
#3198 = CARTESIAN_POINT('',(-4.907477288112,-53.5,-26.));
#3199 = DIRECTION('',(5.840140517737E-16,1.,4.42547233427E-17));
#3200 = DIRECTION('',(1.,-5.840140517737E-16,-1.60188577288E-32));
#3201 = ADVANCED_FACE('',(#3202),#3227,.F.);
#3202 = FACE_BOUND('',#3203,.F.);
#3203 = EDGE_LOOP('',(#3204,#3205,#3213,#3221));
#3204 = ORIENTED_EDGE('',*,*,#3152,.T.);
#3205 = ORIENTED_EDGE('',*,*,#3206,.T.);
#3206 = EDGE_CURVE('',#3145,#3207,#3209,.T.);
#3207 = VERTEX_POINT('',#3208);
#3208 = CARTESIAN_POINT('',(4.907477288112,-36.5,-18.));
#3209 = LINE('',#3210,#3211);
#3210 = CARTESIAN_POINT('',(9.814954576224,-45.,-18.));
#3211 = VECTOR('',#3212,1.);
#3212 = DIRECTION('',(-0.5,0.866025403784,3.832571465223E-17));
#3213 = ORIENTED_EDGE('',*,*,#3214,.F.);
#3214 = EDGE_CURVE('',#3215,#3207,#3217,.T.);
#3215 = VERTEX_POINT('',#3216);
#3216 = CARTESIAN_POINT('',(4.907477288112,-36.5,-26.));
#3217 = LINE('',#3218,#3219);
#3218 = CARTESIAN_POINT('',(4.907477288112,-36.5,-26.));
#3219 = VECTOR('',#3220,1.);
#3220 = DIRECTION('',(-9.826522560696E-33,-4.42547233427E-17,1.));
#3221 = ORIENTED_EDGE('',*,*,#3222,.F.);
#3222 = EDGE_CURVE('',#3153,#3215,#3223,.T.);
#3223 = LINE('',#3224,#3225);
#3224 = CARTESIAN_POINT('',(9.814954576224,-45.,-26.));
#3225 = VECTOR('',#3226,1.);
#3226 = DIRECTION('',(-0.5,0.866025403784,3.832571465223E-17));
#3227 = PLANE('',#3228);
#3228 = AXIS2_PLACEMENT_3D('',#3229,#3230,#3231);
#3229 = CARTESIAN_POINT('',(9.814954576224,-45.,-26.));
#3230 = DIRECTION('',(-0.866025403784,-0.5,-2.212736167135E-17));
#3231 = DIRECTION('',(-0.5,0.866025403784,3.832571465223E-17));
#3232 = ADVANCED_FACE('',(#3233,#3260),#3271,.F.);
#3233 = FACE_BOUND('',#3234,.F.);
#3234 = EDGE_LOOP('',(#3235,#3236,#3237,#3245,#3253,#3259));
#3235 = ORIENTED_EDGE('',*,*,#3160,.T.);
#3236 = ORIENTED_EDGE('',*,*,#3222,.T.);
#3237 = ORIENTED_EDGE('',*,*,#3238,.T.);
#3238 = EDGE_CURVE('',#3215,#3239,#3241,.T.);
#3239 = VERTEX_POINT('',#3240);
#3240 = CARTESIAN_POINT('',(-4.907477288112,-36.5,-26.));
#3241 = LINE('',#3242,#3243);
#3242 = CARTESIAN_POINT('',(4.907477288112,-36.5,-26.));
#3243 = VECTOR('',#3244,1.);
#3244 = DIRECTION('',(-1.,2.22044604925E-16,0.));
#3245 = ORIENTED_EDGE('',*,*,#3246,.T.);
#3246 = EDGE_CURVE('',#3239,#3247,#3249,.T.);
#3247 = VERTEX_POINT('',#3248);
#3248 = CARTESIAN_POINT('',(-9.814954576224,-45.,-26.));
#3249 = LINE('',#3250,#3251);
#3250 = CARTESIAN_POINT('',(-4.907477288112,-36.5,-26.));
#3251 = VECTOR('',#3252,1.);
#3252 = DIRECTION('',(-0.5,-0.866025403784,-3.832571465223E-17));
#3253 = ORIENTED_EDGE('',*,*,#3254,.T.);
#3254 = EDGE_CURVE('',#3247,#3175,#3255,.T.);
#3255 = LINE('',#3256,#3257);
#3256 = CARTESIAN_POINT('',(-9.814954576224,-45.,-26.));
#3257 = VECTOR('',#3258,1.);
#3258 = DIRECTION('',(0.5,-0.866025403784,-3.832571465223E-17));
#3259 = ORIENTED_EDGE('',*,*,#3191,.T.);
#3260 = FACE_BOUND('',#3261,.F.);
#3261 = EDGE_LOOP('',(#3262));
#3262 = ORIENTED_EDGE('',*,*,#3263,.F.);
#3263 = EDGE_CURVE('',#3264,#3264,#3266,.T.);
#3264 = VERTEX_POINT('',#3265);
#3265 = CARTESIAN_POINT('',(-1.23268770454E-14,-50.,-26.));
#3266 = CIRCLE('',#3267,5.);
#3267 = AXIS2_PLACEMENT_3D('',#3268,#3269,#3270);
#3268 = CARTESIAN_POINT('',(-9.992007221626E-15,-45.,-26.));
#3269 = DIRECTION('',(-9.826522560696E-33,-4.42547233427E-17,1.));
#3270 = DIRECTION('',(-2.22044604925E-16,-1.,-4.42547233427E-17));
#3271 = PLANE('',#3272);
#3272 = AXIS2_PLACEMENT_3D('',#3273,#3274,#3275);
#3273 = CARTESIAN_POINT('',(-1.065561787418E-14,-45.,-26.));
#3274 = DIRECTION('',(-9.826522560696E-33,-4.42547233427E-17,1.));
#3275 = DIRECTION('',(-2.22044604925E-16,-1.,-4.42547233427E-17));
#3276 = ADVANCED_FACE('',(#3277,#3304),#3315,.T.);
#3277 = FACE_BOUND('',#3278,.T.);
#3278 = EDGE_LOOP('',(#3279,#3280,#3281,#3289,#3297,#3303));
#3279 = ORIENTED_EDGE('',*,*,#3144,.T.);
#3280 = ORIENTED_EDGE('',*,*,#3206,.T.);
#3281 = ORIENTED_EDGE('',*,*,#3282,.T.);
#3282 = EDGE_CURVE('',#3207,#3283,#3285,.T.);
#3283 = VERTEX_POINT('',#3284);
#3284 = CARTESIAN_POINT('',(-4.907477288112,-36.5,-18.));
#3285 = LINE('',#3286,#3287);
#3286 = CARTESIAN_POINT('',(4.907477288112,-36.5,-18.));
#3287 = VECTOR('',#3288,1.);
#3288 = DIRECTION('',(-1.,2.22044604925E-16,0.));
#3289 = ORIENTED_EDGE('',*,*,#3290,.T.);
#3290 = EDGE_CURVE('',#3283,#3291,#3293,.T.);
#3291 = VERTEX_POINT('',#3292);
#3292 = CARTESIAN_POINT('',(-9.814954576224,-45.,-18.));
#3293 = LINE('',#3294,#3295);
#3294 = CARTESIAN_POINT('',(-4.907477288112,-36.5,-18.));
#3295 = VECTOR('',#3296,1.);
#3296 = DIRECTION('',(-0.5,-0.866025403784,-3.832571465223E-17));
#3297 = ORIENTED_EDGE('',*,*,#3298,.T.);
#3298 = EDGE_CURVE('',#3291,#3177,#3299,.T.);
#3299 = LINE('',#3300,#3301);
#3300 = CARTESIAN_POINT('',(-9.814954576224,-45.,-18.));
#3301 = VECTOR('',#3302,1.);
#3302 = DIRECTION('',(0.5,-0.866025403784,-3.832571465223E-17));
#3303 = ORIENTED_EDGE('',*,*,#3184,.T.);
#3304 = FACE_BOUND('',#3305,.T.);
#3305 = EDGE_LOOP('',(#3306));
#3306 = ORIENTED_EDGE('',*,*,#3307,.F.);
#3307 = EDGE_CURVE('',#3308,#3308,#3310,.T.);
#3308 = VERTEX_POINT('',#3309);
#3309 = CARTESIAN_POINT('',(-1.23268770454E-14,-50.,-18.));
#3310 = CIRCLE('',#3311,5.);
#3311 = AXIS2_PLACEMENT_3D('',#3312,#3313,#3314);
#3312 = CARTESIAN_POINT('',(-9.992007221626E-15,-45.,-18.));
#3313 = DIRECTION('',(-9.826522560696E-33,-4.42547233427E-17,1.));
#3314 = DIRECTION('',(-2.22044604925E-16,-1.,-4.42547233427E-17));
#3315 = PLANE('',#3316);
#3316 = AXIS2_PLACEMENT_3D('',#3317,#3318,#3319);
#3317 = CARTESIAN_POINT('',(-1.065561787418E-14,-45.,-18.));
#3318 = DIRECTION('',(-9.826522560696E-33,-4.42547233427E-17,1.));
#3319 = DIRECTION('',(-2.22044604925E-16,-1.,-4.42547233427E-17));
#3320 = ADVANCED_FACE('',(#3321),#3332,.F.);
#3321 = FACE_BOUND('',#3322,.F.);
#3322 = EDGE_LOOP('',(#3323,#3329,#3330,#3331));
#3323 = ORIENTED_EDGE('',*,*,#3324,.T.);
#3324 = EDGE_CURVE('',#3247,#3291,#3325,.T.);
#3325 = LINE('',#3326,#3327);
#3326 = CARTESIAN_POINT('',(-9.814954576224,-45.,-26.));
#3327 = VECTOR('',#3328,1.);
#3328 = DIRECTION('',(-9.826522560696E-33,-4.42547233427E-17,1.));
#3329 = ORIENTED_EDGE('',*,*,#3298,.T.);
#3330 = ORIENTED_EDGE('',*,*,#3174,.F.);
#3331 = ORIENTED_EDGE('',*,*,#3254,.F.);
#3332 = PLANE('',#3333);
#3333 = AXIS2_PLACEMENT_3D('',#3334,#3335,#3336);
#3334 = CARTESIAN_POINT('',(-9.814954576224,-45.,-26.));
#3335 = DIRECTION('',(0.866025403784,0.5,2.212736167135E-17));
#3336 = DIRECTION('',(0.5,-0.866025403784,-3.832571465223E-17));
#3337 = ADVANCED_FACE('',(#3338),#3349,.F.);
#3338 = FACE_BOUND('',#3339,.F.);
#3339 = EDGE_LOOP('',(#3340,#3341,#3342,#3348));
#3340 = ORIENTED_EDGE('',*,*,#3214,.T.);
#3341 = ORIENTED_EDGE('',*,*,#3282,.T.);
#3342 = ORIENTED_EDGE('',*,*,#3343,.F.);
#3343 = EDGE_CURVE('',#3239,#3283,#3344,.T.);
#3344 = LINE('',#3345,#3346);
#3345 = CARTESIAN_POINT('',(-4.907477288112,-36.5,-26.));
#3346 = VECTOR('',#3347,1.);
#3347 = DIRECTION('',(-9.826522560696E-33,-4.42547233427E-17,1.));
#3348 = ORIENTED_EDGE('',*,*,#3238,.F.);
#3349 = PLANE('',#3350);
#3350 = AXIS2_PLACEMENT_3D('',#3351,#3352,#3353);
#3351 = CARTESIAN_POINT('',(4.907477288112,-36.5,-26.));
#3352 = DIRECTION('',(-2.22044604925E-16,-1.,-4.42547233427E-17));
#3353 = DIRECTION('',(-1.,2.22044604925E-16,0.));
#3354 = ADVANCED_FACE('',(#3355),#3361,.F.);
#3355 = FACE_BOUND('',#3356,.F.);
#3356 = EDGE_LOOP('',(#3357,#3358,#3359,#3360));
#3357 = ORIENTED_EDGE('',*,*,#3343,.T.);
#3358 = ORIENTED_EDGE('',*,*,#3290,.T.);
#3359 = ORIENTED_EDGE('',*,*,#3324,.F.);
#3360 = ORIENTED_EDGE('',*,*,#3246,.F.);
#3361 = PLANE('',#3362);
#3362 = AXIS2_PLACEMENT_3D('',#3363,#3364,#3365);
#3363 = CARTESIAN_POINT('',(-4.907477288112,-36.5,-26.));
#3364 = DIRECTION('',(0.866025403784,-0.5,-2.212736167135E-17));
#3365 = DIRECTION('',(-0.5,-0.866025403784,-3.832571465223E-17));
#3366 = ADVANCED_FACE('',(#3367),#3378,.F.);
#3367 = FACE_BOUND('',#3368,.F.);
#3368 = EDGE_LOOP('',(#3369,#3370,#3376,#3377));
#3369 = ORIENTED_EDGE('',*,*,#3307,.F.);
#3370 = ORIENTED_EDGE('',*,*,#3371,.F.);
#3371 = EDGE_CURVE('',#3264,#3308,#3372,.T.);
#3372 = LINE('',#3373,#3374);
#3373 = CARTESIAN_POINT('',(-1.23268770454E-14,-50.,-27.));
#3374 = VECTOR('',#3375,1.);
#3375 = DIRECTION('',(-9.826522560696E-33,-4.42547233427E-17,1.));
#3376 = ORIENTED_EDGE('',*,*,#3263,.T.);
#3377 = ORIENTED_EDGE('',*,*,#3371,.T.);
#3378 = CYLINDRICAL_SURFACE('',#3379,5.);
#3379 = AXIS2_PLACEMENT_3D('',#3380,#3381,#3382);
#3380 = CARTESIAN_POINT('',(-9.992007221626E-15,-45.,-27.));
#3381 = DIRECTION('',(-9.826522560696E-33,-4.42547233427E-17,1.));
#3382 = DIRECTION('',(-2.22044604925E-16,-1.,-4.42547233427E-17));
#3383 = ( GEOMETRIC_REPRESENTATION_CONTEXT(3) 
GLOBAL_UNCERTAINTY_ASSIGNED_CONTEXT((#3387)) 
GLOBAL_UNIT_ASSIGNED_CONTEXT((#3384,#3385,#3386)) REPRESENTATION_CONTEXT
('Context #1','3D Context with UNIT and UNCERTAINTY') );
#3384 = ( LENGTH_UNIT() NAMED_UNIT(*) SI_UNIT(.MILLI.,.METRE.) );
#3385 = ( NAMED_UNIT(*) PLANE_ANGLE_UNIT() SI_UNIT($,.RADIAN.) );
#3386 = ( NAMED_UNIT(*) SI_UNIT($,.STERADIAN.) SOLID_ANGLE_UNIT() );
#3387 = UNCERTAINTY_MEASURE_WITH_UNIT(LENGTH_MEASURE(1.E-05),#3384,
  'distance_accuracy_value','confusion accuracy');
#3388 = PRODUCT_RELATED_PRODUCT_CATEGORY('part',$,(#7));
ENDSEC;
END-ISO-10303-21;
